[{
  "dateTime" : "02/26/18 08:23:00",
  "value" : "10"
},{
  "dateTime" : "02/26/18 10:31:00",
  "value" : "10"
},{
  "dateTime" : "02/26/18 10:33:00",
  "value" : "10"
},{
  "dateTime" : "02/26/18 12:41:00",
  "value" : "10"
},{
  "dateTime" : "02/26/18 12:42:00",
  "value" : "10"
},{
  "dateTime" : "02/26/18 12:43:00",
  "value" : "10"
},{
  "dateTime" : "02/26/18 12:44:00",
  "value" : "20"
},{
  "dateTime" : "02/26/18 13:00:00",
  "value" : "10"
},{
  "dateTime" : "02/26/18 13:02:00",
  "value" : "10"
},{
  "dateTime" : "02/26/18 13:04:00",
  "value" : "10"
},{
  "dateTime" : "02/26/18 14:11:00",
  "value" : "10"
},{
  "dateTime" : "02/27/18 05:33:00",
  "value" : "10"
},{
  "dateTime" : "02/27/18 05:48:00",
  "value" : "10"
},{
  "dateTime" : "02/27/18 09:37:00",
  "value" : "10"
},{
  "dateTime" : "02/27/18 10:06:00",
  "value" : "10"
},{
  "dateTime" : "02/27/18 10:07:00",
  "value" : "20"
},{
  "dateTime" : "02/27/18 10:08:00",
  "value" : "10"
},{
  "dateTime" : "02/27/18 11:23:00",
  "value" : "10"
},{
  "dateTime" : "02/27/18 11:24:00",
  "value" : "10"
},{
  "dateTime" : "02/27/18 11:25:00",
  "value" : "10"
},{
  "dateTime" : "02/27/18 11:27:00",
  "value" : "20"
},{
  "dateTime" : "02/27/18 11:28:00",
  "value" : "20"
},{
  "dateTime" : "02/27/18 11:29:00",
  "value" : "10"
},{
  "dateTime" : "02/27/18 11:30:00",
  "value" : "10"
},{
  "dateTime" : "02/27/18 11:53:00",
  "value" : "10"
},{
  "dateTime" : "02/27/18 11:54:00",
  "value" : "10"
},{
  "dateTime" : "02/27/18 11:55:00",
  "value" : "10"
},{
  "dateTime" : "02/27/18 11:56:00",
  "value" : "20"
},{
  "dateTime" : "02/27/18 11:58:00",
  "value" : "20"
},{
  "dateTime" : "02/27/18 11:59:00",
  "value" : "20"
},{
  "dateTime" : "02/27/18 12:00:00",
  "value" : "10"
},{
  "dateTime" : "02/27/18 12:01:00",
  "value" : "10"
},{
  "dateTime" : "02/27/18 12:17:00",
  "value" : "10"
},{
  "dateTime" : "02/27/18 19:35:00",
  "value" : "10"
},{
  "dateTime" : "02/27/18 22:34:00",
  "value" : "10"
},{
  "dateTime" : "02/28/18 08:02:00",
  "value" : "10"
},{
  "dateTime" : "02/28/18 08:54:00",
  "value" : "10"
},{
  "dateTime" : "02/28/18 14:33:00",
  "value" : "10"
},{
  "dateTime" : "02/28/18 15:30:00",
  "value" : "10"
},{
  "dateTime" : "02/28/18 19:41:00",
  "value" : "10"
},{
  "dateTime" : "02/28/18 21:29:00",
  "value" : "10"
},{
  "dateTime" : "02/28/18 21:30:00",
  "value" : "20"
},{
  "dateTime" : "02/28/18 21:32:00",
  "value" : "10"
},{
  "dateTime" : "02/28/18 21:33:00",
  "value" : "10"
},{
  "dateTime" : "03/01/18 00:17:00",
  "value" : "10"
},{
  "dateTime" : "03/01/18 07:58:00",
  "value" : "10"
},{
  "dateTime" : "03/01/18 09:35:00",
  "value" : "10"
},{
  "dateTime" : "03/01/18 10:00:00",
  "value" : "10"
},{
  "dateTime" : "03/01/18 10:01:00",
  "value" : "20"
},{
  "dateTime" : "03/01/18 10:02:00",
  "value" : "10"
},{
  "dateTime" : "03/01/18 21:15:00",
  "value" : "10"
},{
  "dateTime" : "03/01/18 22:52:00",
  "value" : "10"
},{
  "dateTime" : "03/02/18 11:23:00",
  "value" : "10"
},{
  "dateTime" : "03/02/18 11:30:00",
  "value" : "20"
},{
  "dateTime" : "03/02/18 11:31:00",
  "value" : "10"
},{
  "dateTime" : "03/02/18 11:32:00",
  "value" : "20"
},{
  "dateTime" : "03/02/18 11:33:00",
  "value" : "10"
},{
  "dateTime" : "03/02/18 11:34:00",
  "value" : "30"
},{
  "dateTime" : "03/02/18 12:37:00",
  "value" : "10"
},{
  "dateTime" : "03/03/18 07:33:00",
  "value" : "10"
},{
  "dateTime" : "03/03/18 07:38:00",
  "value" : "10"
},{
  "dateTime" : "03/03/18 08:49:00",
  "value" : "10"
},{
  "dateTime" : "03/03/18 08:50:00",
  "value" : "10"
},{
  "dateTime" : "03/03/18 08:53:00",
  "value" : "10"
},{
  "dateTime" : "03/03/18 08:54:00",
  "value" : "10"
},{
  "dateTime" : "03/03/18 08:56:00",
  "value" : "10"
},{
  "dateTime" : "03/03/18 09:09:00",
  "value" : "10"
},{
  "dateTime" : "03/03/18 09:11:00",
  "value" : "10"
},{
  "dateTime" : "03/03/18 09:13:00",
  "value" : "10"
},{
  "dateTime" : "03/03/18 09:14:00",
  "value" : "10"
},{
  "dateTime" : "03/03/18 09:15:00",
  "value" : "10"
},{
  "dateTime" : "03/03/18 09:18:00",
  "value" : "10"
},{
  "dateTime" : "03/03/18 09:19:00",
  "value" : "10"
},{
  "dateTime" : "03/03/18 09:29:00",
  "value" : "10"
},{
  "dateTime" : "03/03/18 09:30:00",
  "value" : "20"
},{
  "dateTime" : "03/03/18 09:31:00",
  "value" : "20"
},{
  "dateTime" : "03/03/18 09:39:00",
  "value" : "10"
},{
  "dateTime" : "03/03/18 12:27:00",
  "value" : "10"
},{
  "dateTime" : "03/03/18 17:30:00",
  "value" : "10"
},{
  "dateTime" : "03/04/18 00:58:00",
  "value" : "10"
},{
  "dateTime" : "03/04/18 12:52:00",
  "value" : "10"
},{
  "dateTime" : "03/04/18 12:53:00",
  "value" : "10"
},{
  "dateTime" : "03/04/18 13:19:00",
  "value" : "10"
},{
  "dateTime" : "03/04/18 17:12:00",
  "value" : "20"
},{
  "dateTime" : "03/04/18 17:13:00",
  "value" : "10"
},{
  "dateTime" : "03/04/18 17:14:00",
  "value" : "10"
},{
  "dateTime" : "03/04/18 17:15:00",
  "value" : "10"
},{
  "dateTime" : "03/04/18 21:00:00",
  "value" : "10"
},{
  "dateTime" : "03/05/18 09:27:00",
  "value" : "10"
},{
  "dateTime" : "03/05/18 09:45:00",
  "value" : "10"
},{
  "dateTime" : "03/05/18 11:59:00",
  "value" : "10"
},{
  "dateTime" : "03/05/18 12:04:00",
  "value" : "10"
},{
  "dateTime" : "03/05/18 12:05:00",
  "value" : "10"
},{
  "dateTime" : "03/05/18 12:06:00",
  "value" : "30"
},{
  "dateTime" : "03/05/18 12:07:00",
  "value" : "30"
},{
  "dateTime" : "03/05/18 12:08:00",
  "value" : "10"
},{
  "dateTime" : "03/05/18 12:09:00",
  "value" : "30"
},{
  "dateTime" : "03/05/18 13:11:00",
  "value" : "10"
},{
  "dateTime" : "03/06/18 08:56:00",
  "value" : "10"
},{
  "dateTime" : "03/06/18 09:23:00",
  "value" : "10"
},{
  "dateTime" : "03/06/18 09:53:00",
  "value" : "20"
},{
  "dateTime" : "03/06/18 09:54:00",
  "value" : "20"
},{
  "dateTime" : "03/06/18 10:57:00",
  "value" : "10"
},{
  "dateTime" : "03/06/18 10:58:00",
  "value" : "10"
},{
  "dateTime" : "03/06/18 10:59:00",
  "value" : "10"
},{
  "dateTime" : "03/06/18 11:01:00",
  "value" : "20"
},{
  "dateTime" : "03/06/18 11:02:00",
  "value" : "10"
},{
  "dateTime" : "03/06/18 11:03:00",
  "value" : "20"
},{
  "dateTime" : "03/06/18 11:23:00",
  "value" : "10"
},{
  "dateTime" : "03/06/18 12:26:00",
  "value" : "10"
},{
  "dateTime" : "03/06/18 12:27:00",
  "value" : "30"
},{
  "dateTime" : "03/06/18 12:28:00",
  "value" : "10"
},{
  "dateTime" : "03/06/18 12:29:00",
  "value" : "10"
},{
  "dateTime" : "03/06/18 12:30:00",
  "value" : "10"
},{
  "dateTime" : "03/06/18 12:31:00",
  "value" : "20"
},{
  "dateTime" : "03/06/18 12:43:00",
  "value" : "10"
},{
  "dateTime" : "03/06/18 12:53:00",
  "value" : "10"
},{
  "dateTime" : "03/07/18 05:37:00",
  "value" : "10"
},{
  "dateTime" : "03/07/18 05:49:00",
  "value" : "10"
},{
  "dateTime" : "03/07/18 05:57:00",
  "value" : "10"
},{
  "dateTime" : "03/07/18 08:47:00",
  "value" : "10"
},{
  "dateTime" : "03/07/18 08:48:00",
  "value" : "10"
},{
  "dateTime" : "03/07/18 12:19:00",
  "value" : "10"
},{
  "dateTime" : "03/07/18 12:23:00",
  "value" : "10"
},{
  "dateTime" : "03/07/18 14:25:00",
  "value" : "10"
},{
  "dateTime" : "03/07/18 14:29:00",
  "value" : "10"
},{
  "dateTime" : "03/07/18 14:30:00",
  "value" : "20"
},{
  "dateTime" : "03/07/18 14:31:00",
  "value" : "20"
},{
  "dateTime" : "03/07/18 14:44:00",
  "value" : "20"
},{
  "dateTime" : "03/07/18 14:46:00",
  "value" : "10"
},{
  "dateTime" : "03/07/18 14:47:00",
  "value" : "10"
},{
  "dateTime" : "03/07/18 14:48:00",
  "value" : "10"
},{
  "dateTime" : "03/07/18 14:49:00",
  "value" : "10"
},{
  "dateTime" : "03/07/18 14:54:00",
  "value" : "10"
},{
  "dateTime" : "03/07/18 20:05:00",
  "value" : "10"
},{
  "dateTime" : "03/07/18 21:48:00",
  "value" : "10"
},{
  "dateTime" : "03/08/18 05:44:00",
  "value" : "10"
},{
  "dateTime" : "03/08/18 05:51:00",
  "value" : "10"
},{
  "dateTime" : "03/08/18 09:28:00",
  "value" : "10"
},{
  "dateTime" : "03/08/18 10:01:00",
  "value" : "10"
},{
  "dateTime" : "03/08/18 10:09:00",
  "value" : "20"
},{
  "dateTime" : "03/08/18 14:39:00",
  "value" : "10"
},{
  "dateTime" : "03/08/18 16:07:00",
  "value" : "10"
},{
  "dateTime" : "03/09/18 07:34:00",
  "value" : "10"
},{
  "dateTime" : "03/09/18 09:25:00",
  "value" : "10"
},{
  "dateTime" : "03/09/18 09:26:00",
  "value" : "20"
},{
  "dateTime" : "03/09/18 09:27:00",
  "value" : "20"
},{
  "dateTime" : "03/09/18 09:28:00",
  "value" : "10"
},{
  "dateTime" : "03/09/18 09:29:00",
  "value" : "10"
},{
  "dateTime" : "03/09/18 09:30:00",
  "value" : "10"
},{
  "dateTime" : "03/09/18 09:31:00",
  "value" : "20"
},{
  "dateTime" : "03/09/18 09:32:00",
  "value" : "10"
},{
  "dateTime" : "03/09/18 11:23:00",
  "value" : "10"
},{
  "dateTime" : "03/09/18 19:19:00",
  "value" : "10"
},{
  "dateTime" : "03/10/18 07:42:00",
  "value" : "10"
},{
  "dateTime" : "03/10/18 07:47:00",
  "value" : "10"
},{
  "dateTime" : "03/10/18 08:50:00",
  "value" : "10"
},{
  "dateTime" : "03/10/18 09:10:00",
  "value" : "10"
},{
  "dateTime" : "03/10/18 09:23:00",
  "value" : "10"
},{
  "dateTime" : "03/10/18 09:24:00",
  "value" : "10"
},{
  "dateTime" : "03/10/18 09:26:00",
  "value" : "10"
},{
  "dateTime" : "03/10/18 09:27:00",
  "value" : "10"
},{
  "dateTime" : "03/10/18 10:43:00",
  "value" : "10"
},{
  "dateTime" : "03/10/18 14:00:00",
  "value" : "10"
},{
  "dateTime" : "03/10/18 18:54:00",
  "value" : "10"
},{
  "dateTime" : "03/10/18 18:55:00",
  "value" : "40"
},{
  "dateTime" : "03/11/18 09:15:00",
  "value" : "10"
},{
  "dateTime" : "03/11/18 12:00:00",
  "value" : "20"
},{
  "dateTime" : "03/11/18 12:02:00",
  "value" : "20"
},{
  "dateTime" : "03/11/18 14:49:00",
  "value" : "10"
},{
  "dateTime" : "03/11/18 18:15:00",
  "value" : "10"
},{
  "dateTime" : "03/11/18 18:20:00",
  "value" : "20"
},{
  "dateTime" : "03/11/18 18:21:00",
  "value" : "20"
},{
  "dateTime" : "03/11/18 18:22:00",
  "value" : "30"
},{
  "dateTime" : "03/11/18 18:23:00",
  "value" : "10"
},{
  "dateTime" : "03/11/18 23:06:00",
  "value" : "10"
},{
  "dateTime" : "03/12/18 05:42:00",
  "value" : "10"
},{
  "dateTime" : "03/12/18 05:51:00",
  "value" : "10"
},{
  "dateTime" : "03/12/18 07:03:00",
  "value" : "10"
},{
  "dateTime" : "03/12/18 08:02:00",
  "value" : "10"
},{
  "dateTime" : "03/12/18 08:44:00",
  "value" : "10"
},{
  "dateTime" : "03/12/18 08:48:00",
  "value" : "10"
},{
  "dateTime" : "03/12/18 08:49:00",
  "value" : "10"
},{
  "dateTime" : "03/12/18 08:50:00",
  "value" : "20"
},{
  "dateTime" : "03/12/18 08:51:00",
  "value" : "10"
},{
  "dateTime" : "03/12/18 08:52:00",
  "value" : "10"
},{
  "dateTime" : "03/12/18 08:53:00",
  "value" : "20"
},{
  "dateTime" : "03/12/18 08:54:00",
  "value" : "10"
},{
  "dateTime" : "03/12/18 08:55:00",
  "value" : "10"
},{
  "dateTime" : "03/12/18 10:51:00",
  "value" : "10"
},{
  "dateTime" : "03/12/18 11:19:00",
  "value" : "10"
},{
  "dateTime" : "03/12/18 14:21:00",
  "value" : "10"
},{
  "dateTime" : "03/13/18 07:47:00",
  "value" : "10"
},{
  "dateTime" : "03/13/18 08:38:00",
  "value" : "10"
},{
  "dateTime" : "03/13/18 09:17:00",
  "value" : "10"
},{
  "dateTime" : "03/13/18 09:52:00",
  "value" : "20"
},{
  "dateTime" : "03/13/18 09:53:00",
  "value" : "20"
},{
  "dateTime" : "03/13/18 11:04:00",
  "value" : "10"
},{
  "dateTime" : "03/13/18 11:05:00",
  "value" : "10"
},{
  "dateTime" : "03/13/18 11:06:00",
  "value" : "10"
},{
  "dateTime" : "03/13/18 11:08:00",
  "value" : "10"
},{
  "dateTime" : "03/13/18 11:09:00",
  "value" : "20"
},{
  "dateTime" : "03/13/18 11:10:00",
  "value" : "20"
},{
  "dateTime" : "03/14/18 05:41:00",
  "value" : "10"
},{
  "dateTime" : "03/14/18 05:53:00",
  "value" : "10"
},{
  "dateTime" : "03/14/18 06:00:00",
  "value" : "10"
},{
  "dateTime" : "03/14/18 07:20:00",
  "value" : "10"
},{
  "dateTime" : "03/14/18 07:48:00",
  "value" : "10"
},{
  "dateTime" : "03/14/18 07:49:00",
  "value" : "10"
},{
  "dateTime" : "03/14/18 08:48:00",
  "value" : "10"
},{
  "dateTime" : "03/14/18 12:40:00",
  "value" : "10"
},{
  "dateTime" : "03/14/18 13:06:00",
  "value" : "10"
},{
  "dateTime" : "03/14/18 13:16:00",
  "value" : "20"
},{
  "dateTime" : "03/14/18 15:47:00",
  "value" : "10"
},{
  "dateTime" : "03/14/18 18:07:00",
  "value" : "10"
},{
  "dateTime" : "03/15/18 09:34:00",
  "value" : "10"
},{
  "dateTime" : "03/15/18 09:53:00",
  "value" : "10"
},{
  "dateTime" : "03/15/18 10:01:00",
  "value" : "20"
},{
  "dateTime" : "03/15/18 10:02:00",
  "value" : "20"
},{
  "dateTime" : "03/15/18 17:03:00",
  "value" : "10"
},{
  "dateTime" : "03/15/18 19:17:00",
  "value" : "10"
},{
  "dateTime" : "03/15/18 19:18:00",
  "value" : "10"
},{
  "dateTime" : "03/15/18 19:19:00",
  "value" : "10"
},{
  "dateTime" : "03/15/18 19:23:00",
  "value" : "10"
},{
  "dateTime" : "03/15/18 19:25:00",
  "value" : "10"
},{
  "dateTime" : "03/15/18 19:39:00",
  "value" : "10"
},{
  "dateTime" : "03/15/18 20:19:00",
  "value" : "10"
},{
  "dateTime" : "03/15/18 21:39:00",
  "value" : "10"
},{
  "dateTime" : "03/16/18 00:34:00",
  "value" : "10"
},{
  "dateTime" : "03/16/18 10:06:00",
  "value" : "10"
},{
  "dateTime" : "03/16/18 10:36:00",
  "value" : "10"
},{
  "dateTime" : "03/16/18 10:38:00",
  "value" : "10"
},{
  "dateTime" : "03/16/18 13:22:00",
  "value" : "10"
},{
  "dateTime" : "03/16/18 14:11:00",
  "value" : "10"
},{
  "dateTime" : "03/16/18 18:39:00",
  "value" : "10"
},{
  "dateTime" : "03/17/18 07:35:00",
  "value" : "10"
},{
  "dateTime" : "03/17/18 08:49:00",
  "value" : "10"
},{
  "dateTime" : "03/17/18 10:30:00",
  "value" : "10"
},{
  "dateTime" : "03/17/18 17:37:00",
  "value" : "10"
},{
  "dateTime" : "03/17/18 18:41:00",
  "value" : "10"
},{
  "dateTime" : "03/17/18 22:12:00",
  "value" : "10"
},{
  "dateTime" : "03/17/18 22:42:00",
  "value" : "10"
},{
  "dateTime" : "03/17/18 22:50:00",
  "value" : "10"
},{
  "dateTime" : "03/18/18 02:26:00",
  "value" : "10"
},{
  "dateTime" : "03/18/18 11:09:00",
  "value" : "10"
},{
  "dateTime" : "03/18/18 13:04:00",
  "value" : "10"
},{
  "dateTime" : "03/18/18 13:08:00",
  "value" : "10"
},{
  "dateTime" : "03/18/18 13:29:00",
  "value" : "20"
},{
  "dateTime" : "03/18/18 14:50:00",
  "value" : "10"
},{
  "dateTime" : "03/18/18 15:04:00",
  "value" : "10"
},{
  "dateTime" : "03/19/18 10:26:00",
  "value" : "20"
},{
  "dateTime" : "03/19/18 10:27:00",
  "value" : "20"
},{
  "dateTime" : "03/19/18 10:28:00",
  "value" : "10"
},{
  "dateTime" : "03/19/18 10:32:00",
  "value" : "10"
},{
  "dateTime" : "03/19/18 10:33:00",
  "value" : "20"
},{
  "dateTime" : "03/19/18 10:34:00",
  "value" : "10"
},{
  "dateTime" : "03/19/18 10:44:00",
  "value" : "10"
},{
  "dateTime" : "03/19/18 10:45:00",
  "value" : "10"
},{
  "dateTime" : "03/19/18 12:24:00",
  "value" : "10"
},{
  "dateTime" : "03/19/18 13:11:00",
  "value" : "10"
},{
  "dateTime" : "03/19/18 13:12:00",
  "value" : "10"
},{
  "dateTime" : "03/19/18 13:37:00",
  "value" : "10"
},{
  "dateTime" : "03/19/18 13:41:00",
  "value" : "10"
},{
  "dateTime" : "03/19/18 13:56:00",
  "value" : "10"
},{
  "dateTime" : "03/19/18 13:58:00",
  "value" : "10"
},{
  "dateTime" : "03/19/18 15:57:00",
  "value" : "10"
},{
  "dateTime" : "03/19/18 22:39:00",
  "value" : "10"
},{
  "dateTime" : "03/20/18 08:14:00",
  "value" : "10"
},{
  "dateTime" : "03/20/18 08:15:00",
  "value" : "10"
},{
  "dateTime" : "03/20/18 08:16:00",
  "value" : "10"
},{
  "dateTime" : "03/20/18 08:17:00",
  "value" : "10"
},{
  "dateTime" : "03/20/18 08:18:00",
  "value" : "10"
},{
  "dateTime" : "03/20/18 08:19:00",
  "value" : "30"
},{
  "dateTime" : "03/20/18 10:06:00",
  "value" : "10"
},{
  "dateTime" : "03/20/18 11:52:00",
  "value" : "10"
},{
  "dateTime" : "03/20/18 19:25:00",
  "value" : "10"
},{
  "dateTime" : "03/21/18 07:58:00",
  "value" : "10"
},{
  "dateTime" : "03/21/18 08:53:00",
  "value" : "10"
},{
  "dateTime" : "03/21/18 16:50:00",
  "value" : "20"
},{
  "dateTime" : "03/21/18 16:51:00",
  "value" : "20"
},{
  "dateTime" : "03/21/18 16:53:00",
  "value" : "20"
},{
  "dateTime" : "03/21/18 16:54:00",
  "value" : "20"
},{
  "dateTime" : "03/21/18 16:55:00",
  "value" : "10"
},{
  "dateTime" : "03/21/18 17:43:00",
  "value" : "10"
},{
  "dateTime" : "03/21/18 20:24:00",
  "value" : "10"
},{
  "dateTime" : "03/22/18 08:32:00",
  "value" : "10"
},{
  "dateTime" : "03/22/18 09:32:00",
  "value" : "10"
},{
  "dateTime" : "03/22/18 09:47:00",
  "value" : "10"
},{
  "dateTime" : "03/22/18 11:52:00",
  "value" : "10"
},{
  "dateTime" : "03/22/18 13:31:00",
  "value" : "10"
},{
  "dateTime" : "03/22/18 15:52:00",
  "value" : "10"
},{
  "dateTime" : "03/22/18 15:57:00",
  "value" : "20"
},{
  "dateTime" : "03/22/18 15:58:00",
  "value" : "10"
},{
  "dateTime" : "03/22/18 15:59:00",
  "value" : "10"
},{
  "dateTime" : "03/22/18 16:00:00",
  "value" : "30"
},{
  "dateTime" : "03/22/18 16:01:00",
  "value" : "10"
},{
  "dateTime" : "03/22/18 16:02:00",
  "value" : "30"
},{
  "dateTime" : "03/22/18 16:13:00",
  "value" : "10"
},{
  "dateTime" : "03/22/18 16:14:00",
  "value" : "10"
},{
  "dateTime" : "03/22/18 23:21:00",
  "value" : "10"
},{
  "dateTime" : "03/23/18 09:13:00",
  "value" : "10"
},{
  "dateTime" : "03/23/18 10:26:00",
  "value" : "10"
},{
  "dateTime" : "03/23/18 10:35:00",
  "value" : "20"
},{
  "dateTime" : "03/23/18 10:36:00",
  "value" : "10"
},{
  "dateTime" : "03/23/18 10:37:00",
  "value" : "20"
},{
  "dateTime" : "03/23/18 10:38:00",
  "value" : "10"
},{
  "dateTime" : "03/23/18 10:49:00",
  "value" : "10"
},{
  "dateTime" : "03/23/18 10:50:00",
  "value" : "20"
},{
  "dateTime" : "03/23/18 17:39:00",
  "value" : "10"
},{
  "dateTime" : "03/23/18 17:41:00",
  "value" : "10"
},{
  "dateTime" : "03/23/18 17:44:00",
  "value" : "10"
},{
  "dateTime" : "03/24/18 00:21:00",
  "value" : "10"
},{
  "dateTime" : "03/24/18 07:34:00",
  "value" : "10"
},{
  "dateTime" : "03/24/18 10:45:00",
  "value" : "10"
},{
  "dateTime" : "03/24/18 10:49:00",
  "value" : "10"
},{
  "dateTime" : "03/24/18 11:11:00",
  "value" : "10"
},{
  "dateTime" : "03/24/18 11:12:00",
  "value" : "10"
},{
  "dateTime" : "03/24/18 18:28:00",
  "value" : "10"
},{
  "dateTime" : "03/25/18 08:53:00",
  "value" : "10"
},{
  "dateTime" : "03/25/18 10:22:00",
  "value" : "10"
},{
  "dateTime" : "03/25/18 10:24:00",
  "value" : "10"
},{
  "dateTime" : "03/25/18 11:15:00",
  "value" : "10"
},{
  "dateTime" : "03/25/18 11:30:00",
  "value" : "10"
},{
  "dateTime" : "03/25/18 14:03:00",
  "value" : "10"
},{
  "dateTime" : "03/25/18 14:14:00",
  "value" : "20"
},{
  "dateTime" : "03/25/18 14:15:00",
  "value" : "20"
},{
  "dateTime" : "03/25/18 14:16:00",
  "value" : "30"
},{
  "dateTime" : "03/25/18 14:17:00",
  "value" : "30"
},{
  "dateTime" : "03/25/18 14:18:00",
  "value" : "10"
},{
  "dateTime" : "03/25/18 14:26:00",
  "value" : "10"
},{
  "dateTime" : "03/25/18 15:44:00",
  "value" : "10"
},{
  "dateTime" : "03/25/18 16:13:00",
  "value" : "10"
},{
  "dateTime" : "03/26/18 05:46:00",
  "value" : "10"
},{
  "dateTime" : "03/26/18 05:53:00",
  "value" : "10"
},{
  "dateTime" : "03/26/18 05:55:00",
  "value" : "10"
},{
  "dateTime" : "03/26/18 07:05:00",
  "value" : "10"
},{
  "dateTime" : "03/26/18 07:15:00",
  "value" : "10"
},{
  "dateTime" : "03/26/18 07:18:00",
  "value" : "10"
},{
  "dateTime" : "03/26/18 12:48:00",
  "value" : "10"
},{
  "dateTime" : "03/26/18 12:49:00",
  "value" : "20"
},{
  "dateTime" : "03/26/18 12:50:00",
  "value" : "10"
},{
  "dateTime" : "03/26/18 12:51:00",
  "value" : "30"
},{
  "dateTime" : "03/26/18 12:52:00",
  "value" : "10"
},{
  "dateTime" : "03/26/18 12:53:00",
  "value" : "20"
},{
  "dateTime" : "03/26/18 13:03:00",
  "value" : "10"
},{
  "dateTime" : "03/26/18 13:56:00",
  "value" : "10"
},{
  "dateTime" : "03/26/18 16:42:00",
  "value" : "10"
},{
  "dateTime" : "03/27/18 05:40:00",
  "value" : "10"
},{
  "dateTime" : "03/27/18 05:47:00",
  "value" : "10"
},{
  "dateTime" : "03/27/18 05:59:00",
  "value" : "10"
},{
  "dateTime" : "03/27/18 07:49:00",
  "value" : "10"
},{
  "dateTime" : "03/27/18 09:53:00",
  "value" : "10"
},{
  "dateTime" : "03/27/18 09:54:00",
  "value" : "20"
},{
  "dateTime" : "03/27/18 09:55:00",
  "value" : "10"
},{
  "dateTime" : "03/27/18 11:33:00",
  "value" : "10"
},{
  "dateTime" : "03/27/18 11:34:00",
  "value" : "10"
},{
  "dateTime" : "03/27/18 11:36:00",
  "value" : "10"
},{
  "dateTime" : "03/27/18 11:37:00",
  "value" : "20"
},{
  "dateTime" : "03/27/18 11:38:00",
  "value" : "20"
},{
  "dateTime" : "03/27/18 11:39:00",
  "value" : "10"
},{
  "dateTime" : "03/27/18 11:41:00",
  "value" : "10"
}]