[{
  "dateTime" : "12/23/18 11:05:00",
  "value" : "10"
},{
  "dateTime" : "12/23/18 16:22:00",
  "value" : "10"
},{
  "dateTime" : "12/23/18 16:39:00",
  "value" : "10"
},{
  "dateTime" : "12/23/18 16:48:00",
  "value" : "10"
},{
  "dateTime" : "12/23/18 17:16:00",
  "value" : "10"
},{
  "dateTime" : "12/24/18 13:38:00",
  "value" : "10"
},{
  "dateTime" : "12/24/18 13:44:00",
  "value" : "10"
},{
  "dateTime" : "12/24/18 13:47:00",
  "value" : "10"
},{
  "dateTime" : "12/24/18 13:50:00",
  "value" : "10"
},{
  "dateTime" : "12/24/18 13:54:00",
  "value" : "10"
},{
  "dateTime" : "12/24/18 13:56:00",
  "value" : "10"
},{
  "dateTime" : "12/24/18 13:58:00",
  "value" : "10"
},{
  "dateTime" : "12/24/18 15:00:00",
  "value" : "10"
},{
  "dateTime" : "12/24/18 17:48:00",
  "value" : "10"
},{
  "dateTime" : "12/24/18 17:50:00",
  "value" : "10"
},{
  "dateTime" : "12/24/18 19:09:00",
  "value" : "10"
},{
  "dateTime" : "12/24/18 19:15:00",
  "value" : "10"
},{
  "dateTime" : "12/24/18 19:51:00",
  "value" : "10"
},{
  "dateTime" : "12/24/18 19:53:00",
  "value" : "10"
},{
  "dateTime" : "12/24/18 20:36:00",
  "value" : "10"
},{
  "dateTime" : "12/24/18 21:02:00",
  "value" : "10"
},{
  "dateTime" : "12/24/18 23:11:00",
  "value" : "10"
},{
  "dateTime" : "12/24/18 23:53:00",
  "value" : "10"
},{
  "dateTime" : "12/25/18 09:50:00",
  "value" : "10"
},{
  "dateTime" : "12/25/18 11:26:00",
  "value" : "10"
},{
  "dateTime" : "12/25/18 12:17:00",
  "value" : "10"
},{
  "dateTime" : "12/25/18 13:06:00",
  "value" : "20"
},{
  "dateTime" : "12/25/18 13:28:00",
  "value" : "20"
},{
  "dateTime" : "12/25/18 14:19:00",
  "value" : "10"
},{
  "dateTime" : "12/25/18 14:21:00",
  "value" : "10"
},{
  "dateTime" : "12/25/18 14:26:00",
  "value" : "10"
},{
  "dateTime" : "12/25/18 14:29:00",
  "value" : "20"
},{
  "dateTime" : "12/25/18 15:01:00",
  "value" : "30"
},{
  "dateTime" : "12/25/18 16:24:00",
  "value" : "10"
},{
  "dateTime" : "12/25/18 16:45:00",
  "value" : "10"
},{
  "dateTime" : "12/25/18 16:46:00",
  "value" : "10"
},{
  "dateTime" : "12/25/18 17:22:00",
  "value" : "10"
},{
  "dateTime" : "12/25/18 21:24:00",
  "value" : "10"
},{
  "dateTime" : "12/25/18 21:57:00",
  "value" : "10"
},{
  "dateTime" : "12/25/18 23:06:00",
  "value" : "10"
},{
  "dateTime" : "12/26/18 09:50:00",
  "value" : "10"
},{
  "dateTime" : "12/26/18 10:04:00",
  "value" : "10"
},{
  "dateTime" : "12/26/18 10:23:00",
  "value" : "10"
},{
  "dateTime" : "12/26/18 10:29:00",
  "value" : "10"
},{
  "dateTime" : "12/26/18 11:35:00",
  "value" : "10"
},{
  "dateTime" : "12/26/18 12:55:00",
  "value" : "10"
},{
  "dateTime" : "12/26/18 13:23:00",
  "value" : "10"
},{
  "dateTime" : "12/26/18 13:27:00",
  "value" : "10"
},{
  "dateTime" : "12/26/18 14:39:00",
  "value" : "10"
},{
  "dateTime" : "12/26/18 14:47:00",
  "value" : "10"
},{
  "dateTime" : "12/26/18 18:19:00",
  "value" : "10"
},{
  "dateTime" : "12/26/18 18:33:00",
  "value" : "10"
},{
  "dateTime" : "12/26/18 21:41:00",
  "value" : "10"
},{
  "dateTime" : "12/26/18 22:36:00",
  "value" : "10"
},{
  "dateTime" : "12/26/18 23:08:00",
  "value" : "10"
},{
  "dateTime" : "12/26/18 23:13:00",
  "value" : "10"
},{
  "dateTime" : "12/27/18 09:39:00",
  "value" : "10"
},{
  "dateTime" : "12/27/18 09:51:00",
  "value" : "10"
},{
  "dateTime" : "12/28/18 08:20:00",
  "value" : "10"
},{
  "dateTime" : "12/28/18 09:56:00",
  "value" : "10"
},{
  "dateTime" : "12/28/18 11:59:00",
  "value" : "10"
},{
  "dateTime" : "12/28/18 18:47:00",
  "value" : "10"
},{
  "dateTime" : "12/28/18 22:48:00",
  "value" : "10"
},{
  "dateTime" : "12/29/18 07:30:00",
  "value" : "10"
},{
  "dateTime" : "12/29/18 14:11:00",
  "value" : "10"
},{
  "dateTime" : "12/29/18 14:18:00",
  "value" : "10"
},{
  "dateTime" : "12/29/18 14:32:00",
  "value" : "10"
},{
  "dateTime" : "12/29/18 15:54:00",
  "value" : "10"
},{
  "dateTime" : "12/29/18 16:36:00",
  "value" : "10"
},{
  "dateTime" : "12/29/18 18:24:00",
  "value" : "10"
},{
  "dateTime" : "12/29/18 22:17:00",
  "value" : "10"
},{
  "dateTime" : "12/29/18 23:14:00",
  "value" : "10"
},{
  "dateTime" : "12/30/18 12:17:00",
  "value" : "10"
},{
  "dateTime" : "12/30/18 16:36:00",
  "value" : "10"
},{
  "dateTime" : "12/30/18 17:28:00",
  "value" : "10"
},{
  "dateTime" : "12/30/18 18:11:00",
  "value" : "10"
},{
  "dateTime" : "12/30/18 20:59:00",
  "value" : "10"
},{
  "dateTime" : "12/30/18 23:35:00",
  "value" : "10"
},{
  "dateTime" : "12/31/18 11:27:00",
  "value" : "10"
},{
  "dateTime" : "12/31/18 11:52:00",
  "value" : "10"
},{
  "dateTime" : "12/31/18 11:58:00",
  "value" : "10"
},{
  "dateTime" : "12/31/18 12:08:00",
  "value" : "10"
},{
  "dateTime" : "12/31/18 13:55:00",
  "value" : "10"
},{
  "dateTime" : "12/31/18 15:38:00",
  "value" : "10"
},{
  "dateTime" : "12/31/18 16:38:00",
  "value" : "10"
},{
  "dateTime" : "12/31/18 17:00:00",
  "value" : "10"
},{
  "dateTime" : "12/31/18 17:01:00",
  "value" : "10"
},{
  "dateTime" : "12/31/18 17:02:00",
  "value" : "20"
},{
  "dateTime" : "12/31/18 17:03:00",
  "value" : "20"
},{
  "dateTime" : "12/31/18 17:04:00",
  "value" : "10"
},{
  "dateTime" : "12/31/18 18:33:00",
  "value" : "10"
},{
  "dateTime" : "12/31/18 18:53:00",
  "value" : "10"
},{
  "dateTime" : "12/31/18 18:57:00",
  "value" : "10"
},{
  "dateTime" : "12/31/18 19:13:00",
  "value" : "30"
},{
  "dateTime" : "12/31/18 19:16:00",
  "value" : "10"
},{
  "dateTime" : "12/31/18 19:17:00",
  "value" : "10"
},{
  "dateTime" : "01/01/19 01:33:00",
  "value" : "10"
},{
  "dateTime" : "01/01/19 13:14:00",
  "value" : "10"
},{
  "dateTime" : "01/01/19 13:33:00",
  "value" : "10"
},{
  "dateTime" : "01/01/19 22:08:00",
  "value" : "10"
},{
  "dateTime" : "01/01/19 22:34:00",
  "value" : "10"
},{
  "dateTime" : "01/02/19 11:01:00",
  "value" : "10"
},{
  "dateTime" : "01/02/19 11:11:00",
  "value" : "10"
},{
  "dateTime" : "01/02/19 12:51:00",
  "value" : "10"
},{
  "dateTime" : "01/02/19 13:15:00",
  "value" : "10"
},{
  "dateTime" : "01/02/19 19:04:00",
  "value" : "10"
},{
  "dateTime" : "01/02/19 19:07:00",
  "value" : "10"
},{
  "dateTime" : "01/02/19 19:08:00",
  "value" : "10"
},{
  "dateTime" : "01/02/19 19:09:00",
  "value" : "10"
},{
  "dateTime" : "01/02/19 19:12:00",
  "value" : "10"
},{
  "dateTime" : "01/02/19 19:14:00",
  "value" : "10"
},{
  "dateTime" : "01/02/19 19:16:00",
  "value" : "10"
},{
  "dateTime" : "01/02/19 19:19:00",
  "value" : "10"
},{
  "dateTime" : "01/02/19 19:25:00",
  "value" : "10"
},{
  "dateTime" : "01/02/19 19:27:00",
  "value" : "10"
},{
  "dateTime" : "01/02/19 19:42:00",
  "value" : "10"
},{
  "dateTime" : "01/02/19 19:43:00",
  "value" : "10"
},{
  "dateTime" : "01/02/19 20:01:00",
  "value" : "10"
},{
  "dateTime" : "01/02/19 20:05:00",
  "value" : "10"
},{
  "dateTime" : "01/02/19 20:08:00",
  "value" : "10"
},{
  "dateTime" : "01/02/19 20:09:00",
  "value" : "10"
},{
  "dateTime" : "01/02/19 20:14:00",
  "value" : "10"
},{
  "dateTime" : "01/02/19 22:30:00",
  "value" : "10"
},{
  "dateTime" : "01/02/19 22:34:00",
  "value" : "10"
},{
  "dateTime" : "01/03/19 01:18:00",
  "value" : "10"
},{
  "dateTime" : "01/03/19 08:23:00",
  "value" : "10"
},{
  "dateTime" : "01/03/19 08:30:00",
  "value" : "10"
},{
  "dateTime" : "01/03/19 09:08:00",
  "value" : "10"
},{
  "dateTime" : "01/03/19 09:51:00",
  "value" : "10"
},{
  "dateTime" : "01/03/19 09:55:00",
  "value" : "10"
},{
  "dateTime" : "01/03/19 10:07:00",
  "value" : "10"
},{
  "dateTime" : "01/03/19 10:22:00",
  "value" : "10"
},{
  "dateTime" : "01/03/19 10:28:00",
  "value" : "10"
},{
  "dateTime" : "01/03/19 10:29:00",
  "value" : "10"
},{
  "dateTime" : "01/03/19 10:40:00",
  "value" : "10"
},{
  "dateTime" : "01/03/19 10:46:00",
  "value" : "10"
},{
  "dateTime" : "01/03/19 10:48:00",
  "value" : "10"
},{
  "dateTime" : "01/03/19 11:08:00",
  "value" : "10"
},{
  "dateTime" : "01/03/19 11:18:00",
  "value" : "10"
},{
  "dateTime" : "01/03/19 11:25:00",
  "value" : "10"
},{
  "dateTime" : "01/03/19 11:32:00",
  "value" : "10"
},{
  "dateTime" : "01/03/19 11:38:00",
  "value" : "10"
},{
  "dateTime" : "01/03/19 11:40:00",
  "value" : "10"
},{
  "dateTime" : "01/03/19 12:38:00",
  "value" : "10"
},{
  "dateTime" : "01/03/19 12:53:00",
  "value" : "10"
},{
  "dateTime" : "01/03/19 13:01:00",
  "value" : "10"
},{
  "dateTime" : "01/03/19 13:41:00",
  "value" : "10"
},{
  "dateTime" : "01/04/19 14:07:00",
  "value" : "10"
},{
  "dateTime" : "01/04/19 14:08:00",
  "value" : "10"
},{
  "dateTime" : "01/04/19 14:09:00",
  "value" : "10"
},{
  "dateTime" : "01/04/19 14:34:00",
  "value" : "10"
},{
  "dateTime" : "01/04/19 14:40:00",
  "value" : "10"
},{
  "dateTime" : "01/04/19 14:41:00",
  "value" : "20"
},{
  "dateTime" : "01/04/19 14:43:00",
  "value" : "10"
},{
  "dateTime" : "01/04/19 14:56:00",
  "value" : "10"
},{
  "dateTime" : "01/04/19 15:06:00",
  "value" : "10"
},{
  "dateTime" : "01/04/19 15:12:00",
  "value" : "20"
},{
  "dateTime" : "01/04/19 15:55:00",
  "value" : "10"
},{
  "dateTime" : "01/04/19 16:14:00",
  "value" : "10"
},{
  "dateTime" : "01/04/19 16:17:00",
  "value" : "10"
},{
  "dateTime" : "01/04/19 16:18:00",
  "value" : "10"
},{
  "dateTime" : "01/04/19 16:19:00",
  "value" : "10"
},{
  "dateTime" : "01/04/19 16:54:00",
  "value" : "10"
},{
  "dateTime" : "01/06/19 00:32:00",
  "value" : "10"
},{
  "dateTime" : "01/06/19 10:02:00",
  "value" : "10"
},{
  "dateTime" : "01/07/19 16:26:00",
  "value" : "10"
},{
  "dateTime" : "01/07/19 23:34:00",
  "value" : "10"
},{
  "dateTime" : "01/08/19 13:12:00",
  "value" : "10"
},{
  "dateTime" : "01/09/19 17:15:00",
  "value" : "10"
},{
  "dateTime" : "01/09/19 17:16:00",
  "value" : "10"
},{
  "dateTime" : "01/09/19 20:29:00",
  "value" : "20"
},{
  "dateTime" : "01/11/19 13:48:00",
  "value" : "10"
},{
  "dateTime" : "01/11/19 21:05:00",
  "value" : "10"
},{
  "dateTime" : "01/11/19 21:06:00",
  "value" : "40"
},{
  "dateTime" : "01/11/19 21:37:00",
  "value" : "10"
},{
  "dateTime" : "01/12/19 14:25:00",
  "value" : "20"
},{
  "dateTime" : "01/12/19 14:33:00",
  "value" : "10"
},{
  "dateTime" : "01/12/19 14:35:00",
  "value" : "10"
},{
  "dateTime" : "01/12/19 14:37:00",
  "value" : "30"
},{
  "dateTime" : "01/12/19 14:39:00",
  "value" : "10"
},{
  "dateTime" : "01/12/19 14:44:00",
  "value" : "20"
},{
  "dateTime" : "01/12/19 15:00:00",
  "value" : "10"
},{
  "dateTime" : "01/12/19 15:03:00",
  "value" : "30"
},{
  "dateTime" : "01/12/19 17:02:00",
  "value" : "10"
},{
  "dateTime" : "01/12/19 17:20:00",
  "value" : "20"
},{
  "dateTime" : "01/12/19 17:22:00",
  "value" : "20"
},{
  "dateTime" : "01/12/19 17:23:00",
  "value" : "20"
},{
  "dateTime" : "01/12/19 17:24:00",
  "value" : "10"
},{
  "dateTime" : "01/12/19 17:25:00",
  "value" : "20"
},{
  "dateTime" : "01/12/19 17:26:00",
  "value" : "10"
},{
  "dateTime" : "01/12/19 17:33:00",
  "value" : "10"
},{
  "dateTime" : "01/12/19 17:37:00",
  "value" : "10"
},{
  "dateTime" : "01/12/19 17:38:00",
  "value" : "10"
},{
  "dateTime" : "01/13/19 09:27:00",
  "value" : "10"
},{
  "dateTime" : "01/13/19 09:53:00",
  "value" : "10"
},{
  "dateTime" : "01/13/19 11:41:00",
  "value" : "10"
},{
  "dateTime" : "01/13/19 13:30:00",
  "value" : "10"
},{
  "dateTime" : "01/13/19 13:44:00",
  "value" : "10"
},{
  "dateTime" : "01/13/19 13:47:00",
  "value" : "10"
},{
  "dateTime" : "01/13/19 14:52:00",
  "value" : "10"
},{
  "dateTime" : "01/13/19 16:51:00",
  "value" : "20"
},{
  "dateTime" : "01/13/19 16:52:00",
  "value" : "10"
},{
  "dateTime" : "01/13/19 17:12:00",
  "value" : "20"
},{
  "dateTime" : "01/13/19 17:38:00",
  "value" : "10"
},{
  "dateTime" : "01/13/19 19:03:00",
  "value" : "10"
},{
  "dateTime" : "01/14/19 10:39:00",
  "value" : "10"
},{
  "dateTime" : "01/14/19 16:32:00",
  "value" : "10"
},{
  "dateTime" : "01/14/19 21:32:00",
  "value" : "10"
},{
  "dateTime" : "01/15/19 11:23:00",
  "value" : "10"
},{
  "dateTime" : "01/15/19 11:25:00",
  "value" : "10"
},{
  "dateTime" : "01/15/19 12:15:00",
  "value" : "10"
},{
  "dateTime" : "01/15/19 18:34:00",
  "value" : "10"
},{
  "dateTime" : "01/16/19 10:24:00",
  "value" : "10"
},{
  "dateTime" : "01/16/19 11:10:00",
  "value" : "10"
},{
  "dateTime" : "01/17/19 11:43:00",
  "value" : "10"
},{
  "dateTime" : "01/18/19 11:09:00",
  "value" : "10"
},{
  "dateTime" : "01/18/19 11:10:00",
  "value" : "10"
},{
  "dateTime" : "01/18/19 16:51:00",
  "value" : "10"
},{
  "dateTime" : "01/18/19 20:37:00",
  "value" : "10"
},{
  "dateTime" : "01/19/19 15:14:00",
  "value" : "10"
},{
  "dateTime" : "01/19/19 21:39:00",
  "value" : "10"
},{
  "dateTime" : "01/19/19 21:52:00",
  "value" : "10"
},{
  "dateTime" : "01/19/19 21:55:00",
  "value" : "10"
},{
  "dateTime" : "01/21/19 08:16:00",
  "value" : "10"
},{
  "dateTime" : "01/21/19 08:18:00",
  "value" : "10"
}]