[{
  "dateTime" : "04/27/18 09:04:00",
  "value" : "10"
},{
  "dateTime" : "04/27/18 10:03:00",
  "value" : "10"
},{
  "dateTime" : "04/27/18 10:06:00",
  "value" : "10"
},{
  "dateTime" : "04/27/18 10:09:00",
  "value" : "20"
},{
  "dateTime" : "04/27/18 10:10:00",
  "value" : "10"
},{
  "dateTime" : "04/27/18 10:12:00",
  "value" : "20"
},{
  "dateTime" : "04/27/18 10:13:00",
  "value" : "10"
},{
  "dateTime" : "04/27/18 11:26:00",
  "value" : "10"
},{
  "dateTime" : "04/27/18 11:28:00",
  "value" : "10"
},{
  "dateTime" : "04/27/18 17:23:00",
  "value" : "10"
},{
  "dateTime" : "04/27/18 17:25:00",
  "value" : "20"
},{
  "dateTime" : "04/27/18 19:20:00",
  "value" : "10"
},{
  "dateTime" : "04/27/18 19:58:00",
  "value" : "20"
},{
  "dateTime" : "04/28/18 01:20:00",
  "value" : "10"
},{
  "dateTime" : "04/28/18 01:22:00",
  "value" : "10"
},{
  "dateTime" : "04/28/18 09:04:00",
  "value" : "10"
},{
  "dateTime" : "04/28/18 09:09:00",
  "value" : "20"
},{
  "dateTime" : "04/28/18 09:10:00",
  "value" : "20"
},{
  "dateTime" : "04/28/18 09:11:00",
  "value" : "10"
},{
  "dateTime" : "04/28/18 09:12:00",
  "value" : "20"
},{
  "dateTime" : "04/28/18 09:13:00",
  "value" : "20"
},{
  "dateTime" : "04/28/18 09:14:00",
  "value" : "10"
},{
  "dateTime" : "04/28/18 09:25:00",
  "value" : "10"
},{
  "dateTime" : "04/28/18 09:26:00",
  "value" : "10"
},{
  "dateTime" : "04/28/18 10:20:00",
  "value" : "10"
},{
  "dateTime" : "04/28/18 14:12:00",
  "value" : "10"
},{
  "dateTime" : "04/28/18 14:14:00",
  "value" : "10"
},{
  "dateTime" : "04/28/18 15:13:00",
  "value" : "10"
},{
  "dateTime" : "04/28/18 15:43:00",
  "value" : "10"
},{
  "dateTime" : "04/28/18 19:38:00",
  "value" : "10"
},{
  "dateTime" : "04/29/18 12:57:00",
  "value" : "10"
},{
  "dateTime" : "04/29/18 12:59:00",
  "value" : "10"
},{
  "dateTime" : "04/29/18 13:51:00",
  "value" : "10"
},{
  "dateTime" : "04/29/18 13:53:00",
  "value" : "10"
},{
  "dateTime" : "04/29/18 15:36:00",
  "value" : "20"
},{
  "dateTime" : "04/29/18 15:37:00",
  "value" : "10"
},{
  "dateTime" : "04/29/18 15:39:00",
  "value" : "10"
},{
  "dateTime" : "04/29/18 16:14:00",
  "value" : "10"
},{
  "dateTime" : "04/30/18 10:00:00",
  "value" : "10"
},{
  "dateTime" : "04/30/18 11:33:00",
  "value" : "10"
},{
  "dateTime" : "04/30/18 11:37:00",
  "value" : "10"
},{
  "dateTime" : "04/30/18 11:38:00",
  "value" : "10"
},{
  "dateTime" : "04/30/18 11:39:00",
  "value" : "10"
},{
  "dateTime" : "04/30/18 11:40:00",
  "value" : "10"
},{
  "dateTime" : "04/30/18 11:51:00",
  "value" : "10"
},{
  "dateTime" : "04/30/18 11:52:00",
  "value" : "20"
},{
  "dateTime" : "04/30/18 11:55:00",
  "value" : "10"
},{
  "dateTime" : "04/30/18 19:28:00",
  "value" : "10"
},{
  "dateTime" : "05/01/18 10:33:00",
  "value" : "10"
},{
  "dateTime" : "05/01/18 11:05:00",
  "value" : "10"
},{
  "dateTime" : "05/01/18 11:08:00",
  "value" : "20"
},{
  "dateTime" : "05/01/18 11:09:00",
  "value" : "30"
},{
  "dateTime" : "05/01/18 11:10:00",
  "value" : "10"
},{
  "dateTime" : "05/01/18 11:11:00",
  "value" : "20"
},{
  "dateTime" : "05/01/18 11:12:00",
  "value" : "30"
},{
  "dateTime" : "05/01/18 11:24:00",
  "value" : "10"
},{
  "dateTime" : "05/01/18 11:46:00",
  "value" : "10"
},{
  "dateTime" : "05/01/18 12:22:00",
  "value" : "10"
},{
  "dateTime" : "05/01/18 19:44:00",
  "value" : "10"
},{
  "dateTime" : "05/01/18 23:55:00",
  "value" : "10"
},{
  "dateTime" : "05/02/18 05:39:00",
  "value" : "10"
},{
  "dateTime" : "05/02/18 05:47:00",
  "value" : "10"
},{
  "dateTime" : "05/02/18 08:22:00",
  "value" : "10"
},{
  "dateTime" : "05/02/18 08:26:00",
  "value" : "20"
},{
  "dateTime" : "05/02/18 08:28:00",
  "value" : "10"
},{
  "dateTime" : "05/02/18 08:29:00",
  "value" : "20"
},{
  "dateTime" : "05/02/18 08:30:00",
  "value" : "20"
},{
  "dateTime" : "05/02/18 08:31:00",
  "value" : "10"
},{
  "dateTime" : "05/02/18 08:32:00",
  "value" : "10"
},{
  "dateTime" : "05/02/18 09:39:00",
  "value" : "10"
},{
  "dateTime" : "05/02/18 10:03:00",
  "value" : "10"
},{
  "dateTime" : "05/02/18 14:48:00",
  "value" : "10"
},{
  "dateTime" : "05/02/18 15:52:00",
  "value" : "10"
},{
  "dateTime" : "05/02/18 17:18:00",
  "value" : "10"
},{
  "dateTime" : "05/02/18 20:12:00",
  "value" : "10"
},{
  "dateTime" : "05/02/18 20:40:00",
  "value" : "10"
},{
  "dateTime" : "05/03/18 10:37:00",
  "value" : "10"
},{
  "dateTime" : "05/03/18 11:20:00",
  "value" : "10"
},{
  "dateTime" : "05/03/18 12:00:00",
  "value" : "10"
},{
  "dateTime" : "05/03/18 12:01:00",
  "value" : "20"
},{
  "dateTime" : "05/03/18 12:02:00",
  "value" : "10"
},{
  "dateTime" : "05/03/18 12:03:00",
  "value" : "20"
},{
  "dateTime" : "05/03/18 12:04:00",
  "value" : "20"
},{
  "dateTime" : "05/03/18 12:05:00",
  "value" : "20"
},{
  "dateTime" : "05/03/18 12:16:00",
  "value" : "20"
},{
  "dateTime" : "05/03/18 13:58:00",
  "value" : "10"
},{
  "dateTime" : "05/03/18 20:30:00",
  "value" : "10"
},{
  "dateTime" : "05/03/18 23:32:00",
  "value" : "10"
},{
  "dateTime" : "05/04/18 08:17:00",
  "value" : "10"
},{
  "dateTime" : "05/04/18 09:02:00",
  "value" : "10"
},{
  "dateTime" : "05/04/18 09:04:00",
  "value" : "20"
},{
  "dateTime" : "05/04/18 09:05:00",
  "value" : "10"
},{
  "dateTime" : "05/04/18 09:07:00",
  "value" : "10"
},{
  "dateTime" : "05/04/18 09:08:00",
  "value" : "30"
},{
  "dateTime" : "05/04/18 09:09:00",
  "value" : "10"
},{
  "dateTime" : "05/04/18 09:48:00",
  "value" : "10"
},{
  "dateTime" : "05/04/18 12:03:00",
  "value" : "10"
},{
  "dateTime" : "05/04/18 12:05:00",
  "value" : "10"
},{
  "dateTime" : "05/04/18 19:56:00",
  "value" : "10"
},{
  "dateTime" : "05/04/18 20:01:00",
  "value" : "20"
},{
  "dateTime" : "05/05/18 00:11:00",
  "value" : "10"
},{
  "dateTime" : "05/05/18 00:50:00",
  "value" : "10"
},{
  "dateTime" : "05/05/18 12:00:00",
  "value" : "10"
},{
  "dateTime" : "05/05/18 12:01:00",
  "value" : "20"
},{
  "dateTime" : "05/05/18 12:02:00",
  "value" : "20"
},{
  "dateTime" : "05/05/18 12:04:00",
  "value" : "20"
},{
  "dateTime" : "05/05/18 12:05:00",
  "value" : "20"
},{
  "dateTime" : "05/05/18 12:22:00",
  "value" : "10"
},{
  "dateTime" : "05/05/18 12:23:00",
  "value" : "10"
},{
  "dateTime" : "05/05/18 12:24:00",
  "value" : "10"
},{
  "dateTime" : "05/05/18 12:25:00",
  "value" : "10"
},{
  "dateTime" : "05/05/18 13:58:00",
  "value" : "20"
},{
  "dateTime" : "05/05/18 15:11:00",
  "value" : "10"
},{
  "dateTime" : "05/05/18 16:18:00",
  "value" : "10"
},{
  "dateTime" : "05/05/18 17:49:00",
  "value" : "10"
},{
  "dateTime" : "05/05/18 18:22:00",
  "value" : "10"
},{
  "dateTime" : "05/05/18 18:47:00",
  "value" : "10"
},{
  "dateTime" : "05/05/18 18:53:00",
  "value" : "10"
},{
  "dateTime" : "05/05/18 19:31:00",
  "value" : "10"
},{
  "dateTime" : "05/05/18 19:39:00",
  "value" : "10"
},{
  "dateTime" : "05/05/18 19:41:00",
  "value" : "10"
},{
  "dateTime" : "05/05/18 20:04:00",
  "value" : "10"
},{
  "dateTime" : "05/05/18 20:17:00",
  "value" : "10"
},{
  "dateTime" : "05/05/18 20:50:00",
  "value" : "10"
},{
  "dateTime" : "05/05/18 21:25:00",
  "value" : "10"
},{
  "dateTime" : "05/05/18 22:56:00",
  "value" : "10"
},{
  "dateTime" : "05/05/18 22:58:00",
  "value" : "10"
},{
  "dateTime" : "05/06/18 01:31:00",
  "value" : "10"
},{
  "dateTime" : "05/06/18 12:36:00",
  "value" : "10"
},{
  "dateTime" : "05/06/18 12:41:00",
  "value" : "10"
},{
  "dateTime" : "05/06/18 12:42:00",
  "value" : "10"
},{
  "dateTime" : "05/06/18 12:43:00",
  "value" : "20"
},{
  "dateTime" : "05/06/18 12:44:00",
  "value" : "10"
},{
  "dateTime" : "05/06/18 12:45:00",
  "value" : "20"
},{
  "dateTime" : "05/06/18 12:55:00",
  "value" : "10"
},{
  "dateTime" : "05/06/18 12:56:00",
  "value" : "10"
},{
  "dateTime" : "05/06/18 13:12:00",
  "value" : "10"
},{
  "dateTime" : "05/06/18 13:45:00",
  "value" : "10"
},{
  "dateTime" : "05/06/18 13:47:00",
  "value" : "10"
},{
  "dateTime" : "05/06/18 17:19:00",
  "value" : "10"
},{
  "dateTime" : "05/06/18 17:34:00",
  "value" : "10"
},{
  "dateTime" : "05/06/18 19:36:00",
  "value" : "10"
},{
  "dateTime" : "05/07/18 11:20:00",
  "value" : "10"
},{
  "dateTime" : "05/07/18 11:51:00",
  "value" : "10"
},{
  "dateTime" : "05/07/18 11:57:00",
  "value" : "10"
},{
  "dateTime" : "05/07/18 17:38:00",
  "value" : "10"
},{
  "dateTime" : "05/07/18 18:47:00",
  "value" : "10"
},{
  "dateTime" : "05/08/18 06:12:00",
  "value" : "10"
},{
  "dateTime" : "05/08/18 07:05:00",
  "value" : "10"
},{
  "dateTime" : "05/08/18 07:19:00",
  "value" : "10"
},{
  "dateTime" : "05/08/18 07:21:00",
  "value" : "20"
},{
  "dateTime" : "05/08/18 07:22:00",
  "value" : "30"
},{
  "dateTime" : "05/08/18 07:23:00",
  "value" : "10"
},{
  "dateTime" : "05/08/18 07:24:00",
  "value" : "10"
},{
  "dateTime" : "05/08/18 07:25:00",
  "value" : "20"
},{
  "dateTime" : "05/08/18 07:26:00",
  "value" : "10"
},{
  "dateTime" : "05/08/18 07:36:00",
  "value" : "10"
},{
  "dateTime" : "05/08/18 07:37:00",
  "value" : "10"
},{
  "dateTime" : "05/08/18 12:13:00",
  "value" : "10"
},{
  "dateTime" : "05/08/18 12:33:00",
  "value" : "10"
},{
  "dateTime" : "05/08/18 14:02:00",
  "value" : "10"
},{
  "dateTime" : "05/08/18 14:55:00",
  "value" : "10"
},{
  "dateTime" : "05/08/18 15:45:00",
  "value" : "10"
},{
  "dateTime" : "05/08/18 15:51:00",
  "value" : "10"
},{
  "dateTime" : "05/08/18 16:53:00",
  "value" : "10"
},{
  "dateTime" : "05/08/18 17:59:00",
  "value" : "10"
},{
  "dateTime" : "05/08/18 20:12:00",
  "value" : "10"
},{
  "dateTime" : "05/09/18 05:37:00",
  "value" : "10"
},{
  "dateTime" : "05/09/18 05:50:00",
  "value" : "10"
},{
  "dateTime" : "05/09/18 06:05:00",
  "value" : "10"
},{
  "dateTime" : "05/09/18 07:24:00",
  "value" : "10"
},{
  "dateTime" : "05/09/18 07:35:00",
  "value" : "10"
},{
  "dateTime" : "05/09/18 07:40:00",
  "value" : "10"
},{
  "dateTime" : "05/09/18 07:41:00",
  "value" : "10"
},{
  "dateTime" : "05/09/18 07:42:00",
  "value" : "20"
},{
  "dateTime" : "05/09/18 07:43:00",
  "value" : "10"
},{
  "dateTime" : "05/09/18 07:53:00",
  "value" : "10"
},{
  "dateTime" : "05/09/18 07:54:00",
  "value" : "10"
},{
  "dateTime" : "05/09/18 07:55:00",
  "value" : "10"
},{
  "dateTime" : "05/09/18 08:00:00",
  "value" : "10"
},{
  "dateTime" : "05/09/18 08:57:00",
  "value" : "10"
},{
  "dateTime" : "05/09/18 09:00:00",
  "value" : "10"
},{
  "dateTime" : "05/09/18 12:14:00",
  "value" : "10"
},{
  "dateTime" : "05/09/18 12:24:00",
  "value" : "10"
},{
  "dateTime" : "05/09/18 18:13:00",
  "value" : "10"
},{
  "dateTime" : "05/10/18 05:40:00",
  "value" : "10"
},{
  "dateTime" : "05/10/18 05:50:00",
  "value" : "10"
},{
  "dateTime" : "05/10/18 07:13:00",
  "value" : "10"
},{
  "dateTime" : "05/10/18 07:17:00",
  "value" : "10"
},{
  "dateTime" : "05/10/18 07:20:00",
  "value" : "10"
},{
  "dateTime" : "05/10/18 07:21:00",
  "value" : "10"
},{
  "dateTime" : "05/10/18 07:22:00",
  "value" : "30"
},{
  "dateTime" : "05/10/18 07:23:00",
  "value" : "10"
},{
  "dateTime" : "05/10/18 07:24:00",
  "value" : "20"
},{
  "dateTime" : "05/10/18 07:25:00",
  "value" : "20"
},{
  "dateTime" : "05/10/18 09:56:00",
  "value" : "10"
},{
  "dateTime" : "05/10/18 10:28:00",
  "value" : "10"
},{
  "dateTime" : "05/10/18 15:36:00",
  "value" : "10"
},{
  "dateTime" : "05/10/18 16:39:00",
  "value" : "10"
},{
  "dateTime" : "05/10/18 17:19:00",
  "value" : "10"
},{
  "dateTime" : "05/10/18 17:51:00",
  "value" : "10"
},{
  "dateTime" : "05/10/18 19:41:00",
  "value" : "10"
},{
  "dateTime" : "05/10/18 20:23:00",
  "value" : "10"
},{
  "dateTime" : "05/11/18 07:10:00",
  "value" : "10"
},{
  "dateTime" : "05/11/18 07:20:00",
  "value" : "10"
},{
  "dateTime" : "05/11/18 07:24:00",
  "value" : "20"
},{
  "dateTime" : "05/11/18 07:25:00",
  "value" : "10"
},{
  "dateTime" : "05/11/18 07:26:00",
  "value" : "10"
},{
  "dateTime" : "05/11/18 07:31:00",
  "value" : "10"
},{
  "dateTime" : "05/11/18 12:00:00",
  "value" : "10"
},{
  "dateTime" : "05/11/18 17:04:00",
  "value" : "10"
},{
  "dateTime" : "05/11/18 19:01:00",
  "value" : "10"
},{
  "dateTime" : "05/11/18 21:57:00",
  "value" : "10"
},{
  "dateTime" : "05/12/18 07:30:00",
  "value" : "10"
},{
  "dateTime" : "05/12/18 07:46:00",
  "value" : "10"
},{
  "dateTime" : "05/12/18 09:23:00",
  "value" : "10"
},{
  "dateTime" : "05/12/18 09:27:00",
  "value" : "20"
},{
  "dateTime" : "05/12/18 09:28:00",
  "value" : "20"
},{
  "dateTime" : "05/12/18 09:29:00",
  "value" : "10"
},{
  "dateTime" : "05/12/18 09:30:00",
  "value" : "20"
},{
  "dateTime" : "05/12/18 09:31:00",
  "value" : "20"
},{
  "dateTime" : "05/12/18 09:32:00",
  "value" : "20"
},{
  "dateTime" : "05/12/18 09:41:00",
  "value" : "20"
},{
  "dateTime" : "05/12/18 10:08:00",
  "value" : "10"
},{
  "dateTime" : "05/12/18 10:10:00",
  "value" : "10"
},{
  "dateTime" : "05/12/18 15:17:00",
  "value" : "10"
},{
  "dateTime" : "05/12/18 17:06:00",
  "value" : "10"
},{
  "dateTime" : "05/12/18 17:51:00",
  "value" : "10"
},{
  "dateTime" : "05/12/18 22:43:00",
  "value" : "10"
},{
  "dateTime" : "05/13/18 09:17:00",
  "value" : "10"
},{
  "dateTime" : "05/13/18 09:20:00",
  "value" : "10"
},{
  "dateTime" : "05/13/18 09:21:00",
  "value" : "10"
},{
  "dateTime" : "05/13/18 09:36:00",
  "value" : "10"
},{
  "dateTime" : "05/13/18 09:40:00",
  "value" : "10"
},{
  "dateTime" : "05/13/18 12:53:00",
  "value" : "10"
},{
  "dateTime" : "05/13/18 13:06:00",
  "value" : "10"
},{
  "dateTime" : "05/13/18 13:14:00",
  "value" : "10"
},{
  "dateTime" : "05/13/18 13:21:00",
  "value" : "10"
},{
  "dateTime" : "05/13/18 13:55:00",
  "value" : "10"
},{
  "dateTime" : "05/13/18 14:14:00",
  "value" : "10"
},{
  "dateTime" : "05/13/18 14:19:00",
  "value" : "10"
},{
  "dateTime" : "05/13/18 15:35:00",
  "value" : "10"
},{
  "dateTime" : "05/13/18 16:31:00",
  "value" : "10"
},{
  "dateTime" : "05/13/18 20:02:00",
  "value" : "10"
},{
  "dateTime" : "05/14/18 05:53:00",
  "value" : "10"
},{
  "dateTime" : "05/14/18 07:31:00",
  "value" : "10"
},{
  "dateTime" : "05/14/18 07:32:00",
  "value" : "20"
},{
  "dateTime" : "05/14/18 07:33:00",
  "value" : "10"
},{
  "dateTime" : "05/14/18 07:34:00",
  "value" : "20"
},{
  "dateTime" : "05/14/18 07:35:00",
  "value" : "20"
},{
  "dateTime" : "05/14/18 11:56:00",
  "value" : "10"
},{
  "dateTime" : "05/14/18 12:56:00",
  "value" : "10"
},{
  "dateTime" : "05/14/18 13:00:00",
  "value" : "10"
},{
  "dateTime" : "05/14/18 16:12:00",
  "value" : "10"
},{
  "dateTime" : "05/14/18 16:16:00",
  "value" : "10"
},{
  "dateTime" : "05/15/18 01:13:00",
  "value" : "10"
},{
  "dateTime" : "05/15/18 01:17:00",
  "value" : "10"
},{
  "dateTime" : "05/15/18 05:45:00",
  "value" : "10"
},{
  "dateTime" : "05/15/18 05:53:00",
  "value" : "10"
},{
  "dateTime" : "05/15/18 07:00:00",
  "value" : "10"
},{
  "dateTime" : "05/15/18 07:20:00",
  "value" : "10"
},{
  "dateTime" : "05/15/18 07:31:00",
  "value" : "10"
},{
  "dateTime" : "05/15/18 07:32:00",
  "value" : "20"
},{
  "dateTime" : "05/15/18 07:33:00",
  "value" : "10"
},{
  "dateTime" : "05/15/18 07:34:00",
  "value" : "30"
},{
  "dateTime" : "05/15/18 07:35:00",
  "value" : "10"
},{
  "dateTime" : "05/15/18 07:46:00",
  "value" : "20"
},{
  "dateTime" : "05/15/18 09:32:00",
  "value" : "10"
},{
  "dateTime" : "05/15/18 15:53:00",
  "value" : "10"
},{
  "dateTime" : "05/15/18 16:51:00",
  "value" : "10"
},{
  "dateTime" : "05/15/18 17:06:00",
  "value" : "10"
},{
  "dateTime" : "05/15/18 17:14:00",
  "value" : "10"
},{
  "dateTime" : "05/16/18 05:44:00",
  "value" : "10"
},{
  "dateTime" : "05/16/18 05:53:00",
  "value" : "10"
},{
  "dateTime" : "05/16/18 07:40:00",
  "value" : "10"
},{
  "dateTime" : "05/16/18 07:49:00",
  "value" : "10"
},{
  "dateTime" : "05/16/18 07:50:00",
  "value" : "20"
},{
  "dateTime" : "05/16/18 07:51:00",
  "value" : "10"
},{
  "dateTime" : "05/16/18 07:52:00",
  "value" : "10"
},{
  "dateTime" : "05/16/18 07:53:00",
  "value" : "30"
},{
  "dateTime" : "05/16/18 07:54:00",
  "value" : "10"
},{
  "dateTime" : "05/16/18 10:35:00",
  "value" : "10"
},{
  "dateTime" : "05/16/18 10:40:00",
  "value" : "20"
},{
  "dateTime" : "05/16/18 13:50:00",
  "value" : "10"
},{
  "dateTime" : "05/16/18 19:20:00",
  "value" : "10"
},{
  "dateTime" : "05/16/18 23:02:00",
  "value" : "10"
},{
  "dateTime" : "05/17/18 09:33:00",
  "value" : "10"
},{
  "dateTime" : "05/17/18 09:37:00",
  "value" : "10"
},{
  "dateTime" : "05/17/18 09:39:00",
  "value" : "10"
},{
  "dateTime" : "05/17/18 09:40:00",
  "value" : "10"
},{
  "dateTime" : "05/17/18 09:41:00",
  "value" : "10"
},{
  "dateTime" : "05/17/18 09:43:00",
  "value" : "20"
},{
  "dateTime" : "05/17/18 09:44:00",
  "value" : "10"
},{
  "dateTime" : "05/17/18 10:08:00",
  "value" : "10"
},{
  "dateTime" : "05/17/18 10:09:00",
  "value" : "10"
},{
  "dateTime" : "05/17/18 10:11:00",
  "value" : "10"
},{
  "dateTime" : "05/17/18 10:21:00",
  "value" : "10"
},{
  "dateTime" : "05/17/18 13:28:00",
  "value" : "10"
},{
  "dateTime" : "05/17/18 14:32:00",
  "value" : "10"
},{
  "dateTime" : "05/17/18 18:39:00",
  "value" : "10"
},{
  "dateTime" : "05/17/18 18:50:00",
  "value" : "10"
},{
  "dateTime" : "05/18/18 08:40:00",
  "value" : "10"
},{
  "dateTime" : "05/18/18 08:44:00",
  "value" : "10"
},{
  "dateTime" : "05/18/18 08:45:00",
  "value" : "10"
},{
  "dateTime" : "05/18/18 08:46:00",
  "value" : "20"
},{
  "dateTime" : "05/18/18 08:47:00",
  "value" : "10"
},{
  "dateTime" : "05/18/18 08:48:00",
  "value" : "10"
},{
  "dateTime" : "05/18/18 08:49:00",
  "value" : "10"
},{
  "dateTime" : "05/18/18 08:50:00",
  "value" : "10"
},{
  "dateTime" : "05/18/18 08:51:00",
  "value" : "10"
},{
  "dateTime" : "05/18/18 08:52:00",
  "value" : "10"
},{
  "dateTime" : "05/18/18 09:02:00",
  "value" : "10"
},{
  "dateTime" : "05/18/18 09:42:00",
  "value" : "10"
},{
  "dateTime" : "05/18/18 11:08:00",
  "value" : "10"
},{
  "dateTime" : "05/18/18 11:10:00",
  "value" : "10"
},{
  "dateTime" : "05/18/18 15:23:00",
  "value" : "10"
},{
  "dateTime" : "05/18/18 15:28:00",
  "value" : "10"
},{
  "dateTime" : "05/18/18 20:41:00",
  "value" : "10"
},{
  "dateTime" : "05/19/18 11:51:00",
  "value" : "10"
},{
  "dateTime" : "05/19/18 14:12:00",
  "value" : "10"
},{
  "dateTime" : "05/19/18 18:09:00",
  "value" : "10"
},{
  "dateTime" : "05/19/18 18:15:00",
  "value" : "10"
},{
  "dateTime" : "05/19/18 18:16:00",
  "value" : "10"
},{
  "dateTime" : "05/19/18 18:18:00",
  "value" : "20"
},{
  "dateTime" : "05/19/18 18:19:00",
  "value" : "10"
},{
  "dateTime" : "05/19/18 23:53:00",
  "value" : "10"
},{
  "dateTime" : "05/20/18 00:11:00",
  "value" : "10"
},{
  "dateTime" : "05/20/18 10:21:00",
  "value" : "10"
},{
  "dateTime" : "05/20/18 14:38:00",
  "value" : "10"
},{
  "dateTime" : "05/20/18 14:39:00",
  "value" : "10"
},{
  "dateTime" : "05/20/18 14:40:00",
  "value" : "10"
},{
  "dateTime" : "05/20/18 14:41:00",
  "value" : "20"
},{
  "dateTime" : "05/20/18 14:42:00",
  "value" : "10"
},{
  "dateTime" : "05/20/18 14:47:00",
  "value" : "10"
},{
  "dateTime" : "05/21/18 05:39:00",
  "value" : "10"
},{
  "dateTime" : "05/21/18 07:25:00",
  "value" : "10"
},{
  "dateTime" : "05/21/18 07:29:00",
  "value" : "20"
},{
  "dateTime" : "05/21/18 07:30:00",
  "value" : "20"
},{
  "dateTime" : "05/21/18 07:35:00",
  "value" : "10"
},{
  "dateTime" : "05/21/18 07:36:00",
  "value" : "30"
},{
  "dateTime" : "05/21/18 08:05:00",
  "value" : "10"
},{
  "dateTime" : "05/21/18 08:09:00",
  "value" : "10"
},{
  "dateTime" : "05/21/18 09:22:00",
  "value" : "10"
},{
  "dateTime" : "05/21/18 22:42:00",
  "value" : "10"
},{
  "dateTime" : "05/22/18 06:01:00",
  "value" : "10"
},{
  "dateTime" : "05/22/18 06:07:00",
  "value" : "10"
},{
  "dateTime" : "05/22/18 07:17:00",
  "value" : "10"
},{
  "dateTime" : "05/22/18 07:18:00",
  "value" : "10"
},{
  "dateTime" : "05/22/18 07:19:00",
  "value" : "20"
},{
  "dateTime" : "05/22/18 07:20:00",
  "value" : "20"
},{
  "dateTime" : "05/22/18 07:21:00",
  "value" : "10"
},{
  "dateTime" : "05/22/18 07:22:00",
  "value" : "20"
},{
  "dateTime" : "05/22/18 07:32:00",
  "value" : "10"
},{
  "dateTime" : "05/22/18 10:14:00",
  "value" : "10"
},{
  "dateTime" : "05/22/18 10:18:00",
  "value" : "10"
},{
  "dateTime" : "05/22/18 18:51:00",
  "value" : "10"
},{
  "dateTime" : "05/22/18 19:37:00",
  "value" : "10"
},{
  "dateTime" : "05/22/18 21:47:00",
  "value" : "10"
},{
  "dateTime" : "05/22/18 21:58:00",
  "value" : "10"
},{
  "dateTime" : "05/23/18 06:59:00",
  "value" : "10"
},{
  "dateTime" : "05/23/18 07:03:00",
  "value" : "30"
},{
  "dateTime" : "05/23/18 07:04:00",
  "value" : "20"
},{
  "dateTime" : "05/23/18 07:05:00",
  "value" : "20"
},{
  "dateTime" : "05/23/18 07:06:00",
  "value" : "20"
},{
  "dateTime" : "05/23/18 07:07:00",
  "value" : "10"
},{
  "dateTime" : "05/23/18 10:38:00",
  "value" : "10"
},{
  "dateTime" : "05/23/18 14:28:00",
  "value" : "10"
},{
  "dateTime" : "05/23/18 15:47:00",
  "value" : "10"
},{
  "dateTime" : "05/23/18 17:04:00",
  "value" : "10"
},{
  "dateTime" : "05/23/18 17:17:00",
  "value" : "10"
},{
  "dateTime" : "05/23/18 17:32:00",
  "value" : "10"
},{
  "dateTime" : "05/23/18 18:08:00",
  "value" : "10"
},{
  "dateTime" : "05/24/18 08:56:00",
  "value" : "10"
},{
  "dateTime" : "05/24/18 09:26:00",
  "value" : "10"
},{
  "dateTime" : "05/24/18 09:35:00",
  "value" : "10"
},{
  "dateTime" : "05/24/18 09:36:00",
  "value" : "10"
},{
  "dateTime" : "05/24/18 09:38:00",
  "value" : "10"
},{
  "dateTime" : "05/24/18 09:54:00",
  "value" : "10"
},{
  "dateTime" : "05/24/18 09:55:00",
  "value" : "10"
},{
  "dateTime" : "05/24/18 09:56:00",
  "value" : "20"
},{
  "dateTime" : "05/24/18 09:57:00",
  "value" : "10"
},{
  "dateTime" : "05/24/18 12:27:00",
  "value" : "10"
},{
  "dateTime" : "05/24/18 12:28:00",
  "value" : "10"
},{
  "dateTime" : "05/24/18 18:55:00",
  "value" : "10"
},{
  "dateTime" : "05/24/18 18:56:00",
  "value" : "10"
},{
  "dateTime" : "05/24/18 19:14:00",
  "value" : "10"
},{
  "dateTime" : "05/24/18 21:45:00",
  "value" : "10"
},{
  "dateTime" : "05/25/18 07:18:00",
  "value" : "10"
},{
  "dateTime" : "05/25/18 07:25:00",
  "value" : "10"
},{
  "dateTime" : "05/25/18 08:57:00",
  "value" : "10"
},{
  "dateTime" : "05/25/18 09:02:00",
  "value" : "10"
},{
  "dateTime" : "05/25/18 09:03:00",
  "value" : "10"
},{
  "dateTime" : "05/25/18 09:04:00",
  "value" : "30"
},{
  "dateTime" : "05/25/18 09:06:00",
  "value" : "20"
},{
  "dateTime" : "05/25/18 09:07:00",
  "value" : "20"
},{
  "dateTime" : "05/25/18 09:46:00",
  "value" : "10"
},{
  "dateTime" : "05/25/18 11:10:00",
  "value" : "10"
},{
  "dateTime" : "05/25/18 11:21:00",
  "value" : "10"
},{
  "dateTime" : "05/25/18 18:59:00",
  "value" : "10"
},{
  "dateTime" : "05/25/18 19:29:00",
  "value" : "10"
},{
  "dateTime" : "05/25/18 19:34:00",
  "value" : "10"
},{
  "dateTime" : "05/26/18 07:40:00",
  "value" : "10"
},{
  "dateTime" : "05/26/18 07:45:00",
  "value" : "10"
},{
  "dateTime" : "05/26/18 07:46:00",
  "value" : "20"
},{
  "dateTime" : "05/26/18 07:47:00",
  "value" : "20"
},{
  "dateTime" : "05/26/18 07:49:00",
  "value" : "10"
},{
  "dateTime" : "05/26/18 07:50:00",
  "value" : "20"
},{
  "dateTime" : "05/26/18 07:51:00",
  "value" : "10"
},{
  "dateTime" : "05/26/18 08:21:00",
  "value" : "10"
},{
  "dateTime" : "05/26/18 09:44:00",
  "value" : "10"
},{
  "dateTime" : "05/26/18 09:49:00",
  "value" : "20"
},{
  "dateTime" : "05/26/18 13:45:00",
  "value" : "10"
},{
  "dateTime" : "05/26/18 13:46:00",
  "value" : "10"
},{
  "dateTime" : "05/26/18 14:28:00",
  "value" : "10"
},{
  "dateTime" : "05/26/18 14:49:00",
  "value" : "10"
},{
  "dateTime" : "05/26/18 17:37:00",
  "value" : "10"
},{
  "dateTime" : "05/26/18 17:54:00",
  "value" : "10"
},{
  "dateTime" : "05/26/18 19:32:00",
  "value" : "10"
},{
  "dateTime" : "05/26/18 19:34:00",
  "value" : "10"
},{
  "dateTime" : "05/26/18 22:33:00",
  "value" : "10"
},{
  "dateTime" : "05/26/18 22:51:00",
  "value" : "10"
}]