[{
  "dateTime" : "02/22/19 23:26:00",
  "value" : "10"
},{
  "dateTime" : "02/23/19 09:48:00",
  "value" : "10"
},{
  "dateTime" : "02/23/19 15:04:00",
  "value" : "10"
},{
  "dateTime" : "02/23/19 15:11:00",
  "value" : "20"
},{
  "dateTime" : "02/23/19 15:13:00",
  "value" : "10"
},{
  "dateTime" : "02/23/19 15:14:00",
  "value" : "30"
},{
  "dateTime" : "02/23/19 15:16:00",
  "value" : "20"
},{
  "dateTime" : "02/23/19 15:17:00",
  "value" : "10"
},{
  "dateTime" : "02/23/19 15:18:00",
  "value" : "20"
},{
  "dateTime" : "02/23/19 16:26:00",
  "value" : "10"
},{
  "dateTime" : "02/23/19 16:45:00",
  "value" : "10"
},{
  "dateTime" : "02/23/19 17:48:00",
  "value" : "10"
},{
  "dateTime" : "02/24/19 07:34:00",
  "value" : "10"
},{
  "dateTime" : "02/24/19 08:01:00",
  "value" : "10"
},{
  "dateTime" : "02/24/19 10:29:00",
  "value" : "10"
},{
  "dateTime" : "02/24/19 17:22:00",
  "value" : "10"
},{
  "dateTime" : "02/24/19 17:55:00",
  "value" : "10"
},{
  "dateTime" : "02/24/19 17:58:00",
  "value" : "10"
},{
  "dateTime" : "02/24/19 19:23:00",
  "value" : "20"
},{
  "dateTime" : "02/24/19 20:24:00",
  "value" : "10"
},{
  "dateTime" : "02/24/19 20:53:00",
  "value" : "10"
},{
  "dateTime" : "02/24/19 23:00:00",
  "value" : "20"
},{
  "dateTime" : "02/25/19 00:01:00",
  "value" : "10"
},{
  "dateTime" : "02/25/19 00:38:00",
  "value" : "10"
},{
  "dateTime" : "02/26/19 10:59:00",
  "value" : "10"
},{
  "dateTime" : "02/26/19 21:46:00",
  "value" : "10"
},{
  "dateTime" : "02/26/19 21:47:00",
  "value" : "10"
},{
  "dateTime" : "02/26/19 22:00:00",
  "value" : "10"
},{
  "dateTime" : "02/26/19 22:01:00",
  "value" : "10"
},{
  "dateTime" : "03/01/19 18:49:00",
  "value" : "10"
},{
  "dateTime" : "03/01/19 18:54:00",
  "value" : "10"
},{
  "dateTime" : "03/01/19 20:31:00",
  "value" : "10"
},{
  "dateTime" : "03/01/19 20:32:00",
  "value" : "20"
},{
  "dateTime" : "03/03/19 12:58:00",
  "value" : "10"
},{
  "dateTime" : "03/03/19 13:21:00",
  "value" : "40"
},{
  "dateTime" : "03/03/19 13:28:00",
  "value" : "10"
},{
  "dateTime" : "03/04/19 12:49:00",
  "value" : "10"
},{
  "dateTime" : "03/04/19 12:59:00",
  "value" : "10"
},{
  "dateTime" : "03/04/19 13:07:00",
  "value" : "10"
},{
  "dateTime" : "03/04/19 13:11:00",
  "value" : "10"
},{
  "dateTime" : "03/04/19 18:35:00",
  "value" : "10"
},{
  "dateTime" : "03/04/19 18:54:00",
  "value" : "20"
},{
  "dateTime" : "03/04/19 18:56:00",
  "value" : "10"
},{
  "dateTime" : "03/04/19 18:58:00",
  "value" : "10"
},{
  "dateTime" : "03/04/19 19:20:00",
  "value" : "10"
},{
  "dateTime" : "03/04/19 19:22:00",
  "value" : "10"
},{
  "dateTime" : "03/04/19 19:23:00",
  "value" : "20"
},{
  "dateTime" : "03/04/19 19:30:00",
  "value" : "10"
},{
  "dateTime" : "03/04/19 21:44:00",
  "value" : "10"
},{
  "dateTime" : "03/04/19 23:45:00",
  "value" : "10"
},{
  "dateTime" : "03/05/19 08:40:00",
  "value" : "10"
},{
  "dateTime" : "03/05/19 09:15:00",
  "value" : "10"
},{
  "dateTime" : "03/05/19 09:29:00",
  "value" : "10"
},{
  "dateTime" : "03/05/19 10:33:00",
  "value" : "10"
},{
  "dateTime" : "03/05/19 10:35:00",
  "value" : "10"
},{
  "dateTime" : "03/05/19 10:36:00",
  "value" : "10"
},{
  "dateTime" : "03/05/19 10:38:00",
  "value" : "20"
},{
  "dateTime" : "03/05/19 10:40:00",
  "value" : "20"
},{
  "dateTime" : "03/05/19 10:41:00",
  "value" : "20"
},{
  "dateTime" : "03/05/19 12:14:00",
  "value" : "10"
},{
  "dateTime" : "03/05/19 12:45:00",
  "value" : "10"
},{
  "dateTime" : "03/05/19 12:47:00",
  "value" : "10"
},{
  "dateTime" : "03/05/19 12:52:00",
  "value" : "10"
},{
  "dateTime" : "03/05/19 23:18:00",
  "value" : "10"
},{
  "dateTime" : "03/06/19 05:42:00",
  "value" : "10"
},{
  "dateTime" : "03/06/19 05:47:00",
  "value" : "10"
},{
  "dateTime" : "03/06/19 08:22:00",
  "value" : "10"
},{
  "dateTime" : "03/06/19 09:54:00",
  "value" : "10"
},{
  "dateTime" : "03/06/19 15:23:00",
  "value" : "10"
},{
  "dateTime" : "03/06/19 18:36:00",
  "value" : "10"
},{
  "dateTime" : "03/06/19 21:15:00",
  "value" : "10"
},{
  "dateTime" : "03/06/19 22:52:00",
  "value" : "10"
},{
  "dateTime" : "03/06/19 22:56:00",
  "value" : "10"
},{
  "dateTime" : "03/07/19 08:59:00",
  "value" : "10"
},{
  "dateTime" : "03/07/19 20:22:00",
  "value" : "10"
},{
  "dateTime" : "03/07/19 21:32:00",
  "value" : "10"
},{
  "dateTime" : "03/08/19 08:07:00",
  "value" : "10"
},{
  "dateTime" : "03/08/19 12:21:00",
  "value" : "10"
},{
  "dateTime" : "03/08/19 17:23:00",
  "value" : "10"
},{
  "dateTime" : "03/08/19 17:33:00",
  "value" : "10"
},{
  "dateTime" : "03/08/19 22:21:00",
  "value" : "10"
},{
  "dateTime" : "03/08/19 23:10:00",
  "value" : "10"
},{
  "dateTime" : "03/09/19 09:21:00",
  "value" : "10"
},{
  "dateTime" : "03/09/19 09:52:00",
  "value" : "10"
},{
  "dateTime" : "03/09/19 10:00:00",
  "value" : "10"
},{
  "dateTime" : "03/09/19 15:33:00",
  "value" : "10"
},{
  "dateTime" : "03/09/19 17:37:00",
  "value" : "20"
},{
  "dateTime" : "03/09/19 17:38:00",
  "value" : "10"
},{
  "dateTime" : "03/09/19 17:41:00",
  "value" : "10"
},{
  "dateTime" : "03/09/19 17:42:00",
  "value" : "10"
},{
  "dateTime" : "03/09/19 17:52:00",
  "value" : "10"
},{
  "dateTime" : "03/09/19 17:53:00",
  "value" : "10"
},{
  "dateTime" : "03/09/19 17:55:00",
  "value" : "10"
},{
  "dateTime" : "03/09/19 18:06:00",
  "value" : "10"
},{
  "dateTime" : "03/09/19 19:11:00",
  "value" : "10"
},{
  "dateTime" : "03/09/19 19:27:00",
  "value" : "10"
},{
  "dateTime" : "03/09/19 21:40:00",
  "value" : "10"
},{
  "dateTime" : "03/09/19 22:01:00",
  "value" : "10"
},{
  "dateTime" : "03/09/19 22:10:00",
  "value" : "20"
},{
  "dateTime" : "03/10/19 00:38:00",
  "value" : "10"
},{
  "dateTime" : "03/10/19 08:50:00",
  "value" : "10"
},{
  "dateTime" : "03/10/19 11:10:00",
  "value" : "10"
},{
  "dateTime" : "03/10/19 14:51:00",
  "value" : "10"
},{
  "dateTime" : "03/10/19 18:23:00",
  "value" : "10"
},{
  "dateTime" : "03/10/19 18:29:00",
  "value" : "10"
},{
  "dateTime" : "03/10/19 18:51:00",
  "value" : "10"
},{
  "dateTime" : "03/10/19 18:55:00",
  "value" : "10"
},{
  "dateTime" : "03/10/19 21:20:00",
  "value" : "10"
},{
  "dateTime" : "03/10/19 23:28:00",
  "value" : "10"
},{
  "dateTime" : "03/11/19 22:43:00",
  "value" : "10"
},{
  "dateTime" : "03/12/19 12:28:00",
  "value" : "10"
},{
  "dateTime" : "03/12/19 22:55:00",
  "value" : "10"
},{
  "dateTime" : "03/15/19 14:31:00",
  "value" : "10"
},{
  "dateTime" : "03/16/19 11:21:00",
  "value" : "10"
},{
  "dateTime" : "03/16/19 11:24:00",
  "value" : "10"
},{
  "dateTime" : "03/16/19 11:26:00",
  "value" : "10"
},{
  "dateTime" : "03/16/19 11:53:00",
  "value" : "10"
},{
  "dateTime" : "03/16/19 11:55:00",
  "value" : "10"
},{
  "dateTime" : "03/16/19 16:24:00",
  "value" : "10"
},{
  "dateTime" : "03/18/19 13:26:00",
  "value" : "10"
},{
  "dateTime" : "03/19/19 07:07:00",
  "value" : "10"
},{
  "dateTime" : "03/19/19 14:19:00",
  "value" : "10"
}]