[{
  "dateTime" : "04/23/19 08:48:00",
  "value" : "10"
},{
  "dateTime" : "04/23/19 08:58:00",
  "value" : "10"
},{
  "dateTime" : "04/23/19 14:14:00",
  "value" : "10"
},{
  "dateTime" : "04/23/19 14:16:00",
  "value" : "10"
},{
  "dateTime" : "04/23/19 14:55:00",
  "value" : "10"
},{
  "dateTime" : "04/23/19 14:59:00",
  "value" : "20"
},{
  "dateTime" : "04/23/19 15:00:00",
  "value" : "10"
},{
  "dateTime" : "04/23/19 15:01:00",
  "value" : "20"
},{
  "dateTime" : "04/23/19 15:17:00",
  "value" : "10"
},{
  "dateTime" : "04/23/19 15:19:00",
  "value" : "10"
},{
  "dateTime" : "04/24/19 11:31:00",
  "value" : "10"
},{
  "dateTime" : "04/26/19 12:43:00",
  "value" : "10"
},{
  "dateTime" : "04/26/19 12:44:00",
  "value" : "10"
},{
  "dateTime" : "04/26/19 12:45:00",
  "value" : "10"
},{
  "dateTime" : "04/26/19 12:53:00",
  "value" : "10"
},{
  "dateTime" : "04/26/19 12:57:00",
  "value" : "10"
},{
  "dateTime" : "04/26/19 12:58:00",
  "value" : "10"
},{
  "dateTime" : "04/26/19 12:59:00",
  "value" : "10"
},{
  "dateTime" : "04/26/19 13:43:00",
  "value" : "10"
},{
  "dateTime" : "04/26/19 14:22:00",
  "value" : "10"
},{
  "dateTime" : "04/26/19 14:43:00",
  "value" : "10"
},{
  "dateTime" : "04/26/19 15:18:00",
  "value" : "10"
},{
  "dateTime" : "04/26/19 15:36:00",
  "value" : "10"
},{
  "dateTime" : "04/27/19 18:44:00",
  "value" : "10"
},{
  "dateTime" : "04/27/19 19:27:00",
  "value" : "10"
},{
  "dateTime" : "04/27/19 19:30:00",
  "value" : "10"
},{
  "dateTime" : "04/27/19 19:48:00",
  "value" : "10"
},{
  "dateTime" : "04/27/19 19:50:00",
  "value" : "10"
},{
  "dateTime" : "04/27/19 19:55:00",
  "value" : "10"
},{
  "dateTime" : "04/27/19 19:59:00",
  "value" : "10"
},{
  "dateTime" : "04/27/19 20:28:00",
  "value" : "10"
},{
  "dateTime" : "04/27/19 20:30:00",
  "value" : "10"
},{
  "dateTime" : "04/27/19 20:38:00",
  "value" : "10"
},{
  "dateTime" : "04/27/19 21:09:00",
  "value" : "10"
},{
  "dateTime" : "04/27/19 21:37:00",
  "value" : "10"
},{
  "dateTime" : "04/28/19 12:38:00",
  "value" : "10"
},{
  "dateTime" : "04/28/19 16:32:00",
  "value" : "10"
},{
  "dateTime" : "04/28/19 16:34:00",
  "value" : "30"
},{
  "dateTime" : "04/28/19 17:48:00",
  "value" : "10"
},{
  "dateTime" : "04/28/19 17:50:00",
  "value" : "10"
},{
  "dateTime" : "04/28/19 17:52:00",
  "value" : "10"
},{
  "dateTime" : "04/28/19 17:53:00",
  "value" : "10"
},{
  "dateTime" : "04/28/19 21:57:00",
  "value" : "10"
},{
  "dateTime" : "04/29/19 20:49:00",
  "value" : "10"
},{
  "dateTime" : "04/30/19 08:33:00",
  "value" : "10"
},{
  "dateTime" : "04/30/19 08:38:00",
  "value" : "10"
},{
  "dateTime" : "04/30/19 08:39:00",
  "value" : "10"
},{
  "dateTime" : "04/30/19 08:46:00",
  "value" : "10"
},{
  "dateTime" : "04/30/19 11:49:00",
  "value" : "10"
},{
  "dateTime" : "04/30/19 16:33:00",
  "value" : "10"
},{
  "dateTime" : "05/01/19 11:19:00",
  "value" : "10"
},{
  "dateTime" : "05/01/19 13:24:00",
  "value" : "10"
},{
  "dateTime" : "05/01/19 13:27:00",
  "value" : "10"
},{
  "dateTime" : "05/01/19 13:28:00",
  "value" : "10"
},{
  "dateTime" : "05/01/19 13:32:00",
  "value" : "10"
},{
  "dateTime" : "05/01/19 13:36:00",
  "value" : "10"
},{
  "dateTime" : "05/01/19 14:02:00",
  "value" : "10"
},{
  "dateTime" : "05/02/19 09:10:00",
  "value" : "10"
},{
  "dateTime" : "05/02/19 12:48:00",
  "value" : "10"
},{
  "dateTime" : "05/02/19 13:25:00",
  "value" : "10"
},{
  "dateTime" : "05/02/19 13:44:00",
  "value" : "10"
},{
  "dateTime" : "05/02/19 15:07:00",
  "value" : "10"
},{
  "dateTime" : "05/02/19 15:49:00",
  "value" : "10"
},{
  "dateTime" : "05/02/19 17:08:00",
  "value" : "10"
},{
  "dateTime" : "05/02/19 17:48:00",
  "value" : "10"
},{
  "dateTime" : "05/02/19 21:41:00",
  "value" : "10"
},{
  "dateTime" : "05/03/19 08:31:00",
  "value" : "10"
},{
  "dateTime" : "05/03/19 09:20:00",
  "value" : "10"
},{
  "dateTime" : "05/03/19 09:48:00",
  "value" : "10"
},{
  "dateTime" : "05/03/19 11:23:00",
  "value" : "10"
},{
  "dateTime" : "05/03/19 17:51:00",
  "value" : "10"
},{
  "dateTime" : "05/03/19 17:53:00",
  "value" : "20"
},{
  "dateTime" : "05/03/19 17:54:00",
  "value" : "10"
},{
  "dateTime" : "05/03/19 17:55:00",
  "value" : "10"
},{
  "dateTime" : "05/03/19 17:56:00",
  "value" : "10"
},{
  "dateTime" : "05/03/19 18:00:00",
  "value" : "10"
},{
  "dateTime" : "05/03/19 18:15:00",
  "value" : "10"
},{
  "dateTime" : "05/03/19 18:17:00",
  "value" : "10"
},{
  "dateTime" : "05/03/19 20:36:00",
  "value" : "10"
},{
  "dateTime" : "05/03/19 20:58:00",
  "value" : "20"
},{
  "dateTime" : "05/04/19 08:27:00",
  "value" : "10"
},{
  "dateTime" : "05/04/19 08:40:00",
  "value" : "10"
},{
  "dateTime" : "05/04/19 08:43:00",
  "value" : "10"
},{
  "dateTime" : "05/04/19 10:00:00",
  "value" : "10"
},{
  "dateTime" : "05/04/19 11:46:00",
  "value" : "20"
},{
  "dateTime" : "05/04/19 11:49:00",
  "value" : "10"
},{
  "dateTime" : "05/04/19 11:51:00",
  "value" : "20"
},{
  "dateTime" : "05/04/19 12:06:00",
  "value" : "10"
},{
  "dateTime" : "05/04/19 12:11:00",
  "value" : "10"
},{
  "dateTime" : "05/04/19 12:57:00",
  "value" : "10"
},{
  "dateTime" : "05/06/19 14:08:00",
  "value" : "10"
},{
  "dateTime" : "05/06/19 14:37:00",
  "value" : "20"
},{
  "dateTime" : "05/06/19 14:38:00",
  "value" : "10"
},{
  "dateTime" : "05/06/19 14:39:00",
  "value" : "10"
},{
  "dateTime" : "05/06/19 14:40:00",
  "value" : "10"
},{
  "dateTime" : "05/06/19 14:42:00",
  "value" : "10"
},{
  "dateTime" : "05/06/19 14:43:00",
  "value" : "10"
},{
  "dateTime" : "05/06/19 14:44:00",
  "value" : "10"
},{
  "dateTime" : "05/06/19 14:45:00",
  "value" : "10"
},{
  "dateTime" : "05/07/19 21:29:00",
  "value" : "10"
},{
  "dateTime" : "05/07/19 21:31:00",
  "value" : "10"
},{
  "dateTime" : "05/08/19 12:54:00",
  "value" : "10"
},{
  "dateTime" : "05/08/19 12:56:00",
  "value" : "10"
},{
  "dateTime" : "05/08/19 12:57:00",
  "value" : "10"
},{
  "dateTime" : "05/08/19 13:04:00",
  "value" : "10"
},{
  "dateTime" : "05/08/19 13:05:00",
  "value" : "10"
},{
  "dateTime" : "05/08/19 13:18:00",
  "value" : "10"
},{
  "dateTime" : "05/08/19 13:22:00",
  "value" : "10"
},{
  "dateTime" : "05/08/19 14:13:00",
  "value" : "10"
},{
  "dateTime" : "05/08/19 17:59:00",
  "value" : "10"
},{
  "dateTime" : "05/08/19 21:22:00",
  "value" : "10"
},{
  "dateTime" : "05/09/19 14:24:00",
  "value" : "10"
},{
  "dateTime" : "05/10/19 16:20:00",
  "value" : "10"
},{
  "dateTime" : "05/10/19 17:43:00",
  "value" : "10"
},{
  "dateTime" : "05/11/19 19:15:00",
  "value" : "10"
},{
  "dateTime" : "05/12/19 21:30:00",
  "value" : "10"
},{
  "dateTime" : "05/13/19 16:49:00",
  "value" : "10"
},{
  "dateTime" : "05/13/19 16:53:00",
  "value" : "10"
},{
  "dateTime" : "05/13/19 16:54:00",
  "value" : "20"
},{
  "dateTime" : "05/13/19 16:55:00",
  "value" : "10"
},{
  "dateTime" : "05/13/19 16:56:00",
  "value" : "10"
},{
  "dateTime" : "05/13/19 16:57:00",
  "value" : "20"
},{
  "dateTime" : "05/13/19 16:58:00",
  "value" : "10"
},{
  "dateTime" : "05/13/19 17:05:00",
  "value" : "10"
},{
  "dateTime" : "05/13/19 17:10:00",
  "value" : "10"
},{
  "dateTime" : "05/13/19 17:12:00",
  "value" : "10"
},{
  "dateTime" : "05/13/19 17:13:00",
  "value" : "10"
},{
  "dateTime" : "05/13/19 17:14:00",
  "value" : "10"
},{
  "dateTime" : "05/13/19 17:20:00",
  "value" : "10"
},{
  "dateTime" : "05/13/19 18:52:00",
  "value" : "10"
},{
  "dateTime" : "05/13/19 19:37:00",
  "value" : "10"
},{
  "dateTime" : "05/16/19 15:02:00",
  "value" : "10"
},{
  "dateTime" : "05/16/19 15:03:00",
  "value" : "20"
},{
  "dateTime" : "05/16/19 15:04:00",
  "value" : "20"
},{
  "dateTime" : "05/16/19 17:41:00",
  "value" : "10"
},{
  "dateTime" : "05/16/19 20:23:00",
  "value" : "10"
},{
  "dateTime" : "05/16/19 20:32:00",
  "value" : "10"
},{
  "dateTime" : "05/16/19 20:33:00",
  "value" : "10"
},{
  "dateTime" : "05/17/19 10:09:00",
  "value" : "10"
},{
  "dateTime" : "05/17/19 10:10:00",
  "value" : "10"
},{
  "dateTime" : "05/17/19 10:15:00",
  "value" : "10"
},{
  "dateTime" : "05/17/19 10:18:00",
  "value" : "10"
},{
  "dateTime" : "05/17/19 14:25:00",
  "value" : "10"
},{
  "dateTime" : "05/17/19 16:55:00",
  "value" : "10"
},{
  "dateTime" : "05/18/19 15:55:00",
  "value" : "10"
},{
  "dateTime" : "05/19/19 19:16:00",
  "value" : "10"
}]