[{
  "dateTime" : "07/22/19 13:19:00",
  "value" : "10"
},{
  "dateTime" : "07/24/19 15:42:00",
  "value" : "10"
},{
  "dateTime" : "07/24/19 15:48:00",
  "value" : "20"
},{
  "dateTime" : "07/24/19 15:50:00",
  "value" : "10"
},{
  "dateTime" : "07/24/19 16:04:00",
  "value" : "10"
},{
  "dateTime" : "07/24/19 16:36:00",
  "value" : "10"
},{
  "dateTime" : "07/24/19 16:39:00",
  "value" : "10"
},{
  "dateTime" : "07/24/19 17:11:00",
  "value" : "10"
},{
  "dateTime" : "07/24/19 17:14:00",
  "value" : "10"
},{
  "dateTime" : "07/24/19 17:25:00",
  "value" : "10"
},{
  "dateTime" : "07/24/19 17:36:00",
  "value" : "10"
},{
  "dateTime" : "07/24/19 18:01:00",
  "value" : "10"
},{
  "dateTime" : "07/24/19 18:02:00",
  "value" : "10"
},{
  "dateTime" : "07/24/19 18:05:00",
  "value" : "10"
},{
  "dateTime" : "07/24/19 18:12:00",
  "value" : "10"
},{
  "dateTime" : "07/24/19 18:16:00",
  "value" : "10"
},{
  "dateTime" : "07/24/19 18:22:00",
  "value" : "10"
},{
  "dateTime" : "07/24/19 18:23:00",
  "value" : "10"
},{
  "dateTime" : "07/24/19 18:27:00",
  "value" : "10"
},{
  "dateTime" : "07/24/19 18:47:00",
  "value" : "10"
},{
  "dateTime" : "07/24/19 18:48:00",
  "value" : "10"
},{
  "dateTime" : "07/24/19 18:53:00",
  "value" : "10"
},{
  "dateTime" : "07/24/19 18:56:00",
  "value" : "10"
},{
  "dateTime" : "07/24/19 18:59:00",
  "value" : "10"
},{
  "dateTime" : "07/24/19 19:00:00",
  "value" : "10"
},{
  "dateTime" : "07/24/19 19:02:00",
  "value" : "40"
},{
  "dateTime" : "07/24/19 19:03:00",
  "value" : "20"
},{
  "dateTime" : "07/24/19 19:04:00",
  "value" : "20"
},{
  "dateTime" : "07/24/19 19:05:00",
  "value" : "10"
},{
  "dateTime" : "07/24/19 19:14:00",
  "value" : "10"
},{
  "dateTime" : "07/24/19 19:15:00",
  "value" : "20"
},{
  "dateTime" : "07/24/19 19:26:00",
  "value" : "10"
},{
  "dateTime" : "07/24/19 19:32:00",
  "value" : "10"
},{
  "dateTime" : "07/24/19 19:33:00",
  "value" : "10"
},{
  "dateTime" : "07/24/19 19:47:00",
  "value" : "20"
},{
  "dateTime" : "07/24/19 20:00:00",
  "value" : "10"
},{
  "dateTime" : "07/24/19 20:02:00",
  "value" : "10"
},{
  "dateTime" : "07/24/19 23:12:00",
  "value" : "10"
},{
  "dateTime" : "07/30/19 13:10:00",
  "value" : "10"
},{
  "dateTime" : "07/31/19 09:59:00",
  "value" : "10"
},{
  "dateTime" : "07/31/19 16:58:00",
  "value" : "10"
},{
  "dateTime" : "08/01/19 19:52:00",
  "value" : "10"
},{
  "dateTime" : "08/01/19 21:45:00",
  "value" : "10"
},{
  "dateTime" : "08/01/19 22:00:00",
  "value" : "10"
},{
  "dateTime" : "08/02/19 17:52:00",
  "value" : "10"
},{
  "dateTime" : "08/07/19 21:55:00",
  "value" : "10"
},{
  "dateTime" : "08/07/19 21:57:00",
  "value" : "30"
},{
  "dateTime" : "08/07/19 22:11:00",
  "value" : "10"
},{
  "dateTime" : "08/07/19 22:14:00",
  "value" : "10"
},{
  "dateTime" : "08/07/19 22:17:00",
  "value" : "10"
},{
  "dateTime" : "08/10/19 17:03:00",
  "value" : "10"
},{
  "dateTime" : "08/10/19 18:44:00",
  "value" : "10"
},{
  "dateTime" : "08/10/19 18:45:00",
  "value" : "10"
},{
  "dateTime" : "08/10/19 20:24:00",
  "value" : "10"
},{
  "dateTime" : "08/10/19 20:25:00",
  "value" : "10"
},{
  "dateTime" : "08/10/19 21:42:00",
  "value" : "20"
},{
  "dateTime" : "08/10/19 22:00:00",
  "value" : "10"
},{
  "dateTime" : "08/11/19 09:21:00",
  "value" : "10"
},{
  "dateTime" : "08/11/19 10:12:00",
  "value" : "10"
},{
  "dateTime" : "08/11/19 10:31:00",
  "value" : "10"
},{
  "dateTime" : "08/11/19 12:01:00",
  "value" : "10"
},{
  "dateTime" : "08/11/19 12:26:00",
  "value" : "10"
},{
  "dateTime" : "08/11/19 12:54:00",
  "value" : "10"
},{
  "dateTime" : "08/11/19 13:03:00",
  "value" : "10"
},{
  "dateTime" : "08/11/19 13:05:00",
  "value" : "10"
},{
  "dateTime" : "08/11/19 16:00:00",
  "value" : "10"
},{
  "dateTime" : "08/11/19 16:10:00",
  "value" : "10"
},{
  "dateTime" : "08/11/19 16:11:00",
  "value" : "10"
},{
  "dateTime" : "08/11/19 19:04:00",
  "value" : "10"
},{
  "dateTime" : "08/11/19 21:43:00",
  "value" : "10"
},{
  "dateTime" : "08/12/19 00:34:00",
  "value" : "20"
},{
  "dateTime" : "08/12/19 12:06:00",
  "value" : "10"
},{
  "dateTime" : "08/12/19 12:44:00",
  "value" : "10"
},{
  "dateTime" : "08/12/19 14:20:00",
  "value" : "10"
},{
  "dateTime" : "08/12/19 18:44:00",
  "value" : "10"
},{
  "dateTime" : "08/12/19 19:01:00",
  "value" : "10"
},{
  "dateTime" : "08/12/19 21:18:00",
  "value" : "10"
},{
  "dateTime" : "08/12/19 21:19:00",
  "value" : "10"
},{
  "dateTime" : "08/12/19 21:25:00",
  "value" : "10"
},{
  "dateTime" : "08/12/19 21:47:00",
  "value" : "10"
},{
  "dateTime" : "08/12/19 21:57:00",
  "value" : "10"
},{
  "dateTime" : "08/12/19 22:20:00",
  "value" : "10"
},{
  "dateTime" : "08/12/19 22:50:00",
  "value" : "10"
},{
  "dateTime" : "08/13/19 00:31:00",
  "value" : "10"
},{
  "dateTime" : "08/13/19 04:41:00",
  "value" : "10"
},{
  "dateTime" : "08/13/19 09:08:00",
  "value" : "10"
},{
  "dateTime" : "08/13/19 21:27:00",
  "value" : "10"
},{
  "dateTime" : "08/14/19 08:45:00",
  "value" : "10"
},{
  "dateTime" : "08/14/19 08:46:00",
  "value" : "10"
},{
  "dateTime" : "08/14/19 11:48:00",
  "value" : "10"
},{
  "dateTime" : "08/14/19 22:22:00",
  "value" : "10"
},{
  "dateTime" : "08/14/19 22:49:00",
  "value" : "20"
},{
  "dateTime" : "08/14/19 22:50:00",
  "value" : "10"
},{
  "dateTime" : "08/15/19 12:18:00",
  "value" : "10"
},{
  "dateTime" : "08/15/19 17:05:00",
  "value" : "10"
},{
  "dateTime" : "08/16/19 05:13:00",
  "value" : "10"
},{
  "dateTime" : "08/16/19 11:20:00",
  "value" : "10"
},{
  "dateTime" : "08/16/19 18:33:00",
  "value" : "10"
},{
  "dateTime" : "08/16/19 21:03:00",
  "value" : "10"
},{
  "dateTime" : "08/17/19 09:22:00",
  "value" : "10"
},{
  "dateTime" : "08/17/19 16:15:00",
  "value" : "10"
},{
  "dateTime" : "08/17/19 21:54:00",
  "value" : "10"
},{
  "dateTime" : "08/18/19 11:25:00",
  "value" : "10"
},{
  "dateTime" : "08/18/19 11:26:00",
  "value" : "20"
},{
  "dateTime" : "08/18/19 11:31:00",
  "value" : "20"
},{
  "dateTime" : "08/18/19 11:32:00",
  "value" : "20"
},{
  "dateTime" : "08/18/19 11:33:00",
  "value" : "20"
},{
  "dateTime" : "08/18/19 11:50:00",
  "value" : "10"
},{
  "dateTime" : "08/18/19 13:36:00",
  "value" : "10"
},{
  "dateTime" : "08/18/19 15:35:00",
  "value" : "10"
},{
  "dateTime" : "08/18/19 15:37:00",
  "value" : "20"
},{
  "dateTime" : "08/18/19 15:41:00",
  "value" : "10"
},{
  "dateTime" : "08/18/19 15:42:00",
  "value" : "30"
},{
  "dateTime" : "08/18/19 15:45:00",
  "value" : "10"
},{
  "dateTime" : "08/18/19 15:46:00",
  "value" : "10"
},{
  "dateTime" : "08/18/19 15:47:00",
  "value" : "10"
},{
  "dateTime" : "08/18/19 17:18:00",
  "value" : "10"
},{
  "dateTime" : "08/18/19 21:53:00",
  "value" : "10"
},{
  "dateTime" : "08/19/19 05:09:00",
  "value" : "10"
},{
  "dateTime" : "08/19/19 05:12:00",
  "value" : "10"
},{
  "dateTime" : "08/19/19 05:56:00",
  "value" : "10"
},{
  "dateTime" : "08/19/19 06:00:00",
  "value" : "10"
},{
  "dateTime" : "08/19/19 06:06:00",
  "value" : "10"
},{
  "dateTime" : "08/19/19 06:12:00",
  "value" : "10"
},{
  "dateTime" : "08/19/19 14:45:00",
  "value" : "10"
}]