[{
  "dateTime" : "06/21/19 20:56:00",
  "value" : "10"
},{
  "dateTime" : "06/21/19 20:59:00",
  "value" : "10"
},{
  "dateTime" : "06/21/19 21:16:00",
  "value" : "10"
},{
  "dateTime" : "06/21/19 21:57:00",
  "value" : "10"
},{
  "dateTime" : "06/21/19 22:35:00",
  "value" : "10"
},{
  "dateTime" : "06/22/19 01:15:00",
  "value" : "10"
},{
  "dateTime" : "06/22/19 10:49:00",
  "value" : "10"
},{
  "dateTime" : "06/22/19 10:58:00",
  "value" : "10"
},{
  "dateTime" : "06/22/19 12:56:00",
  "value" : "10"
},{
  "dateTime" : "06/22/19 13:01:00",
  "value" : "10"
},{
  "dateTime" : "06/22/19 13:53:00",
  "value" : "10"
},{
  "dateTime" : "06/22/19 14:14:00",
  "value" : "10"
},{
  "dateTime" : "06/22/19 14:23:00",
  "value" : "10"
},{
  "dateTime" : "06/22/19 14:32:00",
  "value" : "10"
},{
  "dateTime" : "06/22/19 14:33:00",
  "value" : "10"
},{
  "dateTime" : "06/22/19 14:41:00",
  "value" : "10"
},{
  "dateTime" : "06/22/19 14:43:00",
  "value" : "10"
},{
  "dateTime" : "06/22/19 17:19:00",
  "value" : "10"
},{
  "dateTime" : "06/22/19 23:09:00",
  "value" : "10"
},{
  "dateTime" : "06/22/19 23:39:00",
  "value" : "10"
},{
  "dateTime" : "06/23/19 00:58:00",
  "value" : "10"
},{
  "dateTime" : "06/23/19 10:15:00",
  "value" : "10"
},{
  "dateTime" : "06/23/19 10:38:00",
  "value" : "10"
},{
  "dateTime" : "06/23/19 18:43:00",
  "value" : "10"
},{
  "dateTime" : "06/24/19 14:29:00",
  "value" : "10"
},{
  "dateTime" : "06/24/19 15:33:00",
  "value" : "10"
},{
  "dateTime" : "06/25/19 12:08:00",
  "value" : "10"
},{
  "dateTime" : "06/25/19 12:13:00",
  "value" : "10"
},{
  "dateTime" : "06/25/19 16:35:00",
  "value" : "10"
},{
  "dateTime" : "06/25/19 16:45:00",
  "value" : "10"
},{
  "dateTime" : "06/26/19 08:04:00",
  "value" : "10"
},{
  "dateTime" : "06/26/19 09:52:00",
  "value" : "10"
},{
  "dateTime" : "06/26/19 09:58:00",
  "value" : "10"
},{
  "dateTime" : "06/27/19 17:01:00",
  "value" : "10"
},{
  "dateTime" : "06/28/19 16:05:00",
  "value" : "10"
},{
  "dateTime" : "06/28/19 22:13:00",
  "value" : "10"
},{
  "dateTime" : "06/29/19 16:38:00",
  "value" : "10"
},{
  "dateTime" : "06/30/19 10:25:00",
  "value" : "10"
},{
  "dateTime" : "06/30/19 12:50:00",
  "value" : "10"
},{
  "dateTime" : "07/01/19 11:37:00",
  "value" : "10"
},{
  "dateTime" : "07/01/19 14:56:00",
  "value" : "10"
},{
  "dateTime" : "07/01/19 19:40:00",
  "value" : "10"
},{
  "dateTime" : "07/01/19 19:44:00",
  "value" : "10"
},{
  "dateTime" : "07/01/19 19:46:00",
  "value" : "30"
},{
  "dateTime" : "07/01/19 19:47:00",
  "value" : "10"
},{
  "dateTime" : "07/01/19 19:48:00",
  "value" : "20"
},{
  "dateTime" : "07/01/19 19:59:00",
  "value" : "10"
},{
  "dateTime" : "07/01/19 20:43:00",
  "value" : "30"
},{
  "dateTime" : "07/01/19 20:53:00",
  "value" : "10"
},{
  "dateTime" : "07/01/19 22:26:00",
  "value" : "10"
},{
  "dateTime" : "07/02/19 05:29:00",
  "value" : "10"
},{
  "dateTime" : "07/02/19 07:28:00",
  "value" : "10"
},{
  "dateTime" : "07/02/19 07:29:00",
  "value" : "20"
},{
  "dateTime" : "07/02/19 07:30:00",
  "value" : "20"
},{
  "dateTime" : "07/02/19 07:31:00",
  "value" : "10"
},{
  "dateTime" : "07/02/19 07:33:00",
  "value" : "20"
},{
  "dateTime" : "07/02/19 07:34:00",
  "value" : "10"
},{
  "dateTime" : "07/02/19 07:35:00",
  "value" : "10"
},{
  "dateTime" : "07/02/19 07:47:00",
  "value" : "10"
},{
  "dateTime" : "07/02/19 07:48:00",
  "value" : "10"
},{
  "dateTime" : "07/02/19 07:52:00",
  "value" : "10"
},{
  "dateTime" : "07/02/19 08:47:00",
  "value" : "10"
},{
  "dateTime" : "07/02/19 17:41:00",
  "value" : "10"
},{
  "dateTime" : "07/02/19 20:23:00",
  "value" : "10"
},{
  "dateTime" : "07/03/19 13:32:00",
  "value" : "10"
},{
  "dateTime" : "07/03/19 18:39:00",
  "value" : "10"
},{
  "dateTime" : "07/04/19 17:13:00",
  "value" : "10"
},{
  "dateTime" : "07/04/19 22:31:00",
  "value" : "10"
},{
  "dateTime" : "07/05/19 10:25:00",
  "value" : "10"
},{
  "dateTime" : "07/07/19 17:51:00",
  "value" : "10"
},{
  "dateTime" : "07/07/19 18:28:00",
  "value" : "10"
},{
  "dateTime" : "07/07/19 18:57:00",
  "value" : "10"
},{
  "dateTime" : "07/07/19 19:13:00",
  "value" : "10"
},{
  "dateTime" : "07/07/19 19:16:00",
  "value" : "10"
},{
  "dateTime" : "07/08/19 19:55:00",
  "value" : "10"
},{
  "dateTime" : "07/11/19 08:41:00",
  "value" : "10"
},{
  "dateTime" : "07/11/19 08:45:00",
  "value" : "10"
},{
  "dateTime" : "07/11/19 13:58:00",
  "value" : "10"
},{
  "dateTime" : "07/11/19 13:59:00",
  "value" : "10"
},{
  "dateTime" : "07/11/19 16:57:00",
  "value" : "10"
},{
  "dateTime" : "07/11/19 16:58:00",
  "value" : "10"
},{
  "dateTime" : "07/11/19 17:09:00",
  "value" : "10"
},{
  "dateTime" : "07/12/19 18:40:00",
  "value" : "10"
},{
  "dateTime" : "07/12/19 18:42:00",
  "value" : "10"
},{
  "dateTime" : "07/14/19 18:03:00",
  "value" : "10"
},{
  "dateTime" : "07/15/19 21:42:00",
  "value" : "10"
},{
  "dateTime" : "07/16/19 12:05:00",
  "value" : "10"
},{
  "dateTime" : "07/16/19 18:25:00",
  "value" : "10"
},{
  "dateTime" : "07/16/19 18:27:00",
  "value" : "10"
},{
  "dateTime" : "07/16/19 22:28:00",
  "value" : "10"
},{
  "dateTime" : "07/16/19 22:29:00",
  "value" : "20"
},{
  "dateTime" : "07/16/19 22:30:00",
  "value" : "10"
},{
  "dateTime" : "07/17/19 08:54:00",
  "value" : "10"
},{
  "dateTime" : "07/17/19 09:48:00",
  "value" : "10"
},{
  "dateTime" : "07/17/19 09:49:00",
  "value" : "10"
},{
  "dateTime" : "07/17/19 09:50:00",
  "value" : "20"
},{
  "dateTime" : "07/17/19 14:29:00",
  "value" : "10"
},{
  "dateTime" : "07/18/19 11:17:00",
  "value" : "10"
},{
  "dateTime" : "07/18/19 11:18:00",
  "value" : "10"
},{
  "dateTime" : "07/18/19 11:19:00",
  "value" : "10"
},{
  "dateTime" : "07/18/19 11:21:00",
  "value" : "20"
},{
  "dateTime" : "07/18/19 11:23:00",
  "value" : "10"
},{
  "dateTime" : "07/18/19 11:25:00",
  "value" : "10"
},{
  "dateTime" : "07/18/19 11:28:00",
  "value" : "10"
},{
  "dateTime" : "07/18/19 11:32:00",
  "value" : "10"
},{
  "dateTime" : "07/18/19 11:33:00",
  "value" : "10"
},{
  "dateTime" : "07/18/19 11:47:00",
  "value" : "10"
},{
  "dateTime" : "07/18/19 15:11:00",
  "value" : "10"
},{
  "dateTime" : "07/18/19 15:59:00",
  "value" : "10"
},{
  "dateTime" : "07/18/19 16:12:00",
  "value" : "10"
},{
  "dateTime" : "07/18/19 16:15:00",
  "value" : "10"
},{
  "dateTime" : "07/18/19 16:17:00",
  "value" : "10"
},{
  "dateTime" : "07/18/19 16:26:00",
  "value" : "10"
},{
  "dateTime" : "07/18/19 17:32:00",
  "value" : "10"
},{
  "dateTime" : "07/18/19 17:36:00",
  "value" : "10"
},{
  "dateTime" : "07/18/19 17:55:00",
  "value" : "10"
},{
  "dateTime" : "07/18/19 18:12:00",
  "value" : "10"
},{
  "dateTime" : "07/18/19 18:19:00",
  "value" : "10"
},{
  "dateTime" : "07/18/19 18:20:00",
  "value" : "10"
},{
  "dateTime" : "07/18/19 18:21:00",
  "value" : "10"
},{
  "dateTime" : "07/18/19 18:22:00",
  "value" : "10"
},{
  "dateTime" : "07/18/19 20:41:00",
  "value" : "10"
},{
  "dateTime" : "07/18/19 20:54:00",
  "value" : "10"
},{
  "dateTime" : "07/19/19 14:33:00",
  "value" : "10"
},{
  "dateTime" : "07/19/19 15:09:00",
  "value" : "10"
},{
  "dateTime" : "07/19/19 15:41:00",
  "value" : "10"
},{
  "dateTime" : "07/19/19 16:36:00",
  "value" : "10"
},{
  "dateTime" : "07/19/19 16:41:00",
  "value" : "10"
},{
  "dateTime" : "07/20/19 15:19:00",
  "value" : "10"
}]