[{
  "dateTime" : "12/29/17 18:48:00",
  "value" : "10"
},{
  "dateTime" : "12/29/17 20:24:00",
  "value" : "10"
},{
  "dateTime" : "12/29/17 20:26:00",
  "value" : "10"
},{
  "dateTime" : "12/29/17 20:27:00",
  "value" : "10"
},{
  "dateTime" : "12/29/17 20:41:00",
  "value" : "10"
},{
  "dateTime" : "12/29/17 20:46:00",
  "value" : "10"
},{
  "dateTime" : "12/29/17 21:26:00",
  "value" : "10"
},{
  "dateTime" : "12/29/17 22:29:00",
  "value" : "10"
},{
  "dateTime" : "12/30/17 07:34:00",
  "value" : "10"
},{
  "dateTime" : "12/30/17 07:43:00",
  "value" : "10"
},{
  "dateTime" : "12/30/17 07:44:00",
  "value" : "10"
},{
  "dateTime" : "12/30/17 10:19:00",
  "value" : "10"
},{
  "dateTime" : "12/30/17 10:27:00",
  "value" : "10"
},{
  "dateTime" : "12/30/17 10:29:00",
  "value" : "20"
},{
  "dateTime" : "12/30/17 10:30:00",
  "value" : "20"
},{
  "dateTime" : "12/30/17 10:31:00",
  "value" : "10"
},{
  "dateTime" : "12/30/17 10:32:00",
  "value" : "10"
},{
  "dateTime" : "12/30/17 10:33:00",
  "value" : "20"
},{
  "dateTime" : "12/30/17 10:34:00",
  "value" : "10"
},{
  "dateTime" : "12/30/17 10:54:00",
  "value" : "10"
},{
  "dateTime" : "12/30/17 10:55:00",
  "value" : "20"
},{
  "dateTime" : "12/30/17 11:27:00",
  "value" : "10"
},{
  "dateTime" : "12/30/17 16:06:00",
  "value" : "10"
},{
  "dateTime" : "12/30/17 16:07:00",
  "value" : "10"
},{
  "dateTime" : "12/30/17 17:02:00",
  "value" : "10"
},{
  "dateTime" : "12/30/17 18:43:00",
  "value" : "10"
},{
  "dateTime" : "12/30/17 18:59:00",
  "value" : "10"
},{
  "dateTime" : "12/30/17 19:06:00",
  "value" : "10"
},{
  "dateTime" : "12/30/17 21:30:00",
  "value" : "10"
},{
  "dateTime" : "12/30/17 21:58:00",
  "value" : "10"
},{
  "dateTime" : "12/31/17 12:50:00",
  "value" : "10"
},{
  "dateTime" : "12/31/17 12:54:00",
  "value" : "10"
},{
  "dateTime" : "12/31/17 15:22:00",
  "value" : "10"
},{
  "dateTime" : "12/31/17 17:51:00",
  "value" : "10"
},{
  "dateTime" : "12/31/17 18:29:00",
  "value" : "10"
},{
  "dateTime" : "12/31/17 19:00:00",
  "value" : "10"
},{
  "dateTime" : "12/31/17 19:32:00",
  "value" : "10"
},{
  "dateTime" : "12/31/17 19:54:00",
  "value" : "10"
},{
  "dateTime" : "12/31/17 19:57:00",
  "value" : "10"
},{
  "dateTime" : "12/31/17 20:33:00",
  "value" : "10"
},{
  "dateTime" : "12/31/17 20:42:00",
  "value" : "10"
},{
  "dateTime" : "12/31/17 21:15:00",
  "value" : "10"
},{
  "dateTime" : "12/31/17 21:41:00",
  "value" : "10"
},{
  "dateTime" : "12/31/17 21:48:00",
  "value" : "10"
},{
  "dateTime" : "12/31/17 22:01:00",
  "value" : "10"
},{
  "dateTime" : "12/31/17 22:06:00",
  "value" : "10"
},{
  "dateTime" : "12/31/17 22:18:00",
  "value" : "10"
},{
  "dateTime" : "12/31/17 22:27:00",
  "value" : "10"
},{
  "dateTime" : "12/31/17 23:53:00",
  "value" : "10"
},{
  "dateTime" : "01/01/18 01:38:00",
  "value" : "10"
},{
  "dateTime" : "01/01/18 10:45:00",
  "value" : "10"
},{
  "dateTime" : "01/01/18 12:52:00",
  "value" : "10"
},{
  "dateTime" : "01/01/18 12:55:00",
  "value" : "10"
},{
  "dateTime" : "01/01/18 12:56:00",
  "value" : "20"
},{
  "dateTime" : "01/01/18 12:57:00",
  "value" : "20"
},{
  "dateTime" : "01/01/18 12:58:00",
  "value" : "20"
},{
  "dateTime" : "01/01/18 12:59:00",
  "value" : "10"
},{
  "dateTime" : "01/01/18 13:01:00",
  "value" : "30"
},{
  "dateTime" : "01/01/18 13:20:00",
  "value" : "20"
},{
  "dateTime" : "01/01/18 13:21:00",
  "value" : "10"
},{
  "dateTime" : "01/01/18 13:22:00",
  "value" : "20"
},{
  "dateTime" : "01/01/18 14:43:00",
  "value" : "10"
},{
  "dateTime" : "01/01/18 16:01:00",
  "value" : "10"
},{
  "dateTime" : "01/01/18 23:10:00",
  "value" : "10"
},{
  "dateTime" : "01/02/18 05:33:00",
  "value" : "10"
},{
  "dateTime" : "01/02/18 05:48:00",
  "value" : "10"
},{
  "dateTime" : "01/02/18 05:50:00",
  "value" : "10"
},{
  "dateTime" : "01/02/18 05:56:00",
  "value" : "10"
},{
  "dateTime" : "01/02/18 07:04:00",
  "value" : "10"
},{
  "dateTime" : "01/02/18 08:37:00",
  "value" : "10"
},{
  "dateTime" : "01/02/18 08:38:00",
  "value" : "30"
},{
  "dateTime" : "01/02/18 08:39:00",
  "value" : "30"
},{
  "dateTime" : "01/02/18 08:40:00",
  "value" : "10"
},{
  "dateTime" : "01/02/18 08:41:00",
  "value" : "20"
},{
  "dateTime" : "01/02/18 08:52:00",
  "value" : "20"
},{
  "dateTime" : "01/02/18 11:12:00",
  "value" : "10"
},{
  "dateTime" : "01/02/18 11:19:00",
  "value" : "10"
},{
  "dateTime" : "01/02/18 17:54:00",
  "value" : "10"
},{
  "dateTime" : "01/02/18 20:03:00",
  "value" : "10"
},{
  "dateTime" : "01/02/18 20:43:00",
  "value" : "10"
},{
  "dateTime" : "01/03/18 05:48:00",
  "value" : "10"
},{
  "dateTime" : "01/03/18 09:14:00",
  "value" : "10"
},{
  "dateTime" : "01/03/18 12:24:00",
  "value" : "10"
},{
  "dateTime" : "01/03/18 13:56:00",
  "value" : "10"
},{
  "dateTime" : "01/03/18 18:41:00",
  "value" : "10"
},{
  "dateTime" : "01/03/18 20:03:00",
  "value" : "10"
},{
  "dateTime" : "01/04/18 05:49:00",
  "value" : "10"
},{
  "dateTime" : "01/04/18 07:17:00",
  "value" : "10"
},{
  "dateTime" : "01/04/18 10:01:00",
  "value" : "20"
},{
  "dateTime" : "01/04/18 10:02:00",
  "value" : "30"
},{
  "dateTime" : "01/04/18 10:03:00",
  "value" : "20"
},{
  "dateTime" : "01/04/18 10:05:00",
  "value" : "30"
},{
  "dateTime" : "01/04/18 10:06:00",
  "value" : "10"
},{
  "dateTime" : "01/04/18 10:19:00",
  "value" : "10"
},{
  "dateTime" : "01/04/18 12:15:00",
  "value" : "10"
},{
  "dateTime" : "01/04/18 12:50:00",
  "value" : "10"
},{
  "dateTime" : "01/04/18 13:13:00",
  "value" : "10"
},{
  "dateTime" : "01/04/18 13:14:00",
  "value" : "20"
},{
  "dateTime" : "01/04/18 15:44:00",
  "value" : "10"
},{
  "dateTime" : "01/04/18 15:49:00",
  "value" : "10"
},{
  "dateTime" : "01/04/18 17:45:00",
  "value" : "10"
},{
  "dateTime" : "01/05/18 00:46:00",
  "value" : "10"
},{
  "dateTime" : "01/05/18 09:58:00",
  "value" : "10"
},{
  "dateTime" : "01/05/18 11:31:00",
  "value" : "10"
},{
  "dateTime" : "01/05/18 11:34:00",
  "value" : "10"
},{
  "dateTime" : "01/05/18 12:03:00",
  "value" : "10"
},{
  "dateTime" : "01/05/18 12:05:00",
  "value" : "10"
},{
  "dateTime" : "01/05/18 12:23:00",
  "value" : "10"
},{
  "dateTime" : "01/05/18 12:31:00",
  "value" : "10"
},{
  "dateTime" : "01/05/18 12:35:00",
  "value" : "20"
},{
  "dateTime" : "01/05/18 12:36:00",
  "value" : "10"
},{
  "dateTime" : "01/05/18 12:37:00",
  "value" : "10"
},{
  "dateTime" : "01/05/18 12:39:00",
  "value" : "40"
},{
  "dateTime" : "01/05/18 12:41:00",
  "value" : "10"
},{
  "dateTime" : "01/05/18 12:46:00",
  "value" : "10"
},{
  "dateTime" : "01/05/18 15:51:00",
  "value" : "10"
},{
  "dateTime" : "01/06/18 11:03:00",
  "value" : "10"
},{
  "dateTime" : "01/06/18 11:08:00",
  "value" : "10"
},{
  "dateTime" : "01/06/18 11:09:00",
  "value" : "30"
},{
  "dateTime" : "01/06/18 11:10:00",
  "value" : "20"
},{
  "dateTime" : "01/06/18 11:11:00",
  "value" : "20"
},{
  "dateTime" : "01/06/18 11:12:00",
  "value" : "30"
},{
  "dateTime" : "01/06/18 11:13:00",
  "value" : "10"
},{
  "dateTime" : "01/06/18 11:28:00",
  "value" : "10"
},{
  "dateTime" : "01/06/18 11:31:00",
  "value" : "20"
},{
  "dateTime" : "01/06/18 12:43:00",
  "value" : "10"
},{
  "dateTime" : "01/06/18 15:38:00",
  "value" : "10"
},{
  "dateTime" : "01/06/18 17:28:00",
  "value" : "10"
},{
  "dateTime" : "01/06/18 17:39:00",
  "value" : "10"
},{
  "dateTime" : "01/06/18 20:17:00",
  "value" : "10"
},{
  "dateTime" : "01/07/18 08:41:00",
  "value" : "10"
},{
  "dateTime" : "01/07/18 08:48:00",
  "value" : "10"
},{
  "dateTime" : "01/07/18 09:05:00",
  "value" : "10"
},{
  "dateTime" : "01/07/18 10:32:00",
  "value" : "10"
},{
  "dateTime" : "01/07/18 13:36:00",
  "value" : "10"
},{
  "dateTime" : "01/07/18 13:38:00",
  "value" : "20"
},{
  "dateTime" : "01/07/18 13:59:00",
  "value" : "10"
},{
  "dateTime" : "01/08/18 05:46:00",
  "value" : "10"
},{
  "dateTime" : "01/08/18 05:53:00",
  "value" : "10"
},{
  "dateTime" : "01/08/18 07:08:00",
  "value" : "10"
},{
  "dateTime" : "01/08/18 08:41:00",
  "value" : "10"
},{
  "dateTime" : "01/08/18 09:25:00",
  "value" : "30"
},{
  "dateTime" : "01/08/18 09:26:00",
  "value" : "20"
},{
  "dateTime" : "01/08/18 09:27:00",
  "value" : "20"
},{
  "dateTime" : "01/08/18 09:28:00",
  "value" : "10"
},{
  "dateTime" : "01/08/18 09:29:00",
  "value" : "20"
},{
  "dateTime" : "01/08/18 09:30:00",
  "value" : "10"
},{
  "dateTime" : "01/08/18 11:01:00",
  "value" : "10"
},{
  "dateTime" : "01/08/18 11:13:00",
  "value" : "10"
},{
  "dateTime" : "01/08/18 11:17:00",
  "value" : "10"
},{
  "dateTime" : "01/08/18 18:40:00",
  "value" : "10"
},{
  "dateTime" : "01/08/18 20:07:00",
  "value" : "10"
},{
  "dateTime" : "01/09/18 05:42:00",
  "value" : "10"
},{
  "dateTime" : "01/09/18 05:51:00",
  "value" : "10"
},{
  "dateTime" : "01/09/18 08:54:00",
  "value" : "10"
},{
  "dateTime" : "01/09/18 09:01:00",
  "value" : "10"
},{
  "dateTime" : "01/09/18 09:34:00",
  "value" : "10"
},{
  "dateTime" : "01/09/18 09:36:00",
  "value" : "10"
},{
  "dateTime" : "01/09/18 09:44:00",
  "value" : "10"
},{
  "dateTime" : "01/09/18 10:29:00",
  "value" : "10"
},{
  "dateTime" : "01/09/18 11:12:00",
  "value" : "10"
},{
  "dateTime" : "01/09/18 11:14:00",
  "value" : "10"
},{
  "dateTime" : "01/09/18 11:15:00",
  "value" : "10"
},{
  "dateTime" : "01/09/18 11:17:00",
  "value" : "10"
},{
  "dateTime" : "01/09/18 11:18:00",
  "value" : "10"
},{
  "dateTime" : "01/09/18 11:27:00",
  "value" : "10"
},{
  "dateTime" : "01/10/18 05:40:00",
  "value" : "10"
},{
  "dateTime" : "01/10/18 05:49:00",
  "value" : "10"
},{
  "dateTime" : "01/10/18 10:42:00",
  "value" : "20"
},{
  "dateTime" : "01/10/18 15:22:00",
  "value" : "10"
},{
  "dateTime" : "01/10/18 15:23:00",
  "value" : "10"
},{
  "dateTime" : "01/10/18 15:24:00",
  "value" : "10"
},{
  "dateTime" : "01/10/18 15:27:00",
  "value" : "30"
},{
  "dateTime" : "01/10/18 15:29:00",
  "value" : "20"
},{
  "dateTime" : "01/10/18 15:33:00",
  "value" : "10"
},{
  "dateTime" : "01/10/18 15:34:00",
  "value" : "10"
},{
  "dateTime" : "01/10/18 18:34:00",
  "value" : "10"
},{
  "dateTime" : "01/10/18 18:38:00",
  "value" : "10"
},{
  "dateTime" : "01/10/18 22:48:00",
  "value" : "10"
},{
  "dateTime" : "01/11/18 06:43:00",
  "value" : "10"
},{
  "dateTime" : "01/11/18 08:21:00",
  "value" : "10"
},{
  "dateTime" : "01/11/18 08:55:00",
  "value" : "10"
},{
  "dateTime" : "01/11/18 09:52:00",
  "value" : "20"
},{
  "dateTime" : "01/11/18 09:53:00",
  "value" : "10"
},{
  "dateTime" : "01/11/18 13:46:00",
  "value" : "20"
},{
  "dateTime" : "01/11/18 13:47:00",
  "value" : "10"
},{
  "dateTime" : "01/11/18 13:51:00",
  "value" : "10"
},{
  "dateTime" : "01/12/18 08:51:00",
  "value" : "10"
},{
  "dateTime" : "01/12/18 10:33:00",
  "value" : "10"
},{
  "dateTime" : "01/12/18 10:43:00",
  "value" : "10"
},{
  "dateTime" : "01/12/18 10:44:00",
  "value" : "20"
},{
  "dateTime" : "01/12/18 10:45:00",
  "value" : "20"
},{
  "dateTime" : "01/12/18 10:46:00",
  "value" : "20"
},{
  "dateTime" : "01/12/18 10:47:00",
  "value" : "30"
},{
  "dateTime" : "01/12/18 10:48:00",
  "value" : "10"
},{
  "dateTime" : "01/12/18 11:12:00",
  "value" : "10"
},{
  "dateTime" : "01/12/18 11:13:00",
  "value" : "10"
},{
  "dateTime" : "01/12/18 11:14:00",
  "value" : "20"
},{
  "dateTime" : "01/12/18 12:12:00",
  "value" : "10"
},{
  "dateTime" : "01/13/18 00:23:00",
  "value" : "10"
},{
  "dateTime" : "01/13/18 07:38:00",
  "value" : "10"
},{
  "dateTime" : "01/13/18 11:34:00",
  "value" : "10"
},{
  "dateTime" : "01/13/18 11:44:00",
  "value" : "10"
},{
  "dateTime" : "01/13/18 11:51:00",
  "value" : "10"
},{
  "dateTime" : "01/13/18 12:27:00",
  "value" : "10"
},{
  "dateTime" : "01/13/18 12:28:00",
  "value" : "10"
},{
  "dateTime" : "01/13/18 12:41:00",
  "value" : "10"
},{
  "dateTime" : "01/13/18 12:42:00",
  "value" : "10"
},{
  "dateTime" : "01/13/18 12:43:00",
  "value" : "10"
},{
  "dateTime" : "01/13/18 12:45:00",
  "value" : "20"
},{
  "dateTime" : "01/13/18 14:19:00",
  "value" : "10"
},{
  "dateTime" : "01/14/18 01:02:00",
  "value" : "10"
},{
  "dateTime" : "01/14/18 09:02:00",
  "value" : "10"
},{
  "dateTime" : "01/14/18 09:09:00",
  "value" : "10"
},{
  "dateTime" : "01/14/18 11:19:00",
  "value" : "10"
},{
  "dateTime" : "01/14/18 11:26:00",
  "value" : "10"
},{
  "dateTime" : "01/14/18 13:23:00",
  "value" : "10"
},{
  "dateTime" : "01/14/18 19:39:00",
  "value" : "10"
},{
  "dateTime" : "01/15/18 00:05:00",
  "value" : "10"
},{
  "dateTime" : "01/15/18 09:23:00",
  "value" : "10"
},{
  "dateTime" : "01/15/18 12:53:00",
  "value" : "10"
},{
  "dateTime" : "01/15/18 13:12:00",
  "value" : "10"
},{
  "dateTime" : "01/16/18 09:34:00",
  "value" : "10"
},{
  "dateTime" : "01/16/18 10:09:00",
  "value" : "20"
},{
  "dateTime" : "01/16/18 10:10:00",
  "value" : "10"
},{
  "dateTime" : "01/16/18 10:11:00",
  "value" : "10"
},{
  "dateTime" : "01/16/18 11:10:00",
  "value" : "10"
},{
  "dateTime" : "01/16/18 11:11:00",
  "value" : "10"
},{
  "dateTime" : "01/16/18 11:12:00",
  "value" : "10"
},{
  "dateTime" : "01/16/18 11:14:00",
  "value" : "10"
},{
  "dateTime" : "01/16/18 11:15:00",
  "value" : "10"
},{
  "dateTime" : "01/16/18 11:16:00",
  "value" : "10"
},{
  "dateTime" : "01/16/18 11:17:00",
  "value" : "10"
},{
  "dateTime" : "01/16/18 11:18:00",
  "value" : "10"
},{
  "dateTime" : "01/16/18 11:26:00",
  "value" : "10"
},{
  "dateTime" : "01/16/18 23:08:00",
  "value" : "10"
},{
  "dateTime" : "01/17/18 08:06:00",
  "value" : "10"
},{
  "dateTime" : "01/17/18 08:25:00",
  "value" : "10"
},{
  "dateTime" : "01/17/18 14:07:00",
  "value" : "10"
},{
  "dateTime" : "01/17/18 14:08:00",
  "value" : "10"
},{
  "dateTime" : "01/17/18 14:24:00",
  "value" : "10"
},{
  "dateTime" : "01/17/18 14:25:00",
  "value" : "10"
},{
  "dateTime" : "01/17/18 14:26:00",
  "value" : "10"
},{
  "dateTime" : "01/17/18 14:27:00",
  "value" : "10"
},{
  "dateTime" : "01/17/18 14:28:00",
  "value" : "10"
},{
  "dateTime" : "01/17/18 14:51:00",
  "value" : "10"
},{
  "dateTime" : "01/17/18 23:39:00",
  "value" : "10"
},{
  "dateTime" : "01/18/18 00:21:00",
  "value" : "10"
},{
  "dateTime" : "01/18/18 11:16:00",
  "value" : "10"
},{
  "dateTime" : "01/18/18 11:19:00",
  "value" : "10"
},{
  "dateTime" : "01/18/18 11:21:00",
  "value" : "20"
},{
  "dateTime" : "01/18/18 11:22:00",
  "value" : "20"
},{
  "dateTime" : "01/18/18 11:23:00",
  "value" : "20"
},{
  "dateTime" : "01/18/18 11:24:00",
  "value" : "10"
},{
  "dateTime" : "01/18/18 11:25:00",
  "value" : "20"
},{
  "dateTime" : "01/18/18 11:35:00",
  "value" : "10"
},{
  "dateTime" : "01/18/18 13:27:00",
  "value" : "10"
},{
  "dateTime" : "01/19/18 10:59:00",
  "value" : "10"
},{
  "dateTime" : "01/19/18 11:01:00",
  "value" : "10"
},{
  "dateTime" : "01/19/18 11:02:00",
  "value" : "10"
},{
  "dateTime" : "01/19/18 11:03:00",
  "value" : "10"
},{
  "dateTime" : "01/19/18 11:05:00",
  "value" : "10"
},{
  "dateTime" : "01/19/18 11:06:00",
  "value" : "30"
},{
  "dateTime" : "01/19/18 11:24:00",
  "value" : "10"
},{
  "dateTime" : "01/19/18 12:15:00",
  "value" : "10"
},{
  "dateTime" : "01/19/18 12:16:00",
  "value" : "10"
},{
  "dateTime" : "01/19/18 12:57:00",
  "value" : "10"
},{
  "dateTime" : "01/19/18 17:11:00",
  "value" : "10"
},{
  "dateTime" : "01/19/18 19:55:00",
  "value" : "10"
},{
  "dateTime" : "01/19/18 20:12:00",
  "value" : "10"
},{
  "dateTime" : "01/20/18 11:32:00",
  "value" : "10"
},{
  "dateTime" : "01/20/18 12:04:00",
  "value" : "10"
},{
  "dateTime" : "01/20/18 12:06:00",
  "value" : "10"
},{
  "dateTime" : "01/20/18 12:22:00",
  "value" : "10"
},{
  "dateTime" : "01/20/18 12:24:00",
  "value" : "20"
},{
  "dateTime" : "01/20/18 12:25:00",
  "value" : "20"
},{
  "dateTime" : "01/20/18 12:26:00",
  "value" : "10"
},{
  "dateTime" : "01/20/18 13:58:00",
  "value" : "10"
},{
  "dateTime" : "01/20/18 15:46:00",
  "value" : "10"
},{
  "dateTime" : "01/20/18 16:16:00",
  "value" : "10"
},{
  "dateTime" : "01/21/18 12:52:00",
  "value" : "10"
},{
  "dateTime" : "01/21/18 12:58:00",
  "value" : "10"
},{
  "dateTime" : "01/21/18 13:19:00",
  "value" : "10"
},{
  "dateTime" : "01/21/18 14:58:00",
  "value" : "10"
},{
  "dateTime" : "01/21/18 14:59:00",
  "value" : "10"
},{
  "dateTime" : "01/21/18 16:38:00",
  "value" : "10"
},{
  "dateTime" : "01/21/18 18:59:00",
  "value" : "10"
},{
  "dateTime" : "01/21/18 19:16:00",
  "value" : "10"
},{
  "dateTime" : "01/22/18 05:27:00",
  "value" : "10"
},{
  "dateTime" : "01/22/18 05:38:00",
  "value" : "10"
},{
  "dateTime" : "01/22/18 05:39:00",
  "value" : "10"
},{
  "dateTime" : "01/22/18 05:51:00",
  "value" : "10"
},{
  "dateTime" : "01/22/18 11:49:00",
  "value" : "10"
},{
  "dateTime" : "01/22/18 12:26:00",
  "value" : "10"
},{
  "dateTime" : "01/22/18 16:28:00",
  "value" : "10"
},{
  "dateTime" : "01/22/18 17:11:00",
  "value" : "10"
},{
  "dateTime" : "01/23/18 05:30:00",
  "value" : "10"
},{
  "dateTime" : "01/23/18 07:24:00",
  "value" : "10"
},{
  "dateTime" : "01/23/18 07:54:00",
  "value" : "10"
},{
  "dateTime" : "01/23/18 07:59:00",
  "value" : "20"
},{
  "dateTime" : "01/23/18 08:00:00",
  "value" : "10"
},{
  "dateTime" : "01/23/18 08:01:00",
  "value" : "10"
},{
  "dateTime" : "01/23/18 08:02:00",
  "value" : "20"
},{
  "dateTime" : "01/23/18 08:04:00",
  "value" : "20"
},{
  "dateTime" : "01/23/18 08:15:00",
  "value" : "10"
},{
  "dateTime" : "01/23/18 08:16:00",
  "value" : "10"
},{
  "dateTime" : "01/23/18 09:28:00",
  "value" : "10"
},{
  "dateTime" : "01/23/18 09:58:00",
  "value" : "20"
},{
  "dateTime" : "01/23/18 09:59:00",
  "value" : "20"
},{
  "dateTime" : "01/23/18 11:24:00",
  "value" : "10"
},{
  "dateTime" : "01/23/18 11:25:00",
  "value" : "10"
},{
  "dateTime" : "01/23/18 11:26:00",
  "value" : "10"
},{
  "dateTime" : "01/23/18 11:29:00",
  "value" : "10"
},{
  "dateTime" : "01/23/18 11:30:00",
  "value" : "20"
},{
  "dateTime" : "01/23/18 11:31:00",
  "value" : "10"
},{
  "dateTime" : "01/23/18 11:32:00",
  "value" : "10"
},{
  "dateTime" : "01/23/18 23:02:00",
  "value" : "10"
},{
  "dateTime" : "01/24/18 05:32:00",
  "value" : "10"
},{
  "dateTime" : "01/24/18 05:43:00",
  "value" : "10"
},{
  "dateTime" : "01/24/18 07:10:00",
  "value" : "20"
},{
  "dateTime" : "01/24/18 07:18:00",
  "value" : "10"
},{
  "dateTime" : "01/24/18 08:46:00",
  "value" : "10"
},{
  "dateTime" : "01/24/18 08:49:00",
  "value" : "10"
},{
  "dateTime" : "01/24/18 12:46:00",
  "value" : "10"
},{
  "dateTime" : "01/24/18 12:47:00",
  "value" : "10"
},{
  "dateTime" : "01/24/18 19:27:00",
  "value" : "10"
},{
  "dateTime" : "01/24/18 19:32:00",
  "value" : "10"
},{
  "dateTime" : "01/25/18 11:49:00",
  "value" : "10"
},{
  "dateTime" : "01/25/18 11:59:00",
  "value" : "10"
},{
  "dateTime" : "01/25/18 12:00:00",
  "value" : "20"
},{
  "dateTime" : "01/25/18 12:01:00",
  "value" : "30"
},{
  "dateTime" : "01/25/18 12:02:00",
  "value" : "20"
},{
  "dateTime" : "01/25/18 12:03:00",
  "value" : "20"
},{
  "dateTime" : "01/26/18 07:53:00",
  "value" : "10"
},{
  "dateTime" : "01/26/18 08:15:00",
  "value" : "10"
},{
  "dateTime" : "01/26/18 08:32:00",
  "value" : "10"
},{
  "dateTime" : "01/26/18 19:44:00",
  "value" : "10"
},{
  "dateTime" : "01/26/18 23:21:00",
  "value" : "10"
}]