[{
  "dateTime" : "01/29/18 10:31:00",
  "value" : "10"
},{
  "dateTime" : "01/29/18 10:32:00",
  "value" : "10"
},{
  "dateTime" : "01/29/18 10:33:00",
  "value" : "10"
},{
  "dateTime" : "01/29/18 10:34:00",
  "value" : "10"
},{
  "dateTime" : "01/29/18 10:35:00",
  "value" : "10"
},{
  "dateTime" : "01/29/18 10:36:00",
  "value" : "10"
},{
  "dateTime" : "01/29/18 10:37:00",
  "value" : "30"
},{
  "dateTime" : "01/29/18 10:38:00",
  "value" : "20"
},{
  "dateTime" : "01/29/18 13:20:00",
  "value" : "10"
},{
  "dateTime" : "01/29/18 19:37:00",
  "value" : "10"
},{
  "dateTime" : "01/29/18 23:53:00",
  "value" : "10"
},{
  "dateTime" : "01/30/18 07:25:00",
  "value" : "10"
},{
  "dateTime" : "01/30/18 07:54:00",
  "value" : "10"
},{
  "dateTime" : "01/30/18 07:55:00",
  "value" : "30"
},{
  "dateTime" : "01/30/18 07:56:00",
  "value" : "10"
},{
  "dateTime" : "01/30/18 08:08:00",
  "value" : "10"
},{
  "dateTime" : "01/30/18 08:11:00",
  "value" : "10"
},{
  "dateTime" : "01/30/18 08:12:00",
  "value" : "10"
},{
  "dateTime" : "01/30/18 09:16:00",
  "value" : "10"
},{
  "dateTime" : "01/30/18 09:54:00",
  "value" : "20"
},{
  "dateTime" : "01/30/18 09:55:00",
  "value" : "20"
},{
  "dateTime" : "01/30/18 10:56:00",
  "value" : "10"
},{
  "dateTime" : "01/30/18 11:29:00",
  "value" : "10"
},{
  "dateTime" : "01/30/18 11:30:00",
  "value" : "10"
},{
  "dateTime" : "01/30/18 11:31:00",
  "value" : "10"
},{
  "dateTime" : "01/30/18 11:33:00",
  "value" : "20"
},{
  "dateTime" : "01/30/18 11:34:00",
  "value" : "20"
},{
  "dateTime" : "01/30/18 11:35:00",
  "value" : "10"
},{
  "dateTime" : "01/30/18 11:37:00",
  "value" : "10"
},{
  "dateTime" : "01/30/18 11:46:00",
  "value" : "10"
},{
  "dateTime" : "01/30/18 22:13:00",
  "value" : "10"
},{
  "dateTime" : "01/31/18 08:52:00",
  "value" : "10"
},{
  "dateTime" : "01/31/18 12:53:00",
  "value" : "10"
},{
  "dateTime" : "01/31/18 18:10:00",
  "value" : "10"
},{
  "dateTime" : "01/31/18 18:11:00",
  "value" : "10"
},{
  "dateTime" : "01/31/18 18:14:00",
  "value" : "10"
},{
  "dateTime" : "01/31/18 19:59:00",
  "value" : "10"
},{
  "dateTime" : "01/31/18 20:00:00",
  "value" : "10"
},{
  "dateTime" : "01/31/18 20:01:00",
  "value" : "10"
},{
  "dateTime" : "01/31/18 20:05:00",
  "value" : "10"
},{
  "dateTime" : "01/31/18 20:06:00",
  "value" : "10"
},{
  "dateTime" : "02/01/18 07:38:00",
  "value" : "10"
},{
  "dateTime" : "02/01/18 07:52:00",
  "value" : "20"
},{
  "dateTime" : "02/01/18 07:53:00",
  "value" : "20"
},{
  "dateTime" : "02/01/18 07:54:00",
  "value" : "10"
},{
  "dateTime" : "02/01/18 07:55:00",
  "value" : "20"
},{
  "dateTime" : "02/01/18 07:56:00",
  "value" : "20"
},{
  "dateTime" : "02/01/18 07:57:00",
  "value" : "10"
},{
  "dateTime" : "02/01/18 08:15:00",
  "value" : "20"
},{
  "dateTime" : "02/01/18 08:16:00",
  "value" : "20"
},{
  "dateTime" : "02/01/18 08:18:00",
  "value" : "10"
},{
  "dateTime" : "02/01/18 09:25:00",
  "value" : "10"
},{
  "dateTime" : "02/01/18 09:27:00",
  "value" : "10"
},{
  "dateTime" : "02/01/18 09:53:00",
  "value" : "20"
},{
  "dateTime" : "02/01/18 09:54:00",
  "value" : "20"
},{
  "dateTime" : "02/01/18 12:16:00",
  "value" : "20"
},{
  "dateTime" : "02/01/18 12:20:00",
  "value" : "10"
},{
  "dateTime" : "02/01/18 12:22:00",
  "value" : "10"
},{
  "dateTime" : "02/01/18 12:23:00",
  "value" : "10"
},{
  "dateTime" : "02/01/18 12:24:00",
  "value" : "10"
},{
  "dateTime" : "02/01/18 12:25:00",
  "value" : "20"
},{
  "dateTime" : "02/01/18 12:26:00",
  "value" : "10"
},{
  "dateTime" : "02/01/18 12:27:00",
  "value" : "10"
},{
  "dateTime" : "02/01/18 19:31:00",
  "value" : "10"
},{
  "dateTime" : "02/02/18 07:50:00",
  "value" : "10"
},{
  "dateTime" : "02/02/18 08:33:00",
  "value" : "10"
},{
  "dateTime" : "02/02/18 08:38:00",
  "value" : "10"
},{
  "dateTime" : "02/02/18 08:39:00",
  "value" : "20"
},{
  "dateTime" : "02/02/18 08:40:00",
  "value" : "20"
},{
  "dateTime" : "02/02/18 08:41:00",
  "value" : "10"
},{
  "dateTime" : "02/02/18 08:42:00",
  "value" : "20"
},{
  "dateTime" : "02/02/18 08:43:00",
  "value" : "10"
},{
  "dateTime" : "02/02/18 08:44:00",
  "value" : "10"
},{
  "dateTime" : "02/02/18 08:54:00",
  "value" : "10"
},{
  "dateTime" : "02/02/18 08:55:00",
  "value" : "10"
},{
  "dateTime" : "02/02/18 09:55:00",
  "value" : "10"
},{
  "dateTime" : "02/03/18 02:11:00",
  "value" : "10"
},{
  "dateTime" : "02/03/18 03:34:00",
  "value" : "10"
},{
  "dateTime" : "02/03/18 09:56:00",
  "value" : "10"
},{
  "dateTime" : "02/03/18 10:38:00",
  "value" : "30"
},{
  "dateTime" : "02/03/18 10:39:00",
  "value" : "10"
},{
  "dateTime" : "02/03/18 10:40:00",
  "value" : "10"
},{
  "dateTime" : "02/03/18 10:41:00",
  "value" : "30"
},{
  "dateTime" : "02/03/18 10:42:00",
  "value" : "20"
},{
  "dateTime" : "02/03/18 12:09:00",
  "value" : "10"
},{
  "dateTime" : "02/03/18 23:51:00",
  "value" : "10"
},{
  "dateTime" : "02/04/18 09:52:00",
  "value" : "10"
},{
  "dateTime" : "02/04/18 10:15:00",
  "value" : "10"
},{
  "dateTime" : "02/04/18 10:19:00",
  "value" : "10"
},{
  "dateTime" : "02/04/18 11:44:00",
  "value" : "10"
},{
  "dateTime" : "02/04/18 11:45:00",
  "value" : "10"
},{
  "dateTime" : "02/04/18 11:46:00",
  "value" : "20"
},{
  "dateTime" : "02/04/18 12:00:00",
  "value" : "10"
},{
  "dateTime" : "02/04/18 12:02:00",
  "value" : "20"
},{
  "dateTime" : "02/04/18 12:03:00",
  "value" : "10"
},{
  "dateTime" : "02/04/18 12:04:00",
  "value" : "10"
},{
  "dateTime" : "02/04/18 12:42:00",
  "value" : "10"
},{
  "dateTime" : "02/04/18 12:54:00",
  "value" : "10"
},{
  "dateTime" : "02/04/18 13:19:00",
  "value" : "10"
},{
  "dateTime" : "02/04/18 21:35:00",
  "value" : "10"
},{
  "dateTime" : "02/04/18 22:06:00",
  "value" : "10"
},{
  "dateTime" : "02/05/18 09:23:00",
  "value" : "10"
},{
  "dateTime" : "02/05/18 09:24:00",
  "value" : "20"
},{
  "dateTime" : "02/05/18 09:25:00",
  "value" : "20"
},{
  "dateTime" : "02/05/18 09:26:00",
  "value" : "20"
},{
  "dateTime" : "02/05/18 09:27:00",
  "value" : "10"
},{
  "dateTime" : "02/05/18 09:28:00",
  "value" : "20"
},{
  "dateTime" : "02/05/18 09:29:00",
  "value" : "10"
},{
  "dateTime" : "02/05/18 23:33:00",
  "value" : "10"
},{
  "dateTime" : "02/06/18 05:39:00",
  "value" : "10"
},{
  "dateTime" : "02/06/18 08:06:00",
  "value" : "10"
},{
  "dateTime" : "02/06/18 08:09:00",
  "value" : "10"
},{
  "dateTime" : "02/06/18 08:10:00",
  "value" : "30"
},{
  "dateTime" : "02/06/18 08:11:00",
  "value" : "20"
},{
  "dateTime" : "02/06/18 08:12:00",
  "value" : "20"
},{
  "dateTime" : "02/06/18 08:13:00",
  "value" : "20"
},{
  "dateTime" : "02/06/18 08:22:00",
  "value" : "10"
},{
  "dateTime" : "02/06/18 08:23:00",
  "value" : "10"
},{
  "dateTime" : "02/06/18 08:45:00",
  "value" : "10"
},{
  "dateTime" : "02/06/18 09:19:00",
  "value" : "10"
},{
  "dateTime" : "02/06/18 09:51:00",
  "value" : "10"
},{
  "dateTime" : "02/06/18 09:52:00",
  "value" : "10"
},{
  "dateTime" : "02/06/18 09:55:00",
  "value" : "10"
},{
  "dateTime" : "02/06/18 11:33:00",
  "value" : "10"
},{
  "dateTime" : "02/06/18 11:34:00",
  "value" : "10"
},{
  "dateTime" : "02/06/18 11:36:00",
  "value" : "10"
},{
  "dateTime" : "02/06/18 11:37:00",
  "value" : "20"
},{
  "dateTime" : "02/06/18 11:38:00",
  "value" : "10"
},{
  "dateTime" : "02/06/18 11:39:00",
  "value" : "10"
},{
  "dateTime" : "02/06/18 12:02:00",
  "value" : "10"
},{
  "dateTime" : "02/06/18 18:40:00",
  "value" : "10"
},{
  "dateTime" : "02/07/18 07:47:00",
  "value" : "10"
},{
  "dateTime" : "02/07/18 09:02:00",
  "value" : "10"
},{
  "dateTime" : "02/07/18 15:25:00",
  "value" : "10"
},{
  "dateTime" : "02/07/18 16:36:00",
  "value" : "10"
},{
  "dateTime" : "02/07/18 17:25:00",
  "value" : "10"
},{
  "dateTime" : "02/08/18 07:43:00",
  "value" : "10"
},{
  "dateTime" : "02/08/18 08:27:00",
  "value" : "10"
},{
  "dateTime" : "02/08/18 08:28:00",
  "value" : "30"
},{
  "dateTime" : "02/08/18 08:30:00",
  "value" : "20"
},{
  "dateTime" : "02/08/18 08:31:00",
  "value" : "10"
},{
  "dateTime" : "02/08/18 08:32:00",
  "value" : "20"
},{
  "dateTime" : "02/08/18 08:33:00",
  "value" : "20"
},{
  "dateTime" : "02/08/18 08:34:00",
  "value" : "10"
},{
  "dateTime" : "02/08/18 08:45:00",
  "value" : "10"
},{
  "dateTime" : "02/08/18 08:46:00",
  "value" : "10"
},{
  "dateTime" : "02/08/18 09:27:00",
  "value" : "10"
},{
  "dateTime" : "02/08/18 10:00:00",
  "value" : "20"
},{
  "dateTime" : "02/08/18 10:01:00",
  "value" : "20"
},{
  "dateTime" : "02/08/18 13:59:00",
  "value" : "10"
},{
  "dateTime" : "02/08/18 14:01:00",
  "value" : "10"
},{
  "dateTime" : "02/08/18 14:03:00",
  "value" : "10"
},{
  "dateTime" : "02/08/18 14:04:00",
  "value" : "10"
},{
  "dateTime" : "02/08/18 14:05:00",
  "value" : "20"
},{
  "dateTime" : "02/08/18 14:06:00",
  "value" : "20"
},{
  "dateTime" : "02/09/18 09:35:00",
  "value" : "10"
},{
  "dateTime" : "02/09/18 10:40:00",
  "value" : "10"
},{
  "dateTime" : "02/09/18 11:10:00",
  "value" : "10"
},{
  "dateTime" : "02/09/18 11:14:00",
  "value" : "10"
},{
  "dateTime" : "02/09/18 17:57:00",
  "value" : "10"
},{
  "dateTime" : "02/09/18 18:47:00",
  "value" : "10"
},{
  "dateTime" : "02/10/18 10:07:00",
  "value" : "10"
},{
  "dateTime" : "02/10/18 10:13:00",
  "value" : "10"
},{
  "dateTime" : "02/10/18 10:30:00",
  "value" : "10"
},{
  "dateTime" : "02/10/18 11:06:00",
  "value" : "10"
},{
  "dateTime" : "02/10/18 11:07:00",
  "value" : "10"
},{
  "dateTime" : "02/10/18 11:08:00",
  "value" : "30"
},{
  "dateTime" : "02/10/18 11:09:00",
  "value" : "20"
},{
  "dateTime" : "02/10/18 11:10:00",
  "value" : "30"
},{
  "dateTime" : "02/10/18 11:11:00",
  "value" : "30"
},{
  "dateTime" : "02/10/18 11:16:00",
  "value" : "10"
},{
  "dateTime" : "02/10/18 23:29:00",
  "value" : "10"
},{
  "dateTime" : "02/10/18 23:37:00",
  "value" : "10"
},{
  "dateTime" : "02/11/18 10:36:00",
  "value" : "10"
},{
  "dateTime" : "02/11/18 11:16:00",
  "value" : "10"
},{
  "dateTime" : "02/11/18 11:29:00",
  "value" : "10"
},{
  "dateTime" : "02/11/18 11:30:00",
  "value" : "10"
},{
  "dateTime" : "02/11/18 11:31:00",
  "value" : "20"
},{
  "dateTime" : "02/11/18 11:44:00",
  "value" : "20"
},{
  "dateTime" : "02/11/18 11:45:00",
  "value" : "10"
},{
  "dateTime" : "02/11/18 11:46:00",
  "value" : "20"
},{
  "dateTime" : "02/11/18 11:47:00",
  "value" : "10"
},{
  "dateTime" : "02/11/18 16:35:00",
  "value" : "10"
},{
  "dateTime" : "02/11/18 16:36:00",
  "value" : "30"
},{
  "dateTime" : "02/11/18 16:38:00",
  "value" : "10"
},{
  "dateTime" : "02/11/18 18:08:00",
  "value" : "10"
},{
  "dateTime" : "02/11/18 19:22:00",
  "value" : "10"
},{
  "dateTime" : "02/12/18 05:39:00",
  "value" : "10"
},{
  "dateTime" : "02/12/18 05:50:00",
  "value" : "10"
},{
  "dateTime" : "02/12/18 05:58:00",
  "value" : "10"
},{
  "dateTime" : "02/12/18 08:17:00",
  "value" : "20"
},{
  "dateTime" : "02/12/18 08:18:00",
  "value" : "30"
},{
  "dateTime" : "02/12/18 08:19:00",
  "value" : "10"
},{
  "dateTime" : "02/12/18 08:20:00",
  "value" : "10"
},{
  "dateTime" : "02/12/18 08:21:00",
  "value" : "30"
},{
  "dateTime" : "02/12/18 08:30:00",
  "value" : "20"
},{
  "dateTime" : "02/12/18 09:56:00",
  "value" : "10"
},{
  "dateTime" : "02/12/18 10:11:00",
  "value" : "10"
},{
  "dateTime" : "02/13/18 07:58:00",
  "value" : "10"
},{
  "dateTime" : "02/13/18 08:05:00",
  "value" : "10"
},{
  "dateTime" : "02/13/18 08:06:00",
  "value" : "20"
},{
  "dateTime" : "02/13/18 08:16:00",
  "value" : "20"
},{
  "dateTime" : "02/13/18 08:19:00",
  "value" : "10"
},{
  "dateTime" : "02/13/18 08:20:00",
  "value" : "10"
},{
  "dateTime" : "02/13/18 09:20:00",
  "value" : "10"
},{
  "dateTime" : "02/13/18 09:57:00",
  "value" : "10"
},{
  "dateTime" : "02/13/18 10:00:00",
  "value" : "10"
},{
  "dateTime" : "02/13/18 12:47:00",
  "value" : "20"
},{
  "dateTime" : "02/13/18 12:48:00",
  "value" : "10"
},{
  "dateTime" : "02/13/18 13:50:00",
  "value" : "10"
},{
  "dateTime" : "02/13/18 13:51:00",
  "value" : "10"
},{
  "dateTime" : "02/13/18 13:52:00",
  "value" : "10"
},{
  "dateTime" : "02/13/18 13:54:00",
  "value" : "10"
},{
  "dateTime" : "02/13/18 13:55:00",
  "value" : "20"
},{
  "dateTime" : "02/13/18 13:56:00",
  "value" : "10"
},{
  "dateTime" : "02/13/18 13:57:00",
  "value" : "20"
},{
  "dateTime" : "02/13/18 14:14:00",
  "value" : "10"
},{
  "dateTime" : "02/13/18 19:22:00",
  "value" : "10"
},{
  "dateTime" : "02/13/18 19:46:00",
  "value" : "10"
},{
  "dateTime" : "02/14/18 05:34:00",
  "value" : "10"
},{
  "dateTime" : "02/14/18 07:06:00",
  "value" : "10"
},{
  "dateTime" : "02/14/18 07:22:00",
  "value" : "10"
},{
  "dateTime" : "02/14/18 07:38:00",
  "value" : "20"
},{
  "dateTime" : "02/14/18 07:39:00",
  "value" : "10"
},{
  "dateTime" : "02/14/18 07:40:00",
  "value" : "20"
},{
  "dateTime" : "02/14/18 07:41:00",
  "value" : "10"
},{
  "dateTime" : "02/14/18 07:42:00",
  "value" : "30"
},{
  "dateTime" : "02/14/18 07:43:00",
  "value" : "10"
},{
  "dateTime" : "02/14/18 09:08:00",
  "value" : "10"
},{
  "dateTime" : "02/14/18 14:03:00",
  "value" : "10"
},{
  "dateTime" : "02/14/18 16:47:00",
  "value" : "10"
},{
  "dateTime" : "02/14/18 20:33:00",
  "value" : "10"
},{
  "dateTime" : "02/14/18 21:59:00",
  "value" : "10"
},{
  "dateTime" : "02/15/18 05:44:00",
  "value" : "10"
},{
  "dateTime" : "02/15/18 05:50:00",
  "value" : "10"
},{
  "dateTime" : "02/15/18 05:58:00",
  "value" : "10"
},{
  "dateTime" : "02/15/18 07:20:00",
  "value" : "10"
},{
  "dateTime" : "02/15/18 07:24:00",
  "value" : "10"
},{
  "dateTime" : "02/15/18 07:25:00",
  "value" : "20"
},{
  "dateTime" : "02/15/18 07:26:00",
  "value" : "30"
},{
  "dateTime" : "02/15/18 07:27:00",
  "value" : "20"
},{
  "dateTime" : "02/15/18 07:28:00",
  "value" : "20"
},{
  "dateTime" : "02/15/18 07:38:00",
  "value" : "10"
},{
  "dateTime" : "02/15/18 07:39:00",
  "value" : "10"
},{
  "dateTime" : "02/15/18 08:25:00",
  "value" : "10"
},{
  "dateTime" : "02/15/18 09:10:00",
  "value" : "10"
},{
  "dateTime" : "02/15/18 09:54:00",
  "value" : "10"
},{
  "dateTime" : "02/15/18 09:55:00",
  "value" : "10"
},{
  "dateTime" : "02/15/18 12:29:00",
  "value" : "10"
},{
  "dateTime" : "02/15/18 16:39:00",
  "value" : "10"
},{
  "dateTime" : "02/15/18 19:06:00",
  "value" : "10"
},{
  "dateTime" : "02/15/18 19:07:00",
  "value" : "10"
},{
  "dateTime" : "02/15/18 19:08:00",
  "value" : "20"
},{
  "dateTime" : "02/15/18 19:09:00",
  "value" : "10"
},{
  "dateTime" : "02/15/18 19:27:00",
  "value" : "10"
},{
  "dateTime" : "02/16/18 08:16:00",
  "value" : "10"
},{
  "dateTime" : "02/16/18 08:18:00",
  "value" : "10"
},{
  "dateTime" : "02/16/18 10:07:00",
  "value" : "30"
},{
  "dateTime" : "02/16/18 10:08:00",
  "value" : "20"
},{
  "dateTime" : "02/16/18 10:09:00",
  "value" : "20"
},{
  "dateTime" : "02/16/18 10:10:00",
  "value" : "10"
},{
  "dateTime" : "02/16/18 10:11:00",
  "value" : "30"
},{
  "dateTime" : "02/16/18 10:22:00",
  "value" : "10"
},{
  "dateTime" : "02/16/18 10:23:00",
  "value" : "10"
},{
  "dateTime" : "02/16/18 12:40:00",
  "value" : "10"
},{
  "dateTime" : "02/16/18 12:45:00",
  "value" : "10"
},{
  "dateTime" : "02/16/18 14:36:00",
  "value" : "30"
},{
  "dateTime" : "02/16/18 17:24:00",
  "value" : "10"
},{
  "dateTime" : "02/16/18 17:30:00",
  "value" : "10"
},{
  "dateTime" : "02/16/18 17:53:00",
  "value" : "10"
},{
  "dateTime" : "02/16/18 19:03:00",
  "value" : "10"
},{
  "dateTime" : "02/17/18 06:32:00",
  "value" : "10"
},{
  "dateTime" : "02/17/18 07:32:00",
  "value" : "10"
},{
  "dateTime" : "02/17/18 07:44:00",
  "value" : "10"
},{
  "dateTime" : "02/17/18 08:03:00",
  "value" : "10"
},{
  "dateTime" : "02/17/18 09:59:00",
  "value" : "10"
},{
  "dateTime" : "02/17/18 12:56:00",
  "value" : "10"
},{
  "dateTime" : "02/17/18 14:11:00",
  "value" : "10"
},{
  "dateTime" : "02/17/18 15:51:00",
  "value" : "10"
},{
  "dateTime" : "02/17/18 15:55:00",
  "value" : "10"
},{
  "dateTime" : "02/17/18 15:56:00",
  "value" : "30"
},{
  "dateTime" : "02/17/18 15:58:00",
  "value" : "10"
},{
  "dateTime" : "02/17/18 16:11:00",
  "value" : "10"
},{
  "dateTime" : "02/17/18 16:15:00",
  "value" : "10"
},{
  "dateTime" : "02/17/18 17:26:00",
  "value" : "10"
},{
  "dateTime" : "02/17/18 19:50:00",
  "value" : "10"
},{
  "dateTime" : "02/17/18 19:52:00",
  "value" : "10"
},{
  "dateTime" : "02/18/18 00:22:00",
  "value" : "10"
},{
  "dateTime" : "02/18/18 02:27:00",
  "value" : "10"
},{
  "dateTime" : "02/18/18 08:25:00",
  "value" : "10"
},{
  "dateTime" : "02/18/18 08:55:00",
  "value" : "10"
},{
  "dateTime" : "02/18/18 08:58:00",
  "value" : "10"
},{
  "dateTime" : "02/18/18 09:02:00",
  "value" : "10"
},{
  "dateTime" : "02/18/18 11:14:00",
  "value" : "10"
},{
  "dateTime" : "02/19/18 11:55:00",
  "value" : "10"
},{
  "dateTime" : "02/19/18 12:51:00",
  "value" : "10"
},{
  "dateTime" : "02/19/18 13:12:00",
  "value" : "10"
},{
  "dateTime" : "02/19/18 15:12:00",
  "value" : "10"
},{
  "dateTime" : "02/20/18 01:08:00",
  "value" : "10"
},{
  "dateTime" : "02/20/18 11:01:00",
  "value" : "10"
},{
  "dateTime" : "02/20/18 13:01:00",
  "value" : "10"
},{
  "dateTime" : "02/20/18 13:08:00",
  "value" : "10"
},{
  "dateTime" : "02/20/18 13:34:00",
  "value" : "10"
},{
  "dateTime" : "02/20/18 14:13:00",
  "value" : "10"
},{
  "dateTime" : "02/21/18 08:50:00",
  "value" : "20"
},{
  "dateTime" : "02/21/18 13:02:00",
  "value" : "10"
},{
  "dateTime" : "02/21/18 13:36:00",
  "value" : "30"
},{
  "dateTime" : "02/21/18 13:37:00",
  "value" : "10"
},{
  "dateTime" : "02/21/18 13:38:00",
  "value" : "10"
},{
  "dateTime" : "02/21/18 13:39:00",
  "value" : "10"
},{
  "dateTime" : "02/21/18 13:41:00",
  "value" : "10"
},{
  "dateTime" : "02/21/18 13:42:00",
  "value" : "20"
},{
  "dateTime" : "02/21/18 13:57:00",
  "value" : "10"
},{
  "dateTime" : "02/21/18 13:59:00",
  "value" : "10"
},{
  "dateTime" : "02/21/18 15:22:00",
  "value" : "20"
},{
  "dateTime" : "02/21/18 15:26:00",
  "value" : "10"
},{
  "dateTime" : "02/22/18 08:01:00",
  "value" : "10"
},{
  "dateTime" : "02/22/18 08:18:00",
  "value" : "10"
},{
  "dateTime" : "02/22/18 09:28:00",
  "value" : "10"
},{
  "dateTime" : "02/22/18 09:57:00",
  "value" : "10"
},{
  "dateTime" : "02/22/18 09:58:00",
  "value" : "30"
},{
  "dateTime" : "02/22/18 10:08:00",
  "value" : "10"
},{
  "dateTime" : "02/22/18 12:19:00",
  "value" : "10"
},{
  "dateTime" : "02/22/18 21:53:00",
  "value" : "10"
},{
  "dateTime" : "02/23/18 11:56:00",
  "value" : "10"
},{
  "dateTime" : "02/24/18 12:20:00",
  "value" : "10"
},{
  "dateTime" : "02/24/18 12:32:00",
  "value" : "10"
},{
  "dateTime" : "02/24/18 12:35:00",
  "value" : "10"
},{
  "dateTime" : "02/24/18 12:39:00",
  "value" : "10"
},{
  "dateTime" : "02/24/18 12:40:00",
  "value" : "30"
},{
  "dateTime" : "02/24/18 12:48:00",
  "value" : "10"
},{
  "dateTime" : "02/24/18 12:49:00",
  "value" : "10"
},{
  "dateTime" : "02/24/18 14:24:00",
  "value" : "10"
},{
  "dateTime" : "02/24/18 21:11:00",
  "value" : "10"
},{
  "dateTime" : "02/25/18 11:23:00",
  "value" : "10"
},{
  "dateTime" : "02/25/18 13:09:00",
  "value" : "10"
},{
  "dateTime" : "02/25/18 13:30:00",
  "value" : "10"
},{
  "dateTime" : "02/25/18 13:33:00",
  "value" : "10"
},{
  "dateTime" : "02/25/18 16:39:00",
  "value" : "10"
},{
  "dateTime" : "02/25/18 17:52:00",
  "value" : "10"
}]