[{
  "dateTime" : "09/19/19 10:30:00",
  "value" : "10"
},{
  "dateTime" : "09/19/19 15:51:00",
  "value" : "10"
},{
  "dateTime" : "09/19/19 15:52:00",
  "value" : "10"
},{
  "dateTime" : "09/20/19 20:07:00",
  "value" : "10"
},{
  "dateTime" : "09/21/19 08:45:00",
  "value" : "10"
},{
  "dateTime" : "09/22/19 16:28:00",
  "value" : "10"
},{
  "dateTime" : "09/22/19 16:33:00",
  "value" : "10"
},{
  "dateTime" : "09/22/19 16:34:00",
  "value" : "40"
},{
  "dateTime" : "09/22/19 18:35:00",
  "value" : "10"
},{
  "dateTime" : "09/22/19 18:47:00",
  "value" : "10"
},{
  "dateTime" : "09/22/19 18:53:00",
  "value" : "20"
},{
  "dateTime" : "09/22/19 18:57:00",
  "value" : "10"
},{
  "dateTime" : "09/22/19 18:58:00",
  "value" : "10"
},{
  "dateTime" : "09/23/19 07:58:00",
  "value" : "10"
},{
  "dateTime" : "09/24/19 09:45:00",
  "value" : "10"
},{
  "dateTime" : "09/24/19 11:06:00",
  "value" : "20"
},{
  "dateTime" : "09/24/19 13:21:00",
  "value" : "10"
},{
  "dateTime" : "09/25/19 07:38:00",
  "value" : "10"
},{
  "dateTime" : "09/25/19 17:23:00",
  "value" : "10"
},{
  "dateTime" : "09/26/19 12:17:00",
  "value" : "10"
},{
  "dateTime" : "09/26/19 13:07:00",
  "value" : "10"
},{
  "dateTime" : "09/26/19 16:39:00",
  "value" : "10"
},{
  "dateTime" : "09/26/19 17:07:00",
  "value" : "10"
},{
  "dateTime" : "09/27/19 14:13:00",
  "value" : "10"
},{
  "dateTime" : "09/27/19 18:26:00",
  "value" : "10"
},{
  "dateTime" : "09/27/19 18:32:00",
  "value" : "10"
},{
  "dateTime" : "09/28/19 20:22:00",
  "value" : "10"
},{
  "dateTime" : "09/28/19 20:30:00",
  "value" : "10"
},{
  "dateTime" : "09/29/19 00:45:00",
  "value" : "10"
},{
  "dateTime" : "09/29/19 10:03:00",
  "value" : "10"
},{
  "dateTime" : "09/29/19 10:07:00",
  "value" : "10"
},{
  "dateTime" : "09/29/19 10:40:00",
  "value" : "10"
},{
  "dateTime" : "09/29/19 14:06:00",
  "value" : "10"
},{
  "dateTime" : "09/29/19 14:19:00",
  "value" : "10"
},{
  "dateTime" : "09/29/19 14:27:00",
  "value" : "10"
},{
  "dateTime" : "09/29/19 14:29:00",
  "value" : "10"
},{
  "dateTime" : "09/29/19 14:31:00",
  "value" : "10"
},{
  "dateTime" : "09/29/19 14:32:00",
  "value" : "10"
},{
  "dateTime" : "09/29/19 14:34:00",
  "value" : "20"
},{
  "dateTime" : "09/29/19 14:35:00",
  "value" : "10"
},{
  "dateTime" : "09/29/19 14:43:00",
  "value" : "20"
},{
  "dateTime" : "09/29/19 14:46:00",
  "value" : "10"
},{
  "dateTime" : "09/29/19 16:02:00",
  "value" : "10"
},{
  "dateTime" : "09/29/19 17:22:00",
  "value" : "10"
},{
  "dateTime" : "09/29/19 17:27:00",
  "value" : "10"
},{
  "dateTime" : "09/29/19 17:33:00",
  "value" : "10"
},{
  "dateTime" : "09/29/19 21:53:00",
  "value" : "10"
},{
  "dateTime" : "09/30/19 12:10:00",
  "value" : "10"
},{
  "dateTime" : "10/01/19 07:39:00",
  "value" : "10"
},{
  "dateTime" : "10/02/19 12:25:00",
  "value" : "10"
},{
  "dateTime" : "10/02/19 17:19:00",
  "value" : "10"
},{
  "dateTime" : "10/02/19 17:40:00",
  "value" : "10"
},{
  "dateTime" : "10/03/19 13:04:00",
  "value" : "10"
},{
  "dateTime" : "10/04/19 13:05:00",
  "value" : "10"
},{
  "dateTime" : "10/04/19 13:11:00",
  "value" : "10"
},{
  "dateTime" : "10/04/19 18:08:00",
  "value" : "10"
},{
  "dateTime" : "10/05/19 17:41:00",
  "value" : "10"
},{
  "dateTime" : "10/05/19 18:10:00",
  "value" : "10"
},{
  "dateTime" : "10/06/19 15:07:00",
  "value" : "10"
},{
  "dateTime" : "10/08/19 12:23:00",
  "value" : "10"
},{
  "dateTime" : "10/08/19 12:28:00",
  "value" : "10"
},{
  "dateTime" : "10/08/19 12:29:00",
  "value" : "10"
},{
  "dateTime" : "10/08/19 12:34:00",
  "value" : "10"
},{
  "dateTime" : "10/08/19 12:35:00",
  "value" : "20"
},{
  "dateTime" : "10/08/19 12:37:00",
  "value" : "20"
},{
  "dateTime" : "10/08/19 12:39:00",
  "value" : "10"
},{
  "dateTime" : "10/08/19 12:40:00",
  "value" : "20"
},{
  "dateTime" : "10/08/19 12:43:00",
  "value" : "10"
},{
  "dateTime" : "10/08/19 12:44:00",
  "value" : "10"
},{
  "dateTime" : "10/08/19 12:51:00",
  "value" : "10"
},{
  "dateTime" : "10/08/19 12:52:00",
  "value" : "10"
},{
  "dateTime" : "10/08/19 12:53:00",
  "value" : "10"
},{
  "dateTime" : "10/08/19 12:54:00",
  "value" : "20"
},{
  "dateTime" : "10/08/19 18:26:00",
  "value" : "10"
},{
  "dateTime" : "10/09/19 12:43:00",
  "value" : "10"
},{
  "dateTime" : "10/09/19 12:45:00",
  "value" : "10"
},{
  "dateTime" : "10/09/19 12:46:00",
  "value" : "10"
},{
  "dateTime" : "10/09/19 12:48:00",
  "value" : "10"
},{
  "dateTime" : "10/09/19 12:50:00",
  "value" : "10"
},{
  "dateTime" : "10/09/19 12:51:00",
  "value" : "10"
},{
  "dateTime" : "10/09/19 12:57:00",
  "value" : "10"
},{
  "dateTime" : "10/09/19 12:59:00",
  "value" : "10"
},{
  "dateTime" : "10/09/19 13:05:00",
  "value" : "10"
},{
  "dateTime" : "10/09/19 13:08:00",
  "value" : "20"
},{
  "dateTime" : "10/09/19 13:10:00",
  "value" : "10"
},{
  "dateTime" : "10/10/19 07:36:00",
  "value" : "10"
},{
  "dateTime" : "10/10/19 12:20:00",
  "value" : "10"
},{
  "dateTime" : "10/10/19 12:38:00",
  "value" : "20"
},{
  "dateTime" : "10/10/19 12:54:00",
  "value" : "10"
},{
  "dateTime" : "10/11/19 08:03:00",
  "value" : "10"
},{
  "dateTime" : "10/11/19 14:09:00",
  "value" : "10"
},{
  "dateTime" : "10/11/19 14:14:00",
  "value" : "10"
},{
  "dateTime" : "10/11/19 14:15:00",
  "value" : "10"
},{
  "dateTime" : "10/11/19 14:16:00",
  "value" : "10"
},{
  "dateTime" : "10/11/19 14:17:00",
  "value" : "10"
},{
  "dateTime" : "10/11/19 14:18:00",
  "value" : "10"
},{
  "dateTime" : "10/11/19 14:31:00",
  "value" : "10"
},{
  "dateTime" : "10/11/19 14:40:00",
  "value" : "10"
},{
  "dateTime" : "10/11/19 18:43:00",
  "value" : "10"
},{
  "dateTime" : "10/12/19 12:25:00",
  "value" : "10"
},{
  "dateTime" : "10/12/19 15:04:00",
  "value" : "10"
},{
  "dateTime" : "10/12/19 15:26:00",
  "value" : "10"
},{
  "dateTime" : "10/12/19 15:34:00",
  "value" : "10"
},{
  "dateTime" : "10/12/19 15:47:00",
  "value" : "20"
},{
  "dateTime" : "10/14/19 16:44:00",
  "value" : "10"
},{
  "dateTime" : "10/15/19 12:23:00",
  "value" : "10"
},{
  "dateTime" : "10/15/19 12:47:00",
  "value" : "10"
},{
  "dateTime" : "10/16/19 12:45:00",
  "value" : "10"
},{
  "dateTime" : "10/16/19 12:51:00",
  "value" : "10"
},{
  "dateTime" : "10/16/19 12:52:00",
  "value" : "10"
},{
  "dateTime" : "10/16/19 12:53:00",
  "value" : "10"
},{
  "dateTime" : "10/16/19 12:54:00",
  "value" : "10"
},{
  "dateTime" : "10/16/19 12:55:00",
  "value" : "10"
},{
  "dateTime" : "10/16/19 12:56:00",
  "value" : "10"
},{
  "dateTime" : "10/16/19 12:57:00",
  "value" : "10"
},{
  "dateTime" : "10/16/19 12:58:00",
  "value" : "20"
},{
  "dateTime" : "10/16/19 12:59:00",
  "value" : "20"
},{
  "dateTime" : "10/16/19 13:00:00",
  "value" : "10"
},{
  "dateTime" : "10/16/19 13:01:00",
  "value" : "10"
},{
  "dateTime" : "10/16/19 13:09:00",
  "value" : "10"
},{
  "dateTime" : "10/17/19 12:10:00",
  "value" : "20"
},{
  "dateTime" : "10/17/19 12:11:00",
  "value" : "10"
},{
  "dateTime" : "10/17/19 12:12:00",
  "value" : "10"
},{
  "dateTime" : "10/17/19 12:42:00",
  "value" : "10"
},{
  "dateTime" : "10/17/19 12:47:00",
  "value" : "10"
},{
  "dateTime" : "10/17/19 12:54:00",
  "value" : "10"
},{
  "dateTime" : "10/18/19 08:02:00",
  "value" : "10"
},{
  "dateTime" : "10/18/19 13:26:00",
  "value" : "10"
},{
  "dateTime" : "10/18/19 13:29:00",
  "value" : "10"
},{
  "dateTime" : "10/18/19 13:31:00",
  "value" : "10"
},{
  "dateTime" : "10/18/19 13:32:00",
  "value" : "20"
},{
  "dateTime" : "10/18/19 13:34:00",
  "value" : "20"
},{
  "dateTime" : "10/18/19 13:35:00",
  "value" : "10"
},{
  "dateTime" : "10/18/19 13:36:00",
  "value" : "10"
},{
  "dateTime" : "10/18/19 13:37:00",
  "value" : "30"
},{
  "dateTime" : "10/18/19 13:39:00",
  "value" : "10"
},{
  "dateTime" : "10/18/19 13:41:00",
  "value" : "20"
},{
  "dateTime" : "10/18/19 13:42:00",
  "value" : "10"
},{
  "dateTime" : "10/18/19 13:43:00",
  "value" : "20"
},{
  "dateTime" : "10/18/19 13:49:00",
  "value" : "10"
},{
  "dateTime" : "10/18/19 18:10:00",
  "value" : "10"
}]