[{
  "dateTime" : "09/24/18 07:24:00",
  "value" : "10"
},{
  "dateTime" : "09/24/18 08:54:00",
  "value" : "20"
},{
  "dateTime" : "09/24/18 09:19:00",
  "value" : "10"
},{
  "dateTime" : "09/24/18 09:20:00",
  "value" : "10"
},{
  "dateTime" : "09/24/18 09:21:00",
  "value" : "30"
},{
  "dateTime" : "09/24/18 09:22:00",
  "value" : "10"
},{
  "dateTime" : "09/24/18 09:23:00",
  "value" : "10"
},{
  "dateTime" : "09/24/18 09:24:00",
  "value" : "20"
},{
  "dateTime" : "09/24/18 09:25:00",
  "value" : "10"
},{
  "dateTime" : "09/24/18 09:39:00",
  "value" : "20"
},{
  "dateTime" : "09/24/18 09:40:00",
  "value" : "10"
},{
  "dateTime" : "09/24/18 09:43:00",
  "value" : "10"
},{
  "dateTime" : "09/24/18 10:19:00",
  "value" : "10"
},{
  "dateTime" : "09/24/18 14:06:00",
  "value" : "10"
},{
  "dateTime" : "09/24/18 19:07:00",
  "value" : "10"
},{
  "dateTime" : "09/24/18 23:26:00",
  "value" : "10"
},{
  "dateTime" : "09/25/18 06:00:00",
  "value" : "10"
},{
  "dateTime" : "09/25/18 08:02:00",
  "value" : "10"
},{
  "dateTime" : "09/25/18 08:05:00",
  "value" : "20"
},{
  "dateTime" : "09/25/18 08:06:00",
  "value" : "10"
},{
  "dateTime" : "09/25/18 08:07:00",
  "value" : "10"
},{
  "dateTime" : "09/25/18 08:08:00",
  "value" : "20"
},{
  "dateTime" : "09/25/18 08:09:00",
  "value" : "20"
},{
  "dateTime" : "09/25/18 08:10:00",
  "value" : "10"
},{
  "dateTime" : "09/25/18 08:11:00",
  "value" : "20"
},{
  "dateTime" : "09/25/18 08:44:00",
  "value" : "10"
},{
  "dateTime" : "09/25/18 16:13:00",
  "value" : "10"
},{
  "dateTime" : "09/25/18 17:17:00",
  "value" : "10"
},{
  "dateTime" : "09/25/18 18:45:00",
  "value" : "10"
},{
  "dateTime" : "09/25/18 19:08:00",
  "value" : "20"
},{
  "dateTime" : "09/25/18 19:17:00",
  "value" : "10"
},{
  "dateTime" : "09/25/18 19:18:00",
  "value" : "10"
},{
  "dateTime" : "09/25/18 19:20:00",
  "value" : "20"
},{
  "dateTime" : "09/25/18 19:21:00",
  "value" : "10"
},{
  "dateTime" : "09/25/18 21:21:00",
  "value" : "20"
},{
  "dateTime" : "09/25/18 21:24:00",
  "value" : "30"
},{
  "dateTime" : "09/25/18 21:34:00",
  "value" : "10"
},{
  "dateTime" : "09/25/18 21:56:00",
  "value" : "10"
},{
  "dateTime" : "09/25/18 21:59:00",
  "value" : "10"
},{
  "dateTime" : "09/25/18 22:19:00",
  "value" : "10"
},{
  "dateTime" : "09/25/18 22:36:00",
  "value" : "10"
},{
  "dateTime" : "09/25/18 22:38:00",
  "value" : "10"
},{
  "dateTime" : "09/26/18 00:49:00",
  "value" : "10"
},{
  "dateTime" : "09/26/18 09:09:00",
  "value" : "10"
},{
  "dateTime" : "09/26/18 10:36:00",
  "value" : "10"
},{
  "dateTime" : "09/26/18 14:09:00",
  "value" : "10"
},{
  "dateTime" : "09/26/18 18:15:00",
  "value" : "10"
},{
  "dateTime" : "09/26/18 19:28:00",
  "value" : "10"
},{
  "dateTime" : "09/26/18 22:16:00",
  "value" : "10"
},{
  "dateTime" : "09/26/18 23:33:00",
  "value" : "10"
},{
  "dateTime" : "09/28/18 10:22:00",
  "value" : "10"
},{
  "dateTime" : "09/28/18 10:24:00",
  "value" : "10"
},{
  "dateTime" : "09/28/18 10:25:00",
  "value" : "10"
},{
  "dateTime" : "09/28/18 10:26:00",
  "value" : "10"
},{
  "dateTime" : "09/28/18 10:27:00",
  "value" : "10"
},{
  "dateTime" : "09/28/18 10:28:00",
  "value" : "10"
},{
  "dateTime" : "09/28/18 10:29:00",
  "value" : "10"
},{
  "dateTime" : "09/28/18 10:30:00",
  "value" : "10"
},{
  "dateTime" : "09/28/18 10:31:00",
  "value" : "30"
},{
  "dateTime" : "09/28/18 10:47:00",
  "value" : "20"
},{
  "dateTime" : "09/28/18 10:49:00",
  "value" : "10"
},{
  "dateTime" : "09/28/18 11:04:00",
  "value" : "10"
},{
  "dateTime" : "09/28/18 18:12:00",
  "value" : "10"
},{
  "dateTime" : "09/28/18 19:46:00",
  "value" : "10"
},{
  "dateTime" : "09/28/18 22:12:00",
  "value" : "10"
},{
  "dateTime" : "09/29/18 01:59:00",
  "value" : "10"
},{
  "dateTime" : "09/29/18 10:08:00",
  "value" : "10"
},{
  "dateTime" : "09/29/18 10:54:00",
  "value" : "10"
},{
  "dateTime" : "09/29/18 12:33:00",
  "value" : "10"
},{
  "dateTime" : "09/29/18 13:05:00",
  "value" : "20"
},{
  "dateTime" : "09/29/18 13:06:00",
  "value" : "10"
},{
  "dateTime" : "09/29/18 19:01:00",
  "value" : "10"
},{
  "dateTime" : "09/29/18 19:45:00",
  "value" : "10"
},{
  "dateTime" : "09/30/18 03:13:00",
  "value" : "10"
},{
  "dateTime" : "09/30/18 08:56:00",
  "value" : "10"
},{
  "dateTime" : "09/30/18 09:03:00",
  "value" : "10"
},{
  "dateTime" : "09/30/18 13:02:00",
  "value" : "10"
},{
  "dateTime" : "09/30/18 13:03:00",
  "value" : "10"
},{
  "dateTime" : "09/30/18 13:04:00",
  "value" : "10"
},{
  "dateTime" : "09/30/18 13:05:00",
  "value" : "10"
},{
  "dateTime" : "09/30/18 13:06:00",
  "value" : "10"
},{
  "dateTime" : "09/30/18 13:07:00",
  "value" : "10"
},{
  "dateTime" : "09/30/18 13:08:00",
  "value" : "10"
},{
  "dateTime" : "09/30/18 13:23:00",
  "value" : "10"
},{
  "dateTime" : "09/30/18 13:25:00",
  "value" : "10"
},{
  "dateTime" : "09/30/18 16:57:00",
  "value" : "10"
},{
  "dateTime" : "09/30/18 17:18:00",
  "value" : "10"
},{
  "dateTime" : "09/30/18 18:37:00",
  "value" : "10"
},{
  "dateTime" : "09/30/18 23:54:00",
  "value" : "10"
},{
  "dateTime" : "10/01/18 07:21:00",
  "value" : "10"
},{
  "dateTime" : "10/01/18 09:33:00",
  "value" : "10"
},{
  "dateTime" : "10/01/18 09:34:00",
  "value" : "20"
},{
  "dateTime" : "10/01/18 09:35:00",
  "value" : "20"
},{
  "dateTime" : "10/01/18 09:36:00",
  "value" : "20"
},{
  "dateTime" : "10/01/18 09:37:00",
  "value" : "10"
},{
  "dateTime" : "10/01/18 09:38:00",
  "value" : "10"
},{
  "dateTime" : "10/01/18 09:51:00",
  "value" : "10"
},{
  "dateTime" : "10/01/18 09:53:00",
  "value" : "10"
},{
  "dateTime" : "10/01/18 09:54:00",
  "value" : "10"
},{
  "dateTime" : "10/01/18 10:10:00",
  "value" : "10"
},{
  "dateTime" : "10/01/18 12:21:00",
  "value" : "10"
},{
  "dateTime" : "10/01/18 12:22:00",
  "value" : "10"
},{
  "dateTime" : "10/01/18 19:08:00",
  "value" : "10"
},{
  "dateTime" : "10/02/18 08:53:00",
  "value" : "10"
},{
  "dateTime" : "10/02/18 08:54:00",
  "value" : "10"
},{
  "dateTime" : "10/02/18 08:55:00",
  "value" : "20"
},{
  "dateTime" : "10/02/18 08:56:00",
  "value" : "10"
},{
  "dateTime" : "10/02/18 08:58:00",
  "value" : "10"
},{
  "dateTime" : "10/02/18 08:59:00",
  "value" : "10"
},{
  "dateTime" : "10/02/18 09:00:00",
  "value" : "30"
},{
  "dateTime" : "10/02/18 09:17:00",
  "value" : "10"
},{
  "dateTime" : "10/02/18 09:21:00",
  "value" : "10"
},{
  "dateTime" : "10/02/18 11:42:00",
  "value" : "10"
},{
  "dateTime" : "10/02/18 11:46:00",
  "value" : "10"
},{
  "dateTime" : "10/02/18 22:57:00",
  "value" : "10"
},{
  "dateTime" : "10/03/18 07:29:00",
  "value" : "10"
},{
  "dateTime" : "10/03/18 10:45:00",
  "value" : "10"
},{
  "dateTime" : "10/03/18 18:59:00",
  "value" : "10"
},{
  "dateTime" : "10/03/18 21:50:00",
  "value" : "10"
},{
  "dateTime" : "10/03/18 23:13:00",
  "value" : "10"
},{
  "dateTime" : "10/04/18 08:08:00",
  "value" : "10"
},{
  "dateTime" : "10/04/18 10:10:00",
  "value" : "10"
},{
  "dateTime" : "10/04/18 10:11:00",
  "value" : "20"
},{
  "dateTime" : "10/04/18 10:12:00",
  "value" : "20"
},{
  "dateTime" : "10/04/18 10:13:00",
  "value" : "30"
},{
  "dateTime" : "10/04/18 10:14:00",
  "value" : "10"
},{
  "dateTime" : "10/04/18 10:26:00",
  "value" : "10"
},{
  "dateTime" : "10/04/18 10:27:00",
  "value" : "10"
},{
  "dateTime" : "10/04/18 10:38:00",
  "value" : "10"
},{
  "dateTime" : "10/04/18 11:38:00",
  "value" : "10"
},{
  "dateTime" : "10/04/18 13:31:00",
  "value" : "10"
},{
  "dateTime" : "10/04/18 20:31:00",
  "value" : "10"
},{
  "dateTime" : "10/04/18 22:24:00",
  "value" : "10"
},{
  "dateTime" : "10/05/18 13:37:00",
  "value" : "10"
},{
  "dateTime" : "10/05/18 13:43:00",
  "value" : "10"
},{
  "dateTime" : "10/05/18 14:01:00",
  "value" : "10"
},{
  "dateTime" : "10/05/18 14:40:00",
  "value" : "10"
},{
  "dateTime" : "10/05/18 14:42:00",
  "value" : "10"
},{
  "dateTime" : "10/05/18 16:00:00",
  "value" : "10"
},{
  "dateTime" : "10/05/18 18:52:00",
  "value" : "10"
},{
  "dateTime" : "10/05/18 22:46:00",
  "value" : "20"
},{
  "dateTime" : "10/05/18 22:49:00",
  "value" : "30"
},{
  "dateTime" : "10/05/18 23:35:00",
  "value" : "10"
},{
  "dateTime" : "10/05/18 23:41:00",
  "value" : "10"
},{
  "dateTime" : "10/06/18 04:01:00",
  "value" : "10"
},{
  "dateTime" : "10/06/18 08:52:00",
  "value" : "10"
},{
  "dateTime" : "10/06/18 08:53:00",
  "value" : "10"
},{
  "dateTime" : "10/06/18 08:56:00",
  "value" : "20"
},{
  "dateTime" : "10/06/18 08:57:00",
  "value" : "20"
},{
  "dateTime" : "10/06/18 08:58:00",
  "value" : "10"
},{
  "dateTime" : "10/06/18 08:59:00",
  "value" : "20"
},{
  "dateTime" : "10/06/18 09:00:00",
  "value" : "10"
},{
  "dateTime" : "10/06/18 09:10:00",
  "value" : "10"
},{
  "dateTime" : "10/06/18 09:12:00",
  "value" : "10"
},{
  "dateTime" : "10/06/18 09:15:00",
  "value" : "10"
},{
  "dateTime" : "10/06/18 10:31:00",
  "value" : "10"
},{
  "dateTime" : "10/06/18 10:38:00",
  "value" : "10"
},{
  "dateTime" : "10/06/18 14:58:00",
  "value" : "10"
},{
  "dateTime" : "10/06/18 20:06:00",
  "value" : "10"
},{
  "dateTime" : "10/06/18 20:12:00",
  "value" : "10"
},{
  "dateTime" : "10/06/18 23:59:00",
  "value" : "10"
},{
  "dateTime" : "10/07/18 01:04:00",
  "value" : "10"
},{
  "dateTime" : "10/07/18 12:52:00",
  "value" : "10"
},{
  "dateTime" : "10/07/18 14:14:00",
  "value" : "10"
},{
  "dateTime" : "10/07/18 14:15:00",
  "value" : "10"
},{
  "dateTime" : "10/07/18 14:31:00",
  "value" : "10"
},{
  "dateTime" : "10/07/18 17:53:00",
  "value" : "10"
},{
  "dateTime" : "10/07/18 17:54:00",
  "value" : "10"
},{
  "dateTime" : "10/07/18 17:55:00",
  "value" : "10"
},{
  "dateTime" : "10/07/18 18:10:00",
  "value" : "10"
},{
  "dateTime" : "10/07/18 18:11:00",
  "value" : "10"
},{
  "dateTime" : "10/07/18 18:12:00",
  "value" : "10"
},{
  "dateTime" : "10/07/18 18:13:00",
  "value" : "10"
},{
  "dateTime" : "10/07/18 18:21:00",
  "value" : "10"
},{
  "dateTime" : "10/07/18 18:58:00",
  "value" : "20"
},{
  "dateTime" : "10/07/18 23:30:00",
  "value" : "10"
},{
  "dateTime" : "10/08/18 09:55:00",
  "value" : "10"
},{
  "dateTime" : "10/08/18 10:28:00",
  "value" : "10"
},{
  "dateTime" : "10/08/18 10:30:00",
  "value" : "20"
},{
  "dateTime" : "10/08/18 10:32:00",
  "value" : "20"
},{
  "dateTime" : "10/08/18 10:34:00",
  "value" : "30"
},{
  "dateTime" : "10/08/18 10:48:00",
  "value" : "10"
},{
  "dateTime" : "10/08/18 10:49:00",
  "value" : "10"
},{
  "dateTime" : "10/08/18 10:53:00",
  "value" : "10"
},{
  "dateTime" : "10/08/18 12:25:00",
  "value" : "10"
},{
  "dateTime" : "10/08/18 12:27:00",
  "value" : "10"
},{
  "dateTime" : "10/08/18 23:22:00",
  "value" : "10"
},{
  "dateTime" : "10/09/18 00:07:00",
  "value" : "10"
},{
  "dateTime" : "10/09/18 00:19:00",
  "value" : "10"
},{
  "dateTime" : "10/09/18 08:18:00",
  "value" : "10"
},{
  "dateTime" : "10/09/18 08:37:00",
  "value" : "10"
},{
  "dateTime" : "10/09/18 08:49:00",
  "value" : "10"
},{
  "dateTime" : "10/09/18 08:51:00",
  "value" : "10"
},{
  "dateTime" : "10/09/18 08:52:00",
  "value" : "10"
},{
  "dateTime" : "10/09/18 08:53:00",
  "value" : "10"
},{
  "dateTime" : "10/09/18 08:54:00",
  "value" : "10"
},{
  "dateTime" : "10/09/18 08:55:00",
  "value" : "10"
},{
  "dateTime" : "10/09/18 08:57:00",
  "value" : "20"
},{
  "dateTime" : "10/09/18 08:58:00",
  "value" : "10"
},{
  "dateTime" : "10/09/18 09:08:00",
  "value" : "10"
},{
  "dateTime" : "10/09/18 09:09:00",
  "value" : "10"
},{
  "dateTime" : "10/09/18 09:10:00",
  "value" : "10"
},{
  "dateTime" : "10/09/18 09:17:00",
  "value" : "10"
},{
  "dateTime" : "10/09/18 10:48:00",
  "value" : "10"
},{
  "dateTime" : "10/09/18 12:52:00",
  "value" : "10"
},{
  "dateTime" : "10/09/18 19:36:00",
  "value" : "10"
},{
  "dateTime" : "10/10/18 10:30:00",
  "value" : "10"
},{
  "dateTime" : "10/10/18 10:55:00",
  "value" : "10"
},{
  "dateTime" : "10/10/18 13:39:00",
  "value" : "10"
},{
  "dateTime" : "10/10/18 20:28:00",
  "value" : "10"
},{
  "dateTime" : "10/10/18 20:38:00",
  "value" : "10"
},{
  "dateTime" : "10/11/18 00:44:00",
  "value" : "10"
},{
  "dateTime" : "10/11/18 17:38:00",
  "value" : "10"
},{
  "dateTime" : "10/11/18 17:40:00",
  "value" : "20"
},{
  "dateTime" : "10/11/18 17:41:00",
  "value" : "10"
},{
  "dateTime" : "10/11/18 17:42:00",
  "value" : "30"
},{
  "dateTime" : "10/11/18 17:43:00",
  "value" : "20"
},{
  "dateTime" : "10/11/18 17:44:00",
  "value" : "20"
},{
  "dateTime" : "10/11/18 17:55:00",
  "value" : "20"
},{
  "dateTime" : "10/11/18 17:56:00",
  "value" : "10"
},{
  "dateTime" : "10/11/18 19:07:00",
  "value" : "10"
},{
  "dateTime" : "10/11/18 21:08:00",
  "value" : "10"
},{
  "dateTime" : "10/12/18 10:48:00",
  "value" : "10"
},{
  "dateTime" : "10/12/18 10:53:00",
  "value" : "10"
},{
  "dateTime" : "10/12/18 10:55:00",
  "value" : "10"
},{
  "dateTime" : "10/12/18 10:59:00",
  "value" : "10"
},{
  "dateTime" : "10/12/18 11:00:00",
  "value" : "30"
},{
  "dateTime" : "10/12/18 11:01:00",
  "value" : "20"
},{
  "dateTime" : "10/12/18 11:02:00",
  "value" : "10"
},{
  "dateTime" : "10/12/18 11:03:00",
  "value" : "10"
},{
  "dateTime" : "10/12/18 11:04:00",
  "value" : "10"
},{
  "dateTime" : "10/12/18 11:19:00",
  "value" : "10"
},{
  "dateTime" : "10/12/18 11:59:00",
  "value" : "10"
},{
  "dateTime" : "10/12/18 12:03:00",
  "value" : "10"
},{
  "dateTime" : "10/12/18 21:47:00",
  "value" : "20"
},{
  "dateTime" : "10/12/18 22:23:00",
  "value" : "20"
},{
  "dateTime" : "10/12/18 22:27:00",
  "value" : "20"
},{
  "dateTime" : "10/12/18 22:28:00",
  "value" : "20"
},{
  "dateTime" : "10/13/18 09:47:00",
  "value" : "10"
},{
  "dateTime" : "10/13/18 10:23:00",
  "value" : "10"
},{
  "dateTime" : "10/13/18 10:29:00",
  "value" : "10"
},{
  "dateTime" : "10/13/18 10:31:00",
  "value" : "10"
},{
  "dateTime" : "10/13/18 10:32:00",
  "value" : "30"
},{
  "dateTime" : "10/13/18 10:33:00",
  "value" : "10"
},{
  "dateTime" : "10/13/18 10:34:00",
  "value" : "30"
},{
  "dateTime" : "10/13/18 10:35:00",
  "value" : "20"
},{
  "dateTime" : "10/13/18 10:46:00",
  "value" : "20"
},{
  "dateTime" : "10/13/18 11:46:00",
  "value" : "10"
},{
  "dateTime" : "10/13/18 15:54:00",
  "value" : "10"
},{
  "dateTime" : "10/13/18 20:23:00",
  "value" : "10"
},{
  "dateTime" : "10/13/18 20:41:00",
  "value" : "10"
},{
  "dateTime" : "10/14/18 09:12:00",
  "value" : "10"
},{
  "dateTime" : "10/14/18 13:18:00",
  "value" : "10"
},{
  "dateTime" : "10/14/18 13:23:00",
  "value" : "10"
},{
  "dateTime" : "10/14/18 13:25:00",
  "value" : "10"
},{
  "dateTime" : "10/14/18 13:26:00",
  "value" : "20"
},{
  "dateTime" : "10/14/18 13:27:00",
  "value" : "10"
},{
  "dateTime" : "10/14/18 13:36:00",
  "value" : "10"
},{
  "dateTime" : "10/14/18 13:37:00",
  "value" : "10"
},{
  "dateTime" : "10/14/18 13:38:00",
  "value" : "10"
},{
  "dateTime" : "10/14/18 13:39:00",
  "value" : "10"
},{
  "dateTime" : "10/14/18 13:53:00",
  "value" : "10"
},{
  "dateTime" : "10/14/18 17:06:00",
  "value" : "10"
},{
  "dateTime" : "10/14/18 17:57:00",
  "value" : "10"
},{
  "dateTime" : "10/14/18 18:07:00",
  "value" : "10"
},{
  "dateTime" : "10/15/18 09:30:00",
  "value" : "10"
},{
  "dateTime" : "10/15/18 09:33:00",
  "value" : "10"
},{
  "dateTime" : "10/15/18 09:35:00",
  "value" : "10"
},{
  "dateTime" : "10/15/18 09:36:00",
  "value" : "10"
},{
  "dateTime" : "10/15/18 09:37:00",
  "value" : "20"
},{
  "dateTime" : "10/15/18 09:38:00",
  "value" : "10"
},{
  "dateTime" : "10/15/18 09:40:00",
  "value" : "10"
},{
  "dateTime" : "10/15/18 09:41:00",
  "value" : "20"
},{
  "dateTime" : "10/15/18 09:51:00",
  "value" : "10"
},{
  "dateTime" : "10/15/18 12:22:00",
  "value" : "10"
},{
  "dateTime" : "10/15/18 18:33:00",
  "value" : "20"
},{
  "dateTime" : "10/15/18 20:40:00",
  "value" : "10"
},{
  "dateTime" : "10/16/18 07:53:00",
  "value" : "10"
},{
  "dateTime" : "10/16/18 08:47:00",
  "value" : "10"
},{
  "dateTime" : "10/16/18 08:48:00",
  "value" : "20"
},{
  "dateTime" : "10/16/18 08:49:00",
  "value" : "10"
},{
  "dateTime" : "10/16/18 08:51:00",
  "value" : "20"
},{
  "dateTime" : "10/16/18 08:53:00",
  "value" : "20"
},{
  "dateTime" : "10/16/18 09:01:00",
  "value" : "10"
},{
  "dateTime" : "10/16/18 09:02:00",
  "value" : "10"
},{
  "dateTime" : "10/16/18 09:05:00",
  "value" : "10"
},{
  "dateTime" : "10/16/18 10:33:00",
  "value" : "10"
},{
  "dateTime" : "10/16/18 17:49:00",
  "value" : "10"
},{
  "dateTime" : "10/16/18 22:57:00",
  "value" : "10"
},{
  "dateTime" : "10/17/18 05:41:00",
  "value" : "10"
},{
  "dateTime" : "10/17/18 07:21:00",
  "value" : "10"
},{
  "dateTime" : "10/17/18 07:40:00",
  "value" : "10"
},{
  "dateTime" : "10/17/18 07:41:00",
  "value" : "10"
},{
  "dateTime" : "10/17/18 07:42:00",
  "value" : "30"
},{
  "dateTime" : "10/17/18 07:44:00",
  "value" : "10"
},{
  "dateTime" : "10/17/18 07:45:00",
  "value" : "20"
},{
  "dateTime" : "10/17/18 07:54:00",
  "value" : "10"
},{
  "dateTime" : "10/17/18 07:55:00",
  "value" : "10"
},{
  "dateTime" : "10/17/18 07:58:00",
  "value" : "10"
},{
  "dateTime" : "10/17/18 08:04:00",
  "value" : "10"
},{
  "dateTime" : "10/17/18 09:20:00",
  "value" : "10"
},{
  "dateTime" : "10/17/18 09:30:00",
  "value" : "10"
},{
  "dateTime" : "10/17/18 17:34:00",
  "value" : "10"
},{
  "dateTime" : "10/17/18 18:27:00",
  "value" : "10"
},{
  "dateTime" : "10/17/18 19:18:00",
  "value" : "10"
},{
  "dateTime" : "10/17/18 20:20:00",
  "value" : "10"
},{
  "dateTime" : "10/17/18 20:23:00",
  "value" : "10"
},{
  "dateTime" : "10/17/18 22:41:00",
  "value" : "10"
},{
  "dateTime" : "10/18/18 07:56:00",
  "value" : "10"
},{
  "dateTime" : "10/18/18 08:08:00",
  "value" : "10"
},{
  "dateTime" : "10/18/18 09:34:00",
  "value" : "10"
},{
  "dateTime" : "10/18/18 09:40:00",
  "value" : "10"
},{
  "dateTime" : "10/18/18 09:41:00",
  "value" : "10"
},{
  "dateTime" : "10/18/18 09:42:00",
  "value" : "10"
},{
  "dateTime" : "10/18/18 09:43:00",
  "value" : "10"
},{
  "dateTime" : "10/18/18 09:44:00",
  "value" : "10"
},{
  "dateTime" : "10/18/18 09:45:00",
  "value" : "20"
},{
  "dateTime" : "10/18/18 09:46:00",
  "value" : "20"
},{
  "dateTime" : "10/18/18 09:47:00",
  "value" : "10"
},{
  "dateTime" : "10/18/18 09:48:00",
  "value" : "10"
},{
  "dateTime" : "10/18/18 10:05:00",
  "value" : "10"
},{
  "dateTime" : "10/18/18 10:06:00",
  "value" : "10"
},{
  "dateTime" : "10/18/18 11:30:00",
  "value" : "10"
},{
  "dateTime" : "10/18/18 12:46:00",
  "value" : "10"
},{
  "dateTime" : "10/18/18 12:54:00",
  "value" : "10"
},{
  "dateTime" : "10/18/18 13:03:00",
  "value" : "10"
},{
  "dateTime" : "10/18/18 14:48:00",
  "value" : "10"
},{
  "dateTime" : "10/18/18 18:46:00",
  "value" : "10"
},{
  "dateTime" : "10/18/18 22:14:00",
  "value" : "10"
},{
  "dateTime" : "10/19/18 07:12:00",
  "value" : "10"
},{
  "dateTime" : "10/19/18 08:47:00",
  "value" : "10"
},{
  "dateTime" : "10/19/18 08:57:00",
  "value" : "10"
},{
  "dateTime" : "10/19/18 09:03:00",
  "value" : "10"
},{
  "dateTime" : "10/19/18 09:05:00",
  "value" : "10"
},{
  "dateTime" : "10/19/18 09:06:00",
  "value" : "10"
},{
  "dateTime" : "10/19/18 09:07:00",
  "value" : "20"
},{
  "dateTime" : "10/19/18 09:09:00",
  "value" : "10"
},{
  "dateTime" : "10/19/18 09:10:00",
  "value" : "30"
},{
  "dateTime" : "10/19/18 09:22:00",
  "value" : "10"
},{
  "dateTime" : "10/19/18 09:23:00",
  "value" : "10"
},{
  "dateTime" : "10/19/18 11:04:00",
  "value" : "10"
},{
  "dateTime" : "10/19/18 11:10:00",
  "value" : "10"
},{
  "dateTime" : "10/19/18 11:28:00",
  "value" : "10"
},{
  "dateTime" : "10/19/18 18:32:00",
  "value" : "10"
},{
  "dateTime" : "10/19/18 23:48:00",
  "value" : "10"
},{
  "dateTime" : "10/20/18 07:36:00",
  "value" : "10"
},{
  "dateTime" : "10/20/18 09:00:00",
  "value" : "10"
},{
  "dateTime" : "10/20/18 09:07:00",
  "value" : "10"
},{
  "dateTime" : "10/20/18 09:10:00",
  "value" : "10"
},{
  "dateTime" : "10/20/18 09:11:00",
  "value" : "10"
},{
  "dateTime" : "10/20/18 09:13:00",
  "value" : "20"
},{
  "dateTime" : "10/20/18 09:16:00",
  "value" : "10"
},{
  "dateTime" : "10/20/18 09:17:00",
  "value" : "20"
},{
  "dateTime" : "10/20/18 09:18:00",
  "value" : "20"
},{
  "dateTime" : "10/20/18 09:33:00",
  "value" : "10"
},{
  "dateTime" : "10/20/18 09:34:00",
  "value" : "10"
},{
  "dateTime" : "10/20/18 10:52:00",
  "value" : "10"
},{
  "dateTime" : "10/20/18 19:27:00",
  "value" : "20"
},{
  "dateTime" : "10/21/18 00:41:00",
  "value" : "10"
},{
  "dateTime" : "10/21/18 09:05:00",
  "value" : "10"
},{
  "dateTime" : "10/21/18 12:01:00",
  "value" : "10"
},{
  "dateTime" : "10/21/18 12:08:00",
  "value" : "10"
},{
  "dateTime" : "10/21/18 12:11:00",
  "value" : "10"
},{
  "dateTime" : "10/21/18 12:13:00",
  "value" : "20"
},{
  "dateTime" : "10/21/18 12:14:00",
  "value" : "10"
},{
  "dateTime" : "10/21/18 12:15:00",
  "value" : "10"
},{
  "dateTime" : "10/21/18 12:18:00",
  "value" : "10"
},{
  "dateTime" : "10/21/18 12:19:00",
  "value" : "20"
},{
  "dateTime" : "10/21/18 12:20:00",
  "value" : "10"
},{
  "dateTime" : "10/21/18 12:34:00",
  "value" : "10"
},{
  "dateTime" : "10/21/18 12:35:00",
  "value" : "10"
},{
  "dateTime" : "10/21/18 12:46:00",
  "value" : "10"
},{
  "dateTime" : "10/21/18 14:59:00",
  "value" : "10"
},{
  "dateTime" : "10/21/18 17:56:00",
  "value" : "10"
},{
  "dateTime" : "10/21/18 19:10:00",
  "value" : "10"
},{
  "dateTime" : "10/21/18 20:22:00",
  "value" : "10"
},{
  "dateTime" : "10/21/18 22:21:00",
  "value" : "10"
},{
  "dateTime" : "10/22/18 07:21:00",
  "value" : "10"
},{
  "dateTime" : "10/22/18 09:13:00",
  "value" : "20"
},{
  "dateTime" : "10/22/18 09:16:00",
  "value" : "20"
},{
  "dateTime" : "10/22/18 09:19:00",
  "value" : "10"
},{
  "dateTime" : "10/22/18 09:37:00",
  "value" : "10"
},{
  "dateTime" : "10/22/18 09:38:00",
  "value" : "10"
},{
  "dateTime" : "10/22/18 09:39:00",
  "value" : "10"
},{
  "dateTime" : "10/22/18 09:40:00",
  "value" : "10"
},{
  "dateTime" : "10/22/18 09:41:00",
  "value" : "10"
},{
  "dateTime" : "10/22/18 09:42:00",
  "value" : "10"
},{
  "dateTime" : "10/22/18 10:57:00",
  "value" : "10"
},{
  "dateTime" : "10/22/18 12:47:00",
  "value" : "10"
},{
  "dateTime" : "10/22/18 18:59:00",
  "value" : "10"
},{
  "dateTime" : "10/23/18 07:23:00",
  "value" : "10"
},{
  "dateTime" : "10/23/18 07:41:00",
  "value" : "10"
},{
  "dateTime" : "10/23/18 07:42:00",
  "value" : "20"
},{
  "dateTime" : "10/23/18 07:43:00",
  "value" : "20"
},{
  "dateTime" : "10/23/18 07:44:00",
  "value" : "20"
},{
  "dateTime" : "10/23/18 07:45:00",
  "value" : "30"
},{
  "dateTime" : "10/23/18 07:46:00",
  "value" : "10"
},{
  "dateTime" : "10/23/18 07:59:00",
  "value" : "10"
},{
  "dateTime" : "10/23/18 08:00:00",
  "value" : "10"
},{
  "dateTime" : "10/23/18 08:04:00",
  "value" : "10"
},{
  "dateTime" : "10/23/18 11:36:00",
  "value" : "10"
},{
  "dateTime" : "10/23/18 16:46:00",
  "value" : "10"
},{
  "dateTime" : "10/23/18 20:04:00",
  "value" : "10"
}]