[{
  "dateTime" : "08/20/19 08:38:00",
  "value" : "10"
},{
  "dateTime" : "08/20/19 08:41:00",
  "value" : "10"
},{
  "dateTime" : "08/20/19 08:54:00",
  "value" : "10"
},{
  "dateTime" : "08/20/19 09:12:00",
  "value" : "10"
},{
  "dateTime" : "08/20/19 09:29:00",
  "value" : "10"
},{
  "dateTime" : "08/20/19 09:57:00",
  "value" : "20"
},{
  "dateTime" : "08/20/19 09:59:00",
  "value" : "10"
},{
  "dateTime" : "08/20/19 10:12:00",
  "value" : "20"
},{
  "dateTime" : "08/20/19 10:32:00",
  "value" : "10"
},{
  "dateTime" : "08/20/19 10:54:00",
  "value" : "20"
},{
  "dateTime" : "08/20/19 10:55:00",
  "value" : "10"
},{
  "dateTime" : "08/20/19 12:09:00",
  "value" : "10"
},{
  "dateTime" : "08/20/19 12:43:00",
  "value" : "10"
},{
  "dateTime" : "08/20/19 13:15:00",
  "value" : "10"
},{
  "dateTime" : "08/20/19 13:32:00",
  "value" : "10"
},{
  "dateTime" : "08/20/19 13:37:00",
  "value" : "10"
},{
  "dateTime" : "08/20/19 13:38:00",
  "value" : "10"
},{
  "dateTime" : "08/20/19 13:46:00",
  "value" : "10"
},{
  "dateTime" : "08/20/19 14:48:00",
  "value" : "10"
},{
  "dateTime" : "08/20/19 16:21:00",
  "value" : "10"
},{
  "dateTime" : "08/20/19 17:28:00",
  "value" : "10"
},{
  "dateTime" : "08/20/19 18:05:00",
  "value" : "10"
},{
  "dateTime" : "08/20/19 20:03:00",
  "value" : "10"
},{
  "dateTime" : "08/20/19 20:28:00",
  "value" : "10"
},{
  "dateTime" : "08/20/19 21:42:00",
  "value" : "10"
},{
  "dateTime" : "08/21/19 07:02:00",
  "value" : "10"
},{
  "dateTime" : "08/21/19 07:12:00",
  "value" : "10"
},{
  "dateTime" : "08/21/19 08:14:00",
  "value" : "10"
},{
  "dateTime" : "08/21/19 10:15:00",
  "value" : "10"
},{
  "dateTime" : "08/21/19 12:26:00",
  "value" : "10"
},{
  "dateTime" : "08/21/19 13:39:00",
  "value" : "10"
},{
  "dateTime" : "08/21/19 13:48:00",
  "value" : "10"
},{
  "dateTime" : "08/21/19 13:58:00",
  "value" : "10"
},{
  "dateTime" : "08/21/19 14:50:00",
  "value" : "20"
},{
  "dateTime" : "08/21/19 15:46:00",
  "value" : "10"
},{
  "dateTime" : "08/21/19 16:28:00",
  "value" : "10"
},{
  "dateTime" : "08/21/19 17:19:00",
  "value" : "10"
},{
  "dateTime" : "08/21/19 20:34:00",
  "value" : "10"
},{
  "dateTime" : "08/22/19 00:00:00",
  "value" : "10"
},{
  "dateTime" : "08/22/19 11:16:00",
  "value" : "10"
},{
  "dateTime" : "08/22/19 11:41:00",
  "value" : "10"
},{
  "dateTime" : "08/22/19 15:13:00",
  "value" : "20"
},{
  "dateTime" : "08/22/19 16:40:00",
  "value" : "10"
},{
  "dateTime" : "08/22/19 22:20:00",
  "value" : "10"
},{
  "dateTime" : "08/23/19 10:01:00",
  "value" : "10"
},{
  "dateTime" : "08/23/19 12:21:00",
  "value" : "10"
},{
  "dateTime" : "08/23/19 12:31:00",
  "value" : "20"
},{
  "dateTime" : "08/23/19 12:55:00",
  "value" : "20"
},{
  "dateTime" : "08/23/19 17:17:00",
  "value" : "10"
},{
  "dateTime" : "08/23/19 18:35:00",
  "value" : "20"
},{
  "dateTime" : "08/23/19 19:25:00",
  "value" : "10"
},{
  "dateTime" : "08/23/19 20:21:00",
  "value" : "10"
},{
  "dateTime" : "08/23/19 22:59:00",
  "value" : "10"
},{
  "dateTime" : "08/24/19 20:46:00",
  "value" : "10"
},{
  "dateTime" : "08/24/19 21:50:00",
  "value" : "10"
},{
  "dateTime" : "08/24/19 21:51:00",
  "value" : "10"
},{
  "dateTime" : "08/24/19 21:52:00",
  "value" : "10"
},{
  "dateTime" : "08/25/19 10:18:00",
  "value" : "10"
},{
  "dateTime" : "08/25/19 11:36:00",
  "value" : "10"
},{
  "dateTime" : "08/25/19 19:08:00",
  "value" : "10"
},{
  "dateTime" : "08/25/19 22:34:00",
  "value" : "10"
},{
  "dateTime" : "08/26/19 11:42:00",
  "value" : "10"
},{
  "dateTime" : "08/26/19 12:08:00",
  "value" : "10"
},{
  "dateTime" : "08/26/19 12:19:00",
  "value" : "10"
},{
  "dateTime" : "08/26/19 12:37:00",
  "value" : "10"
},{
  "dateTime" : "08/26/19 12:38:00",
  "value" : "20"
},{
  "dateTime" : "08/26/19 12:40:00",
  "value" : "10"
},{
  "dateTime" : "08/26/19 12:49:00",
  "value" : "10"
},{
  "dateTime" : "08/26/19 12:50:00",
  "value" : "20"
},{
  "dateTime" : "08/26/19 12:51:00",
  "value" : "20"
},{
  "dateTime" : "08/26/19 13:28:00",
  "value" : "10"
},{
  "dateTime" : "08/26/19 13:41:00",
  "value" : "20"
},{
  "dateTime" : "08/26/19 16:19:00",
  "value" : "10"
},{
  "dateTime" : "08/26/19 19:12:00",
  "value" : "30"
},{
  "dateTime" : "08/27/19 14:35:00",
  "value" : "10"
},{
  "dateTime" : "08/28/19 11:41:00",
  "value" : "20"
},{
  "dateTime" : "08/28/19 11:46:00",
  "value" : "10"
},{
  "dateTime" : "08/28/19 12:45:00",
  "value" : "10"
},{
  "dateTime" : "08/28/19 13:09:00",
  "value" : "20"
},{
  "dateTime" : "08/28/19 15:18:00",
  "value" : "10"
},{
  "dateTime" : "08/28/19 15:19:00",
  "value" : "20"
},{
  "dateTime" : "08/30/19 00:29:00",
  "value" : "10"
},{
  "dateTime" : "08/30/19 10:56:00",
  "value" : "10"
},{
  "dateTime" : "08/30/19 11:34:00",
  "value" : "10"
},{
  "dateTime" : "08/30/19 12:22:00",
  "value" : "10"
},{
  "dateTime" : "08/30/19 17:51:00",
  "value" : "10"
},{
  "dateTime" : "08/30/19 21:31:00",
  "value" : "10"
},{
  "dateTime" : "08/31/19 14:16:00",
  "value" : "10"
},{
  "dateTime" : "08/31/19 14:21:00",
  "value" : "10"
},{
  "dateTime" : "08/31/19 15:28:00",
  "value" : "10"
},{
  "dateTime" : "08/31/19 15:47:00",
  "value" : "10"
},{
  "dateTime" : "08/31/19 16:11:00",
  "value" : "10"
},{
  "dateTime" : "08/31/19 16:48:00",
  "value" : "10"
},{
  "dateTime" : "08/31/19 19:45:00",
  "value" : "10"
},{
  "dateTime" : "08/31/19 21:57:00",
  "value" : "10"
},{
  "dateTime" : "08/31/19 22:13:00",
  "value" : "10"
},{
  "dateTime" : "08/31/19 22:43:00",
  "value" : "20"
},{
  "dateTime" : "09/01/19 14:54:00",
  "value" : "10"
},{
  "dateTime" : "09/01/19 15:16:00",
  "value" : "10"
},{
  "dateTime" : "09/01/19 15:30:00",
  "value" : "10"
},{
  "dateTime" : "09/01/19 15:55:00",
  "value" : "10"
},{
  "dateTime" : "09/01/19 20:29:00",
  "value" : "10"
},{
  "dateTime" : "09/02/19 10:10:00",
  "value" : "10"
},{
  "dateTime" : "09/02/19 10:31:00",
  "value" : "10"
},{
  "dateTime" : "09/02/19 13:24:00",
  "value" : "10"
},{
  "dateTime" : "09/02/19 13:58:00",
  "value" : "10"
},{
  "dateTime" : "09/02/19 14:12:00",
  "value" : "10"
},{
  "dateTime" : "09/02/19 15:50:00",
  "value" : "10"
},{
  "dateTime" : "09/02/19 16:12:00",
  "value" : "10"
},{
  "dateTime" : "09/02/19 17:29:00",
  "value" : "10"
},{
  "dateTime" : "09/02/19 19:59:00",
  "value" : "10"
},{
  "dateTime" : "09/02/19 21:54:00",
  "value" : "10"
},{
  "dateTime" : "09/02/19 21:55:00",
  "value" : "10"
},{
  "dateTime" : "09/02/19 22:00:00",
  "value" : "10"
},{
  "dateTime" : "09/02/19 22:03:00",
  "value" : "10"
},{
  "dateTime" : "09/02/19 22:06:00",
  "value" : "10"
},{
  "dateTime" : "09/02/19 22:42:00",
  "value" : "10"
},{
  "dateTime" : "09/06/19 14:08:00",
  "value" : "10"
},{
  "dateTime" : "09/06/19 20:38:00",
  "value" : "10"
},{
  "dateTime" : "09/07/19 13:33:00",
  "value" : "10"
},{
  "dateTime" : "09/08/19 12:05:00",
  "value" : "10"
},{
  "dateTime" : "09/09/19 08:06:00",
  "value" : "10"
},{
  "dateTime" : "09/09/19 13:59:00",
  "value" : "10"
},{
  "dateTime" : "09/10/19 11:29:00",
  "value" : "10"
},{
  "dateTime" : "09/11/19 14:24:00",
  "value" : "10"
},{
  "dateTime" : "09/14/19 16:37:00",
  "value" : "10"
},{
  "dateTime" : "09/14/19 16:38:00",
  "value" : "10"
},{
  "dateTime" : "09/14/19 16:39:00",
  "value" : "10"
},{
  "dateTime" : "09/14/19 16:40:00",
  "value" : "10"
},{
  "dateTime" : "09/14/19 16:42:00",
  "value" : "30"
},{
  "dateTime" : "09/14/19 16:46:00",
  "value" : "20"
},{
  "dateTime" : "09/14/19 16:48:00",
  "value" : "10"
},{
  "dateTime" : "09/14/19 16:49:00",
  "value" : "20"
},{
  "dateTime" : "09/14/19 16:50:00",
  "value" : "10"
},{
  "dateTime" : "09/14/19 16:51:00",
  "value" : "20"
},{
  "dateTime" : "09/14/19 16:52:00",
  "value" : "10"
},{
  "dateTime" : "09/14/19 16:53:00",
  "value" : "20"
},{
  "dateTime" : "09/14/19 16:55:00",
  "value" : "20"
},{
  "dateTime" : "09/14/19 16:58:00",
  "value" : "10"
},{
  "dateTime" : "09/14/19 17:00:00",
  "value" : "20"
},{
  "dateTime" : "09/14/19 17:01:00",
  "value" : "10"
},{
  "dateTime" : "09/14/19 17:02:00",
  "value" : "20"
},{
  "dateTime" : "09/14/19 17:03:00",
  "value" : "10"
},{
  "dateTime" : "09/14/19 17:04:00",
  "value" : "10"
},{
  "dateTime" : "09/14/19 17:05:00",
  "value" : "20"
},{
  "dateTime" : "09/14/19 17:06:00",
  "value" : "20"
},{
  "dateTime" : "09/14/19 17:13:00",
  "value" : "20"
},{
  "dateTime" : "09/14/19 17:15:00",
  "value" : "10"
},{
  "dateTime" : "09/14/19 17:16:00",
  "value" : "10"
},{
  "dateTime" : "09/14/19 17:17:00",
  "value" : "10"
},{
  "dateTime" : "09/14/19 17:18:00",
  "value" : "10"
},{
  "dateTime" : "09/14/19 17:20:00",
  "value" : "10"
},{
  "dateTime" : "09/14/19 17:21:00",
  "value" : "20"
},{
  "dateTime" : "09/14/19 17:22:00",
  "value" : "20"
},{
  "dateTime" : "09/14/19 17:23:00",
  "value" : "10"
},{
  "dateTime" : "09/14/19 17:24:00",
  "value" : "20"
},{
  "dateTime" : "09/14/19 17:25:00",
  "value" : "10"
},{
  "dateTime" : "09/14/19 17:26:00",
  "value" : "10"
},{
  "dateTime" : "09/14/19 17:29:00",
  "value" : "10"
},{
  "dateTime" : "09/14/19 17:30:00",
  "value" : "10"
},{
  "dateTime" : "09/14/19 17:35:00",
  "value" : "30"
},{
  "dateTime" : "09/14/19 17:36:00",
  "value" : "10"
},{
  "dateTime" : "09/14/19 17:39:00",
  "value" : "10"
},{
  "dateTime" : "09/14/19 17:40:00",
  "value" : "10"
},{
  "dateTime" : "09/14/19 17:41:00",
  "value" : "20"
},{
  "dateTime" : "09/14/19 17:46:00",
  "value" : "20"
},{
  "dateTime" : "09/14/19 17:49:00",
  "value" : "20"
},{
  "dateTime" : "09/14/19 17:51:00",
  "value" : "20"
},{
  "dateTime" : "09/14/19 17:54:00",
  "value" : "10"
},{
  "dateTime" : "09/14/19 17:55:00",
  "value" : "10"
},{
  "dateTime" : "09/14/19 17:57:00",
  "value" : "10"
},{
  "dateTime" : "09/14/19 17:58:00",
  "value" : "10"
},{
  "dateTime" : "09/14/19 17:59:00",
  "value" : "10"
},{
  "dateTime" : "09/14/19 18:00:00",
  "value" : "30"
},{
  "dateTime" : "09/14/19 18:03:00",
  "value" : "20"
},{
  "dateTime" : "09/14/19 18:04:00",
  "value" : "10"
},{
  "dateTime" : "09/14/19 18:05:00",
  "value" : "20"
},{
  "dateTime" : "09/14/19 18:06:00",
  "value" : "30"
},{
  "dateTime" : "09/14/19 18:07:00",
  "value" : "20"
},{
  "dateTime" : "09/14/19 18:09:00",
  "value" : "10"
},{
  "dateTime" : "09/14/19 18:10:00",
  "value" : "10"
},{
  "dateTime" : "09/14/19 18:41:00",
  "value" : "10"
},{
  "dateTime" : "09/14/19 19:02:00",
  "value" : "10"
},{
  "dateTime" : "09/14/19 19:10:00",
  "value" : "20"
},{
  "dateTime" : "09/14/19 19:11:00",
  "value" : "20"
},{
  "dateTime" : "09/14/19 19:22:00",
  "value" : "20"
},{
  "dateTime" : "09/14/19 19:23:00",
  "value" : "10"
},{
  "dateTime" : "09/14/19 19:24:00",
  "value" : "10"
},{
  "dateTime" : "09/14/19 19:36:00",
  "value" : "10"
},{
  "dateTime" : "09/14/19 19:37:00",
  "value" : "10"
},{
  "dateTime" : "09/14/19 19:38:00",
  "value" : "10"
},{
  "dateTime" : "09/14/19 19:44:00",
  "value" : "20"
},{
  "dateTime" : "09/14/19 19:45:00",
  "value" : "10"
},{
  "dateTime" : "09/14/19 19:48:00",
  "value" : "10"
},{
  "dateTime" : "09/14/19 20:04:00",
  "value" : "10"
},{
  "dateTime" : "09/16/19 07:56:00",
  "value" : "10"
},{
  "dateTime" : "09/16/19 14:01:00",
  "value" : "10"
},{
  "dateTime" : "09/16/19 18:38:00",
  "value" : "10"
},{
  "dateTime" : "09/16/19 21:05:00",
  "value" : "10"
},{
  "dateTime" : "09/17/19 15:28:00",
  "value" : "10"
},{
  "dateTime" : "09/18/19 19:55:00",
  "value" : "10"
}]