[{
  "dateTime" : "03/24/19 21:03:00",
  "value" : "10"
},{
  "dateTime" : "03/26/19 11:57:00",
  "value" : "10"
},{
  "dateTime" : "03/26/19 12:12:00",
  "value" : "10"
},{
  "dateTime" : "03/26/19 12:15:00",
  "value" : "10"
},{
  "dateTime" : "03/29/19 16:38:00",
  "value" : "10"
},{
  "dateTime" : "03/29/19 17:11:00",
  "value" : "10"
},{
  "dateTime" : "03/29/19 17:13:00",
  "value" : "10"
},{
  "dateTime" : "04/01/19 11:19:00",
  "value" : "10"
},{
  "dateTime" : "04/01/19 17:18:00",
  "value" : "10"
},{
  "dateTime" : "04/01/19 17:24:00",
  "value" : "10"
},{
  "dateTime" : "04/01/19 17:36:00",
  "value" : "20"
},{
  "dateTime" : "04/01/19 17:37:00",
  "value" : "10"
},{
  "dateTime" : "04/01/19 17:38:00",
  "value" : "10"
},{
  "dateTime" : "04/01/19 17:42:00",
  "value" : "10"
},{
  "dateTime" : "04/02/19 11:39:00",
  "value" : "10"
},{
  "dateTime" : "04/02/19 11:55:00",
  "value" : "10"
},{
  "dateTime" : "04/02/19 12:10:00",
  "value" : "10"
},{
  "dateTime" : "04/05/19 12:50:00",
  "value" : "10"
},{
  "dateTime" : "04/05/19 12:55:00",
  "value" : "10"
},{
  "dateTime" : "04/07/19 10:04:00",
  "value" : "20"
},{
  "dateTime" : "04/07/19 11:55:00",
  "value" : "10"
},{
  "dateTime" : "04/07/19 11:56:00",
  "value" : "10"
},{
  "dateTime" : "04/07/19 21:20:00",
  "value" : "10"
},{
  "dateTime" : "04/08/19 13:58:00",
  "value" : "10"
},{
  "dateTime" : "04/08/19 16:39:00",
  "value" : "10"
},{
  "dateTime" : "04/09/19 07:52:00",
  "value" : "10"
},{
  "dateTime" : "04/09/19 07:55:00",
  "value" : "10"
},{
  "dateTime" : "04/09/19 08:06:00",
  "value" : "10"
},{
  "dateTime" : "04/09/19 08:10:00",
  "value" : "10"
},{
  "dateTime" : "04/09/19 08:13:00",
  "value" : "10"
},{
  "dateTime" : "04/09/19 08:16:00",
  "value" : "10"
},{
  "dateTime" : "04/09/19 08:19:00",
  "value" : "10"
},{
  "dateTime" : "04/09/19 08:31:00",
  "value" : "10"
},{
  "dateTime" : "04/09/19 19:28:00",
  "value" : "10"
},{
  "dateTime" : "04/09/19 19:34:00",
  "value" : "10"
},{
  "dateTime" : "04/10/19 12:34:00",
  "value" : "10"
},{
  "dateTime" : "04/10/19 12:48:00",
  "value" : "10"
},{
  "dateTime" : "04/10/19 13:11:00",
  "value" : "10"
},{
  "dateTime" : "04/10/19 13:35:00",
  "value" : "10"
},{
  "dateTime" : "04/11/19 09:48:00",
  "value" : "10"
},{
  "dateTime" : "04/13/19 15:22:00",
  "value" : "10"
},{
  "dateTime" : "04/13/19 16:09:00",
  "value" : "10"
},{
  "dateTime" : "04/13/19 17:25:00",
  "value" : "20"
},{
  "dateTime" : "04/13/19 17:26:00",
  "value" : "10"
},{
  "dateTime" : "04/13/19 17:30:00",
  "value" : "10"
},{
  "dateTime" : "04/13/19 18:00:00",
  "value" : "20"
},{
  "dateTime" : "04/13/19 19:14:00",
  "value" : "10"
},{
  "dateTime" : "04/13/19 19:25:00",
  "value" : "10"
},{
  "dateTime" : "04/13/19 20:53:00",
  "value" : "10"
},{
  "dateTime" : "04/14/19 01:22:00",
  "value" : "10"
},{
  "dateTime" : "04/14/19 10:01:00",
  "value" : "10"
},{
  "dateTime" : "04/14/19 10:23:00",
  "value" : "10"
},{
  "dateTime" : "04/14/19 12:45:00",
  "value" : "10"
},{
  "dateTime" : "04/14/19 13:01:00",
  "value" : "10"
},{
  "dateTime" : "04/14/19 15:00:00",
  "value" : "10"
},{
  "dateTime" : "04/14/19 15:01:00",
  "value" : "10"
},{
  "dateTime" : "04/14/19 15:02:00",
  "value" : "10"
},{
  "dateTime" : "04/14/19 15:04:00",
  "value" : "10"
},{
  "dateTime" : "04/14/19 15:05:00",
  "value" : "10"
},{
  "dateTime" : "04/14/19 15:06:00",
  "value" : "10"
},{
  "dateTime" : "04/14/19 15:07:00",
  "value" : "20"
},{
  "dateTime" : "04/14/19 15:24:00",
  "value" : "10"
},{
  "dateTime" : "04/14/19 16:28:00",
  "value" : "10"
},{
  "dateTime" : "04/14/19 18:19:00",
  "value" : "10"
},{
  "dateTime" : "04/14/19 18:28:00",
  "value" : "10"
},{
  "dateTime" : "04/14/19 19:24:00",
  "value" : "10"
},{
  "dateTime" : "04/14/19 20:43:00",
  "value" : "10"
},{
  "dateTime" : "04/14/19 23:04:00",
  "value" : "10"
},{
  "dateTime" : "04/15/19 10:15:00",
  "value" : "10"
},{
  "dateTime" : "04/15/19 10:47:00",
  "value" : "10"
},{
  "dateTime" : "04/15/19 16:01:00",
  "value" : "10"
},{
  "dateTime" : "04/15/19 17:37:00",
  "value" : "10"
},{
  "dateTime" : "04/15/19 17:48:00",
  "value" : "10"
},{
  "dateTime" : "04/15/19 20:11:00",
  "value" : "10"
},{
  "dateTime" : "04/15/19 20:16:00",
  "value" : "10"
},{
  "dateTime" : "04/15/19 20:20:00",
  "value" : "10"
},{
  "dateTime" : "04/15/19 23:03:00",
  "value" : "10"
},{
  "dateTime" : "04/16/19 15:59:00",
  "value" : "20"
},{
  "dateTime" : "04/16/19 17:35:00",
  "value" : "20"
},{
  "dateTime" : "04/17/19 00:37:00",
  "value" : "20"
},{
  "dateTime" : "04/17/19 14:37:00",
  "value" : "10"
},{
  "dateTime" : "04/17/19 14:42:00",
  "value" : "10"
},{
  "dateTime" : "04/17/19 14:52:00",
  "value" : "10"
},{
  "dateTime" : "04/17/19 14:56:00",
  "value" : "10"
},{
  "dateTime" : "04/17/19 15:18:00",
  "value" : "10"
},{
  "dateTime" : "04/18/19 10:25:00",
  "value" : "10"
},{
  "dateTime" : "04/18/19 15:01:00",
  "value" : "10"
},{
  "dateTime" : "04/18/19 15:27:00",
  "value" : "10"
},{
  "dateTime" : "04/19/19 11:55:00",
  "value" : "10"
},{
  "dateTime" : "04/19/19 16:37:00",
  "value" : "10"
},{
  "dateTime" : "04/19/19 16:41:00",
  "value" : "10"
},{
  "dateTime" : "04/19/19 16:45:00",
  "value" : "10"
},{
  "dateTime" : "04/19/19 16:57:00",
  "value" : "10"
},{
  "dateTime" : "04/19/19 16:58:00",
  "value" : "20"
},{
  "dateTime" : "04/19/19 16:59:00",
  "value" : "20"
},{
  "dateTime" : "04/19/19 17:00:00",
  "value" : "10"
},{
  "dateTime" : "04/19/19 17:01:00",
  "value" : "10"
},{
  "dateTime" : "04/19/19 17:02:00",
  "value" : "10"
},{
  "dateTime" : "04/19/19 17:03:00",
  "value" : "10"
},{
  "dateTime" : "04/19/19 17:06:00",
  "value" : "10"
},{
  "dateTime" : "04/20/19 15:39:00",
  "value" : "10"
},{
  "dateTime" : "04/20/19 22:10:00",
  "value" : "10"
}]