[{
  "dateTime" : "01/22/19 12:42:00",
  "value" : "10"
},{
  "dateTime" : "01/22/19 17:43:00",
  "value" : "10"
},{
  "dateTime" : "01/23/19 15:25:00",
  "value" : "10"
},{
  "dateTime" : "01/25/19 15:20:00",
  "value" : "10"
},{
  "dateTime" : "01/25/19 19:39:00",
  "value" : "10"
},{
  "dateTime" : "01/25/19 19:40:00",
  "value" : "20"
},{
  "dateTime" : "01/25/19 20:09:00",
  "value" : "10"
},{
  "dateTime" : "01/25/19 20:10:00",
  "value" : "10"
},{
  "dateTime" : "01/25/19 20:11:00",
  "value" : "10"
},{
  "dateTime" : "01/25/19 20:30:00",
  "value" : "10"
},{
  "dateTime" : "01/26/19 19:13:00",
  "value" : "10"
},{
  "dateTime" : "01/26/19 19:14:00",
  "value" : "20"
},{
  "dateTime" : "01/28/19 17:28:00",
  "value" : "10"
},{
  "dateTime" : "01/28/19 17:33:00",
  "value" : "10"
},{
  "dateTime" : "01/30/19 11:49:00",
  "value" : "10"
},{
  "dateTime" : "01/31/19 06:50:00",
  "value" : "10"
},{
  "dateTime" : "02/02/19 09:07:00",
  "value" : "10"
},{
  "dateTime" : "02/02/19 09:27:00",
  "value" : "10"
},{
  "dateTime" : "02/03/19 12:44:00",
  "value" : "10"
},{
  "dateTime" : "02/03/19 12:48:00",
  "value" : "10"
},{
  "dateTime" : "02/03/19 18:07:00",
  "value" : "10"
},{
  "dateTime" : "02/03/19 18:08:00",
  "value" : "10"
},{
  "dateTime" : "02/06/19 11:22:00",
  "value" : "10"
},{
  "dateTime" : "02/06/19 11:30:00",
  "value" : "10"
},{
  "dateTime" : "02/06/19 11:36:00",
  "value" : "10"
},{
  "dateTime" : "02/06/19 23:35:00",
  "value" : "10"
},{
  "dateTime" : "02/08/19 13:24:00",
  "value" : "10"
},{
  "dateTime" : "02/08/19 18:15:00",
  "value" : "10"
},{
  "dateTime" : "02/08/19 18:31:00",
  "value" : "20"
},{
  "dateTime" : "02/08/19 20:36:00",
  "value" : "10"
},{
  "dateTime" : "02/08/19 20:38:00",
  "value" : "10"
},{
  "dateTime" : "02/09/19 09:52:00",
  "value" : "10"
},{
  "dateTime" : "02/09/19 10:05:00",
  "value" : "10"
},{
  "dateTime" : "02/09/19 20:58:00",
  "value" : "10"
},{
  "dateTime" : "02/09/19 21:32:00",
  "value" : "10"
},{
  "dateTime" : "02/12/19 11:25:00",
  "value" : "10"
},{
  "dateTime" : "02/12/19 11:53:00",
  "value" : "10"
},{
  "dateTime" : "02/12/19 11:56:00",
  "value" : "10"
},{
  "dateTime" : "02/12/19 12:07:00",
  "value" : "10"
},{
  "dateTime" : "02/12/19 15:39:00",
  "value" : "10"
},{
  "dateTime" : "02/13/19 08:12:00",
  "value" : "10"
},{
  "dateTime" : "02/13/19 10:35:00",
  "value" : "10"
},{
  "dateTime" : "02/13/19 10:36:00",
  "value" : "10"
},{
  "dateTime" : "02/13/19 10:38:00",
  "value" : "10"
},{
  "dateTime" : "02/14/19 11:06:00",
  "value" : "10"
},{
  "dateTime" : "02/14/19 11:40:00",
  "value" : "10"
},{
  "dateTime" : "02/15/19 15:09:00",
  "value" : "10"
},{
  "dateTime" : "02/15/19 19:16:00",
  "value" : "10"
},{
  "dateTime" : "02/15/19 19:20:00",
  "value" : "10"
},{
  "dateTime" : "02/15/19 19:22:00",
  "value" : "20"
},{
  "dateTime" : "02/15/19 21:34:00",
  "value" : "10"
},{
  "dateTime" : "02/15/19 21:40:00",
  "value" : "10"
},{
  "dateTime" : "02/15/19 21:49:00",
  "value" : "10"
},{
  "dateTime" : "02/16/19 13:59:00",
  "value" : "10"
},{
  "dateTime" : "02/16/19 14:00:00",
  "value" : "10"
},{
  "dateTime" : "02/16/19 14:03:00",
  "value" : "10"
},{
  "dateTime" : "02/16/19 14:16:00",
  "value" : "10"
},{
  "dateTime" : "02/16/19 14:19:00",
  "value" : "10"
},{
  "dateTime" : "02/19/19 10:11:00",
  "value" : "10"
},{
  "dateTime" : "02/20/19 14:47:00",
  "value" : "10"
},{
  "dateTime" : "02/20/19 14:55:00",
  "value" : "10"
},{
  "dateTime" : "02/20/19 15:04:00",
  "value" : "10"
},{
  "dateTime" : "02/20/19 16:34:00",
  "value" : "10"
}]