[{
  "dateTime" : "05/27/18 09:46:00",
  "value" : "10"
},{
  "dateTime" : "05/27/18 09:55:00",
  "value" : "10"
},{
  "dateTime" : "05/27/18 09:56:00",
  "value" : "20"
},{
  "dateTime" : "05/27/18 09:57:00",
  "value" : "20"
},{
  "dateTime" : "05/27/18 09:58:00",
  "value" : "20"
},{
  "dateTime" : "05/27/18 09:59:00",
  "value" : "20"
},{
  "dateTime" : "05/27/18 10:00:00",
  "value" : "10"
},{
  "dateTime" : "05/27/18 10:12:00",
  "value" : "10"
},{
  "dateTime" : "05/27/18 10:13:00",
  "value" : "10"
},{
  "dateTime" : "05/27/18 10:14:00",
  "value" : "10"
},{
  "dateTime" : "05/27/18 10:15:00",
  "value" : "10"
},{
  "dateTime" : "05/27/18 10:28:00",
  "value" : "10"
},{
  "dateTime" : "05/27/18 10:29:00",
  "value" : "10"
},{
  "dateTime" : "05/27/18 10:30:00",
  "value" : "10"
},{
  "dateTime" : "05/27/18 10:31:00",
  "value" : "10"
},{
  "dateTime" : "05/27/18 10:32:00",
  "value" : "10"
},{
  "dateTime" : "05/27/18 12:00:00",
  "value" : "10"
},{
  "dateTime" : "05/27/18 12:49:00",
  "value" : "10"
},{
  "dateTime" : "05/27/18 17:19:00",
  "value" : "10"
},{
  "dateTime" : "05/27/18 18:22:00",
  "value" : "10"
},{
  "dateTime" : "05/27/18 18:25:00",
  "value" : "10"
},{
  "dateTime" : "05/27/18 21:04:00",
  "value" : "10"
},{
  "dateTime" : "05/28/18 01:20:00",
  "value" : "10"
},{
  "dateTime" : "05/28/18 01:54:00",
  "value" : "10"
},{
  "dateTime" : "05/28/18 10:49:00",
  "value" : "10"
},{
  "dateTime" : "05/28/18 12:08:00",
  "value" : "10"
},{
  "dateTime" : "05/28/18 12:14:00",
  "value" : "10"
},{
  "dateTime" : "05/28/18 12:16:00",
  "value" : "10"
},{
  "dateTime" : "05/28/18 12:17:00",
  "value" : "10"
},{
  "dateTime" : "05/28/18 12:18:00",
  "value" : "30"
},{
  "dateTime" : "05/28/18 12:19:00",
  "value" : "10"
},{
  "dateTime" : "05/28/18 12:37:00",
  "value" : "10"
},{
  "dateTime" : "05/28/18 12:44:00",
  "value" : "10"
},{
  "dateTime" : "05/28/18 12:45:00",
  "value" : "10"
},{
  "dateTime" : "05/28/18 13:57:00",
  "value" : "10"
},{
  "dateTime" : "05/28/18 15:09:00",
  "value" : "10"
},{
  "dateTime" : "05/28/18 15:54:00",
  "value" : "10"
},{
  "dateTime" : "05/28/18 19:45:00",
  "value" : "10"
},{
  "dateTime" : "05/28/18 19:54:00",
  "value" : "30"
},{
  "dateTime" : "05/29/18 05:59:00",
  "value" : "10"
},{
  "dateTime" : "05/29/18 07:13:00",
  "value" : "10"
},{
  "dateTime" : "05/29/18 07:31:00",
  "value" : "20"
},{
  "dateTime" : "05/29/18 07:32:00",
  "value" : "10"
},{
  "dateTime" : "05/29/18 07:33:00",
  "value" : "10"
},{
  "dateTime" : "05/29/18 07:34:00",
  "value" : "20"
},{
  "dateTime" : "05/29/18 07:35:00",
  "value" : "10"
},{
  "dateTime" : "05/29/18 07:36:00",
  "value" : "20"
},{
  "dateTime" : "05/29/18 07:45:00",
  "value" : "10"
},{
  "dateTime" : "05/29/18 07:46:00",
  "value" : "10"
},{
  "dateTime" : "05/29/18 09:22:00",
  "value" : "10"
},{
  "dateTime" : "05/29/18 09:44:00",
  "value" : "10"
},{
  "dateTime" : "05/29/18 14:33:00",
  "value" : "10"
},{
  "dateTime" : "05/29/18 15:30:00",
  "value" : "10"
},{
  "dateTime" : "05/29/18 19:05:00",
  "value" : "10"
},{
  "dateTime" : "05/29/18 19:23:00",
  "value" : "10"
},{
  "dateTime" : "05/30/18 05:49:00",
  "value" : "10"
},{
  "dateTime" : "05/30/18 05:52:00",
  "value" : "10"
},{
  "dateTime" : "05/30/18 07:18:00",
  "value" : "10"
},{
  "dateTime" : "05/30/18 07:21:00",
  "value" : "10"
},{
  "dateTime" : "05/30/18 07:22:00",
  "value" : "20"
},{
  "dateTime" : "05/30/18 07:25:00",
  "value" : "20"
},{
  "dateTime" : "05/30/18 07:26:00",
  "value" : "20"
},{
  "dateTime" : "05/30/18 07:58:00",
  "value" : "10"
},{
  "dateTime" : "05/30/18 08:05:00",
  "value" : "10"
},{
  "dateTime" : "05/30/18 08:40:00",
  "value" : "20"
},{
  "dateTime" : "05/30/18 08:41:00",
  "value" : "10"
},{
  "dateTime" : "05/30/18 08:42:00",
  "value" : "10"
},{
  "dateTime" : "05/30/18 08:43:00",
  "value" : "20"
},{
  "dateTime" : "05/30/18 10:35:00",
  "value" : "10"
},{
  "dateTime" : "05/30/18 10:37:00",
  "value" : "10"
},{
  "dateTime" : "05/30/18 16:29:00",
  "value" : "10"
},{
  "dateTime" : "05/30/18 16:53:00",
  "value" : "10"
},{
  "dateTime" : "05/30/18 17:28:00",
  "value" : "10"
},{
  "dateTime" : "05/30/18 17:46:00",
  "value" : "10"
},{
  "dateTime" : "05/30/18 19:28:00",
  "value" : "10"
},{
  "dateTime" : "05/31/18 05:39:00",
  "value" : "10"
},{
  "dateTime" : "05/31/18 05:49:00",
  "value" : "10"
},{
  "dateTime" : "05/31/18 07:15:00",
  "value" : "10"
},{
  "dateTime" : "05/31/18 07:23:00",
  "value" : "30"
},{
  "dateTime" : "05/31/18 07:38:00",
  "value" : "10"
},{
  "dateTime" : "05/31/18 07:40:00",
  "value" : "10"
},{
  "dateTime" : "05/31/18 07:41:00",
  "value" : "10"
},{
  "dateTime" : "05/31/18 07:42:00",
  "value" : "20"
},{
  "dateTime" : "05/31/18 11:35:00",
  "value" : "10"
},{
  "dateTime" : "05/31/18 13:10:00",
  "value" : "10"
},{
  "dateTime" : "05/31/18 13:31:00",
  "value" : "10"
},{
  "dateTime" : "05/31/18 14:06:00",
  "value" : "10"
},{
  "dateTime" : "05/31/18 16:13:00",
  "value" : "20"
},{
  "dateTime" : "05/31/18 16:55:00",
  "value" : "10"
},{
  "dateTime" : "05/31/18 20:25:00",
  "value" : "10"
},{
  "dateTime" : "05/31/18 22:06:00",
  "value" : "10"
},{
  "dateTime" : "06/01/18 06:51:00",
  "value" : "10"
},{
  "dateTime" : "06/01/18 06:55:00",
  "value" : "10"
},{
  "dateTime" : "06/01/18 06:56:00",
  "value" : "10"
},{
  "dateTime" : "06/01/18 06:57:00",
  "value" : "20"
},{
  "dateTime" : "06/01/18 06:59:00",
  "value" : "30"
},{
  "dateTime" : "06/01/18 07:03:00",
  "value" : "10"
},{
  "dateTime" : "06/01/18 07:13:00",
  "value" : "20"
},{
  "dateTime" : "06/01/18 07:14:00",
  "value" : "10"
},{
  "dateTime" : "06/01/18 07:24:00",
  "value" : "10"
},{
  "dateTime" : "06/01/18 07:25:00",
  "value" : "10"
},{
  "dateTime" : "06/01/18 20:27:00",
  "value" : "10"
},{
  "dateTime" : "06/02/18 09:38:00",
  "value" : "10"
},{
  "dateTime" : "06/02/18 10:15:00",
  "value" : "10"
},{
  "dateTime" : "06/02/18 10:17:00",
  "value" : "20"
},{
  "dateTime" : "06/02/18 10:18:00",
  "value" : "10"
},{
  "dateTime" : "06/02/18 10:19:00",
  "value" : "20"
},{
  "dateTime" : "06/02/18 10:20:00",
  "value" : "20"
},{
  "dateTime" : "06/02/18 10:21:00",
  "value" : "10"
},{
  "dateTime" : "06/02/18 10:22:00",
  "value" : "20"
},{
  "dateTime" : "06/02/18 10:23:00",
  "value" : "10"
},{
  "dateTime" : "06/02/18 10:41:00",
  "value" : "10"
},{
  "dateTime" : "06/02/18 10:42:00",
  "value" : "10"
},{
  "dateTime" : "06/02/18 10:43:00",
  "value" : "10"
},{
  "dateTime" : "06/02/18 10:44:00",
  "value" : "10"
},{
  "dateTime" : "06/02/18 10:45:00",
  "value" : "10"
},{
  "dateTime" : "06/02/18 11:55:00",
  "value" : "10"
},{
  "dateTime" : "06/02/18 11:56:00",
  "value" : "10"
},{
  "dateTime" : "06/02/18 15:33:00",
  "value" : "10"
},{
  "dateTime" : "06/02/18 20:15:00",
  "value" : "10"
},{
  "dateTime" : "06/02/18 20:51:00",
  "value" : "10"
},{
  "dateTime" : "06/02/18 22:23:00",
  "value" : "10"
},{
  "dateTime" : "06/03/18 08:56:00",
  "value" : "10"
},{
  "dateTime" : "06/03/18 10:36:00",
  "value" : "10"
},{
  "dateTime" : "06/03/18 11:47:00",
  "value" : "10"
},{
  "dateTime" : "06/03/18 12:08:00",
  "value" : "10"
},{
  "dateTime" : "06/04/18 13:36:00",
  "value" : "10"
},{
  "dateTime" : "06/05/18 07:13:00",
  "value" : "10"
},{
  "dateTime" : "06/05/18 07:17:00",
  "value" : "10"
},{
  "dateTime" : "06/05/18 07:19:00",
  "value" : "10"
},{
  "dateTime" : "06/05/18 07:20:00",
  "value" : "20"
},{
  "dateTime" : "06/05/18 07:21:00",
  "value" : "10"
},{
  "dateTime" : "06/05/18 07:22:00",
  "value" : "20"
},{
  "dateTime" : "06/05/18 07:23:00",
  "value" : "10"
},{
  "dateTime" : "06/05/18 07:32:00",
  "value" : "10"
},{
  "dateTime" : "06/05/18 07:33:00",
  "value" : "10"
},{
  "dateTime" : "06/05/18 08:14:00",
  "value" : "10"
},{
  "dateTime" : "06/05/18 19:21:00",
  "value" : "20"
},{
  "dateTime" : "06/05/18 20:40:00",
  "value" : "10"
},{
  "dateTime" : "06/06/18 09:04:00",
  "value" : "10"
},{
  "dateTime" : "06/06/18 09:08:00",
  "value" : "10"
},{
  "dateTime" : "06/06/18 09:09:00",
  "value" : "10"
},{
  "dateTime" : "06/06/18 09:10:00",
  "value" : "10"
},{
  "dateTime" : "06/06/18 09:11:00",
  "value" : "10"
},{
  "dateTime" : "06/06/18 09:12:00",
  "value" : "10"
},{
  "dateTime" : "06/06/18 09:28:00",
  "value" : "10"
},{
  "dateTime" : "06/06/18 09:29:00",
  "value" : "10"
},{
  "dateTime" : "06/06/18 18:22:00",
  "value" : "10"
},{
  "dateTime" : "06/06/18 20:47:00",
  "value" : "10"
},{
  "dateTime" : "06/07/18 06:56:00",
  "value" : "10"
},{
  "dateTime" : "06/07/18 07:02:00",
  "value" : "10"
},{
  "dateTime" : "06/07/18 08:16:00",
  "value" : "10"
},{
  "dateTime" : "06/07/18 08:26:00",
  "value" : "10"
},{
  "dateTime" : "06/07/18 08:29:00",
  "value" : "10"
},{
  "dateTime" : "06/07/18 08:30:00",
  "value" : "10"
},{
  "dateTime" : "06/07/18 08:31:00",
  "value" : "20"
},{
  "dateTime" : "06/07/18 08:32:00",
  "value" : "10"
},{
  "dateTime" : "06/07/18 08:33:00",
  "value" : "10"
},{
  "dateTime" : "06/07/18 08:34:00",
  "value" : "20"
},{
  "dateTime" : "06/07/18 08:52:00",
  "value" : "10"
},{
  "dateTime" : "06/07/18 08:53:00",
  "value" : "10"
},{
  "dateTime" : "06/07/18 08:55:00",
  "value" : "10"
},{
  "dateTime" : "06/07/18 08:56:00",
  "value" : "10"
},{
  "dateTime" : "06/07/18 12:03:00",
  "value" : "10"
},{
  "dateTime" : "06/07/18 12:07:00",
  "value" : "10"
},{
  "dateTime" : "06/07/18 12:08:00",
  "value" : "10"
},{
  "dateTime" : "06/07/18 12:41:00",
  "value" : "10"
},{
  "dateTime" : "06/07/18 16:41:00",
  "value" : "10"
},{
  "dateTime" : "06/08/18 07:24:00",
  "value" : "10"
},{
  "dateTime" : "06/08/18 08:59:00",
  "value" : "10"
},{
  "dateTime" : "06/08/18 19:13:00",
  "value" : "10"
},{
  "dateTime" : "06/08/18 23:26:00",
  "value" : "10"
},{
  "dateTime" : "06/09/18 00:07:00",
  "value" : "20"
},{
  "dateTime" : "06/09/18 10:43:00",
  "value" : "10"
},{
  "dateTime" : "06/09/18 11:11:00",
  "value" : "10"
},{
  "dateTime" : "06/09/18 12:44:00",
  "value" : "10"
},{
  "dateTime" : "06/09/18 13:24:00",
  "value" : "10"
},{
  "dateTime" : "06/09/18 13:37:00",
  "value" : "10"
},{
  "dateTime" : "06/09/18 14:33:00",
  "value" : "10"
},{
  "dateTime" : "06/09/18 19:26:00",
  "value" : "10"
},{
  "dateTime" : "06/09/18 20:24:00",
  "value" : "10"
},{
  "dateTime" : "06/09/18 20:26:00",
  "value" : "10"
},{
  "dateTime" : "06/09/18 20:27:00",
  "value" : "10"
},{
  "dateTime" : "06/10/18 01:21:00",
  "value" : "10"
},{
  "dateTime" : "06/10/18 10:31:00",
  "value" : "10"
},{
  "dateTime" : "06/10/18 10:34:00",
  "value" : "20"
},{
  "dateTime" : "06/10/18 10:35:00",
  "value" : "20"
},{
  "dateTime" : "06/10/18 10:36:00",
  "value" : "20"
},{
  "dateTime" : "06/10/18 10:37:00",
  "value" : "10"
},{
  "dateTime" : "06/10/18 10:38:00",
  "value" : "10"
},{
  "dateTime" : "06/10/18 10:39:00",
  "value" : "20"
},{
  "dateTime" : "06/10/18 10:51:00",
  "value" : "10"
},{
  "dateTime" : "06/10/18 10:52:00",
  "value" : "10"
},{
  "dateTime" : "06/10/18 11:01:00",
  "value" : "10"
},{
  "dateTime" : "06/10/18 12:58:00",
  "value" : "10"
},{
  "dateTime" : "06/10/18 13:18:00",
  "value" : "10"
},{
  "dateTime" : "06/10/18 14:42:00",
  "value" : "10"
},{
  "dateTime" : "06/10/18 16:38:00",
  "value" : "10"
},{
  "dateTime" : "06/10/18 16:39:00",
  "value" : "10"
},{
  "dateTime" : "06/10/18 16:40:00",
  "value" : "10"
},{
  "dateTime" : "06/10/18 16:41:00",
  "value" : "10"
},{
  "dateTime" : "06/10/18 18:17:00",
  "value" : "10"
},{
  "dateTime" : "06/10/18 18:19:00",
  "value" : "10"
},{
  "dateTime" : "06/10/18 20:36:00",
  "value" : "10"
},{
  "dateTime" : "06/10/18 20:37:00",
  "value" : "10"
},{
  "dateTime" : "06/11/18 09:27:00",
  "value" : "10"
},{
  "dateTime" : "06/11/18 09:35:00",
  "value" : "10"
},{
  "dateTime" : "06/11/18 09:37:00",
  "value" : "10"
},{
  "dateTime" : "06/11/18 09:38:00",
  "value" : "10"
},{
  "dateTime" : "06/11/18 09:54:00",
  "value" : "10"
},{
  "dateTime" : "06/11/18 09:55:00",
  "value" : "10"
},{
  "dateTime" : "06/11/18 09:56:00",
  "value" : "10"
},{
  "dateTime" : "06/11/18 09:57:00",
  "value" : "10"
},{
  "dateTime" : "06/11/18 09:58:00",
  "value" : "10"
},{
  "dateTime" : "06/11/18 12:28:00",
  "value" : "10"
},{
  "dateTime" : "06/11/18 14:13:00",
  "value" : "10"
},{
  "dateTime" : "06/12/18 06:42:00",
  "value" : "10"
},{
  "dateTime" : "06/12/18 06:44:00",
  "value" : "20"
},{
  "dateTime" : "06/12/18 06:45:00",
  "value" : "10"
},{
  "dateTime" : "06/12/18 06:46:00",
  "value" : "20"
},{
  "dateTime" : "06/12/18 06:47:00",
  "value" : "20"
},{
  "dateTime" : "06/12/18 06:48:00",
  "value" : "30"
},{
  "dateTime" : "06/12/18 06:49:00",
  "value" : "10"
},{
  "dateTime" : "06/12/18 07:44:00",
  "value" : "10"
},{
  "dateTime" : "06/13/18 08:38:00",
  "value" : "10"
},{
  "dateTime" : "06/13/18 08:48:00",
  "value" : "20"
},{
  "dateTime" : "06/13/18 08:49:00",
  "value" : "20"
},{
  "dateTime" : "06/13/18 09:01:00",
  "value" : "10"
},{
  "dateTime" : "06/13/18 09:04:00",
  "value" : "20"
},{
  "dateTime" : "06/13/18 09:59:00",
  "value" : "20"
},{
  "dateTime" : "06/13/18 19:08:00",
  "value" : "10"
},{
  "dateTime" : "06/13/18 22:21:00",
  "value" : "10"
},{
  "dateTime" : "06/13/18 23:10:00",
  "value" : "10"
},{
  "dateTime" : "06/14/18 07:04:00",
  "value" : "10"
},{
  "dateTime" : "06/14/18 08:21:00",
  "value" : "10"
},{
  "dateTime" : "06/14/18 08:27:00",
  "value" : "20"
},{
  "dateTime" : "06/14/18 08:28:00",
  "value" : "20"
},{
  "dateTime" : "06/14/18 08:30:00",
  "value" : "10"
},{
  "dateTime" : "06/14/18 08:31:00",
  "value" : "20"
},{
  "dateTime" : "06/14/18 12:16:00",
  "value" : "10"
},{
  "dateTime" : "06/14/18 21:14:00",
  "value" : "20"
},{
  "dateTime" : "06/15/18 06:29:00",
  "value" : "10"
},{
  "dateTime" : "06/15/18 06:34:00",
  "value" : "20"
},{
  "dateTime" : "06/15/18 06:35:00",
  "value" : "10"
},{
  "dateTime" : "06/15/18 06:36:00",
  "value" : "30"
},{
  "dateTime" : "06/15/18 06:37:00",
  "value" : "10"
},{
  "dateTime" : "06/15/18 06:38:00",
  "value" : "20"
},{
  "dateTime" : "06/15/18 06:39:00",
  "value" : "10"
},{
  "dateTime" : "06/15/18 07:35:00",
  "value" : "10"
},{
  "dateTime" : "06/15/18 07:49:00",
  "value" : "10"
},{
  "dateTime" : "06/15/18 17:46:00",
  "value" : "10"
},{
  "dateTime" : "06/16/18 07:04:00",
  "value" : "10"
},{
  "dateTime" : "06/16/18 07:17:00",
  "value" : "10"
},{
  "dateTime" : "06/16/18 07:20:00",
  "value" : "10"
},{
  "dateTime" : "06/16/18 07:21:00",
  "value" : "20"
},{
  "dateTime" : "06/16/18 07:22:00",
  "value" : "20"
},{
  "dateTime" : "06/16/18 07:23:00",
  "value" : "10"
},{
  "dateTime" : "06/16/18 07:24:00",
  "value" : "20"
},{
  "dateTime" : "06/16/18 07:25:00",
  "value" : "10"
},{
  "dateTime" : "06/16/18 07:33:00",
  "value" : "10"
},{
  "dateTime" : "06/16/18 07:34:00",
  "value" : "10"
},{
  "dateTime" : "06/16/18 07:35:00",
  "value" : "10"
},{
  "dateTime" : "06/16/18 09:34:00",
  "value" : "10"
},{
  "dateTime" : "06/16/18 13:51:00",
  "value" : "20"
},{
  "dateTime" : "06/16/18 14:16:00",
  "value" : "10"
},{
  "dateTime" : "06/16/18 14:30:00",
  "value" : "10"
},{
  "dateTime" : "06/16/18 14:39:00",
  "value" : "10"
},{
  "dateTime" : "06/16/18 14:40:00",
  "value" : "10"
},{
  "dateTime" : "06/16/18 15:31:00",
  "value" : "10"
},{
  "dateTime" : "06/16/18 16:01:00",
  "value" : "10"
},{
  "dateTime" : "06/16/18 19:01:00",
  "value" : "10"
},{
  "dateTime" : "06/16/18 19:35:00",
  "value" : "10"
},{
  "dateTime" : "06/16/18 22:48:00",
  "value" : "10"
},{
  "dateTime" : "06/17/18 10:06:00",
  "value" : "20"
},{
  "dateTime" : "06/17/18 10:07:00",
  "value" : "10"
},{
  "dateTime" : "06/17/18 10:22:00",
  "value" : "10"
},{
  "dateTime" : "06/17/18 10:23:00",
  "value" : "10"
},{
  "dateTime" : "06/17/18 12:24:00",
  "value" : "10"
},{
  "dateTime" : "06/17/18 12:54:00",
  "value" : "10"
},{
  "dateTime" : "06/17/18 14:41:00",
  "value" : "10"
},{
  "dateTime" : "06/17/18 14:42:00",
  "value" : "10"
},{
  "dateTime" : "06/17/18 14:43:00",
  "value" : "10"
},{
  "dateTime" : "06/17/18 14:45:00",
  "value" : "10"
},{
  "dateTime" : "06/17/18 16:06:00",
  "value" : "10"
},{
  "dateTime" : "06/17/18 16:19:00",
  "value" : "10"
},{
  "dateTime" : "06/17/18 23:15:00",
  "value" : "10"
},{
  "dateTime" : "06/18/18 09:45:00",
  "value" : "10"
},{
  "dateTime" : "06/18/18 10:11:00",
  "value" : "10"
},{
  "dateTime" : "06/18/18 10:16:00",
  "value" : "10"
},{
  "dateTime" : "06/18/18 10:17:00",
  "value" : "20"
},{
  "dateTime" : "06/18/18 10:18:00",
  "value" : "20"
},{
  "dateTime" : "06/18/18 10:29:00",
  "value" : "10"
},{
  "dateTime" : "06/18/18 10:30:00",
  "value" : "20"
},{
  "dateTime" : "06/18/18 10:31:00",
  "value" : "10"
},{
  "dateTime" : "06/18/18 10:35:00",
  "value" : "10"
},{
  "dateTime" : "06/18/18 10:36:00",
  "value" : "10"
},{
  "dateTime" : "06/18/18 11:20:00",
  "value" : "10"
},{
  "dateTime" : "06/18/18 12:35:00",
  "value" : "10"
},{
  "dateTime" : "06/18/18 12:37:00",
  "value" : "10"
},{
  "dateTime" : "06/18/18 13:13:00",
  "value" : "10"
},{
  "dateTime" : "06/18/18 14:55:00",
  "value" : "10"
},{
  "dateTime" : "06/18/18 14:57:00",
  "value" : "10"
},{
  "dateTime" : "06/18/18 14:58:00",
  "value" : "10"
},{
  "dateTime" : "06/18/18 15:00:00",
  "value" : "10"
},{
  "dateTime" : "06/18/18 15:02:00",
  "value" : "10"
},{
  "dateTime" : "06/18/18 22:36:00",
  "value" : "10"
},{
  "dateTime" : "06/19/18 07:25:00",
  "value" : "10"
},{
  "dateTime" : "06/19/18 07:40:00",
  "value" : "10"
},{
  "dateTime" : "06/19/18 07:41:00",
  "value" : "30"
},{
  "dateTime" : "06/19/18 07:42:00",
  "value" : "10"
},{
  "dateTime" : "06/19/18 07:44:00",
  "value" : "10"
},{
  "dateTime" : "06/19/18 07:45:00",
  "value" : "20"
},{
  "dateTime" : "06/19/18 09:36:00",
  "value" : "10"
},{
  "dateTime" : "06/19/18 20:07:00",
  "value" : "10"
},{
  "dateTime" : "06/19/18 20:53:00",
  "value" : "10"
},{
  "dateTime" : "06/20/18 09:26:00",
  "value" : "10"
},{
  "dateTime" : "06/20/18 09:27:00",
  "value" : "10"
},{
  "dateTime" : "06/20/18 09:29:00",
  "value" : "20"
},{
  "dateTime" : "06/20/18 09:30:00",
  "value" : "10"
},{
  "dateTime" : "06/20/18 09:32:00",
  "value" : "10"
},{
  "dateTime" : "06/20/18 09:34:00",
  "value" : "10"
},{
  "dateTime" : "06/20/18 09:35:00",
  "value" : "10"
},{
  "dateTime" : "06/20/18 09:47:00",
  "value" : "10"
},{
  "dateTime" : "06/20/18 10:38:00",
  "value" : "10"
},{
  "dateTime" : "06/20/18 18:19:00",
  "value" : "10"
},{
  "dateTime" : "06/20/18 20:04:00",
  "value" : "10"
},{
  "dateTime" : "06/20/18 20:42:00",
  "value" : "10"
},{
  "dateTime" : "06/20/18 23:15:00",
  "value" : "20"
},{
  "dateTime" : "06/21/18 00:44:00",
  "value" : "10"
},{
  "dateTime" : "06/21/18 10:05:00",
  "value" : "10"
},{
  "dateTime" : "06/21/18 10:08:00",
  "value" : "10"
},{
  "dateTime" : "06/21/18 19:50:00",
  "value" : "20"
},{
  "dateTime" : "06/22/18 10:42:00",
  "value" : "10"
},{
  "dateTime" : "06/22/18 10:47:00",
  "value" : "10"
},{
  "dateTime" : "06/22/18 10:48:00",
  "value" : "20"
},{
  "dateTime" : "06/22/18 10:49:00",
  "value" : "20"
},{
  "dateTime" : "06/22/18 10:52:00",
  "value" : "20"
},{
  "dateTime" : "06/22/18 10:53:00",
  "value" : "20"
},{
  "dateTime" : "06/22/18 12:15:00",
  "value" : "10"
},{
  "dateTime" : "06/22/18 12:23:00",
  "value" : "10"
},{
  "dateTime" : "06/22/18 12:35:00",
  "value" : "10"
},{
  "dateTime" : "06/22/18 20:02:00",
  "value" : "10"
},{
  "dateTime" : "06/22/18 20:04:00",
  "value" : "20"
},{
  "dateTime" : "06/22/18 20:05:00",
  "value" : "10"
},{
  "dateTime" : "06/22/18 20:06:00",
  "value" : "20"
},{
  "dateTime" : "06/22/18 20:34:00",
  "value" : "10"
},{
  "dateTime" : "06/22/18 20:35:00",
  "value" : "20"
},{
  "dateTime" : "06/22/18 20:36:00",
  "value" : "10"
},{
  "dateTime" : "06/22/18 20:44:00",
  "value" : "10"
},{
  "dateTime" : "06/22/18 22:42:00",
  "value" : "10"
},{
  "dateTime" : "06/22/18 22:43:00",
  "value" : "10"
},{
  "dateTime" : "06/22/18 23:06:00",
  "value" : "10"
},{
  "dateTime" : "06/23/18 12:44:00",
  "value" : "10"
},{
  "dateTime" : "06/23/18 15:12:00",
  "value" : "10"
},{
  "dateTime" : "06/23/18 15:20:00",
  "value" : "10"
},{
  "dateTime" : "06/23/18 17:03:00",
  "value" : "10"
},{
  "dateTime" : "06/23/18 19:21:00",
  "value" : "10"
},{
  "dateTime" : "06/23/18 19:37:00",
  "value" : "20"
},{
  "dateTime" : "06/23/18 19:38:00",
  "value" : "20"
},{
  "dateTime" : "06/23/18 19:39:00",
  "value" : "20"
},{
  "dateTime" : "06/23/18 19:41:00",
  "value" : "20"
},{
  "dateTime" : "06/23/18 19:42:00",
  "value" : "10"
},{
  "dateTime" : "06/23/18 19:49:00",
  "value" : "10"
},{
  "dateTime" : "06/23/18 19:54:00",
  "value" : "10"
},{
  "dateTime" : "06/23/18 19:55:00",
  "value" : "10"
},{
  "dateTime" : "06/23/18 20:25:00",
  "value" : "10"
},{
  "dateTime" : "06/23/18 20:31:00",
  "value" : "10"
},{
  "dateTime" : "06/24/18 12:57:00",
  "value" : "10"
},{
  "dateTime" : "06/24/18 13:25:00",
  "value" : "10"
},{
  "dateTime" : "06/24/18 15:30:00",
  "value" : "10"
},{
  "dateTime" : "06/24/18 16:05:00",
  "value" : "10"
},{
  "dateTime" : "06/24/18 16:31:00",
  "value" : "10"
},{
  "dateTime" : "06/24/18 18:11:00",
  "value" : "10"
},{
  "dateTime" : "06/24/18 20:43:00",
  "value" : "10"
},{
  "dateTime" : "06/24/18 20:50:00",
  "value" : "10"
},{
  "dateTime" : "06/24/18 20:51:00",
  "value" : "10"
},{
  "dateTime" : "06/24/18 20:52:00",
  "value" : "10"
},{
  "dateTime" : "06/24/18 20:53:00",
  "value" : "10"
},{
  "dateTime" : "06/24/18 21:10:00",
  "value" : "20"
},{
  "dateTime" : "06/24/18 21:11:00",
  "value" : "10"
},{
  "dateTime" : "06/24/18 21:12:00",
  "value" : "10"
},{
  "dateTime" : "06/25/18 11:24:00",
  "value" : "10"
},{
  "dateTime" : "06/25/18 12:41:00",
  "value" : "10"
},{
  "dateTime" : "06/25/18 20:34:00",
  "value" : "20"
},{
  "dateTime" : "06/25/18 20:38:00",
  "value" : "20"
},{
  "dateTime" : "06/25/18 20:39:00",
  "value" : "10"
},{
  "dateTime" : "06/25/18 20:40:00",
  "value" : "20"
}]