[{
  "dateTime" : "10/19/19 08:43:00",
  "value" : "10"
},{
  "dateTime" : "10/19/19 12:16:00",
  "value" : "10"
},{
  "dateTime" : "10/19/19 19:13:00",
  "value" : "20"
},{
  "dateTime" : "10/20/19 18:43:00",
  "value" : "10"
},{
  "dateTime" : "10/20/19 18:53:00",
  "value" : "10"
},{
  "dateTime" : "10/21/19 13:52:00",
  "value" : "10"
},{
  "dateTime" : "10/21/19 13:55:00",
  "value" : "10"
},{
  "dateTime" : "10/21/19 13:56:00",
  "value" : "10"
},{
  "dateTime" : "10/22/19 07:27:00",
  "value" : "10"
},{
  "dateTime" : "10/22/19 13:23:00",
  "value" : "10"
},{
  "dateTime" : "10/22/19 13:34:00",
  "value" : "10"
},{
  "dateTime" : "10/22/19 13:35:00",
  "value" : "10"
},{
  "dateTime" : "10/23/19 12:30:00",
  "value" : "10"
},{
  "dateTime" : "10/23/19 12:33:00",
  "value" : "10"
},{
  "dateTime" : "10/23/19 12:40:00",
  "value" : "10"
},{
  "dateTime" : "10/24/19 12:02:00",
  "value" : "10"
},{
  "dateTime" : "10/24/19 14:09:00",
  "value" : "10"
},{
  "dateTime" : "10/24/19 21:23:00",
  "value" : "10"
},{
  "dateTime" : "10/24/19 22:52:00",
  "value" : "10"
},{
  "dateTime" : "10/25/19 13:12:00",
  "value" : "20"
},{
  "dateTime" : "10/25/19 13:46:00",
  "value" : "10"
},{
  "dateTime" : "10/25/19 14:01:00",
  "value" : "10"
},{
  "dateTime" : "10/25/19 21:30:00",
  "value" : "10"
},{
  "dateTime" : "10/27/19 10:36:00",
  "value" : "10"
},{
  "dateTime" : "10/27/19 10:37:00",
  "value" : "10"
},{
  "dateTime" : "10/27/19 19:00:00",
  "value" : "10"
},{
  "dateTime" : "10/28/19 13:15:00",
  "value" : "10"
},{
  "dateTime" : "10/28/19 13:25:00",
  "value" : "10"
},{
  "dateTime" : "10/28/19 18:15:00",
  "value" : "10"
},{
  "dateTime" : "10/28/19 18:16:00",
  "value" : "10"
}]