[{
  "dateTime" : "03/28/18 08:35:00",
  "value" : "10"
},{
  "dateTime" : "03/28/18 15:18:00",
  "value" : "10"
},{
  "dateTime" : "03/28/18 15:19:00",
  "value" : "20"
},{
  "dateTime" : "03/28/18 15:31:00",
  "value" : "10"
},{
  "dateTime" : "03/28/18 15:32:00",
  "value" : "20"
},{
  "dateTime" : "03/28/18 15:33:00",
  "value" : "10"
},{
  "dateTime" : "03/28/18 15:34:00",
  "value" : "20"
},{
  "dateTime" : "03/28/18 16:46:00",
  "value" : "10"
},{
  "dateTime" : "03/28/18 18:40:00",
  "value" : "10"
},{
  "dateTime" : "03/28/18 22:31:00",
  "value" : "10"
},{
  "dateTime" : "03/28/18 23:53:00",
  "value" : "10"
},{
  "dateTime" : "03/29/18 08:10:00",
  "value" : "10"
},{
  "dateTime" : "03/29/18 08:47:00",
  "value" : "10"
},{
  "dateTime" : "03/29/18 09:31:00",
  "value" : "10"
},{
  "dateTime" : "03/29/18 10:00:00",
  "value" : "10"
},{
  "dateTime" : "03/29/18 10:01:00",
  "value" : "30"
},{
  "dateTime" : "03/29/18 17:53:00",
  "value" : "10"
},{
  "dateTime" : "03/29/18 18:05:00",
  "value" : "10"
},{
  "dateTime" : "03/29/18 18:06:00",
  "value" : "10"
},{
  "dateTime" : "03/29/18 18:07:00",
  "value" : "10"
},{
  "dateTime" : "03/29/18 18:09:00",
  "value" : "20"
},{
  "dateTime" : "03/29/18 18:10:00",
  "value" : "20"
},{
  "dateTime" : "03/29/18 18:11:00",
  "value" : "10"
},{
  "dateTime" : "03/29/18 18:26:00",
  "value" : "20"
},{
  "dateTime" : "03/29/18 18:54:00",
  "value" : "20"
},{
  "dateTime" : "03/29/18 20:01:00",
  "value" : "10"
},{
  "dateTime" : "03/29/18 20:26:00",
  "value" : "20"
},{
  "dateTime" : "03/29/18 22:13:00",
  "value" : "10"
},{
  "dateTime" : "03/30/18 05:57:00",
  "value" : "10"
},{
  "dateTime" : "03/30/18 09:42:00",
  "value" : "20"
},{
  "dateTime" : "03/30/18 09:43:00",
  "value" : "10"
},{
  "dateTime" : "03/30/18 09:44:00",
  "value" : "10"
},{
  "dateTime" : "03/30/18 09:45:00",
  "value" : "20"
},{
  "dateTime" : "03/30/18 09:46:00",
  "value" : "20"
},{
  "dateTime" : "03/30/18 09:47:00",
  "value" : "10"
},{
  "dateTime" : "03/30/18 09:59:00",
  "value" : "20"
},{
  "dateTime" : "03/30/18 10:11:00",
  "value" : "10"
},{
  "dateTime" : "03/30/18 11:59:00",
  "value" : "10"
},{
  "dateTime" : "03/30/18 13:56:00",
  "value" : "10"
},{
  "dateTime" : "03/30/18 17:12:00",
  "value" : "10"
},{
  "dateTime" : "03/30/18 17:20:00",
  "value" : "10"
},{
  "dateTime" : "03/30/18 17:54:00",
  "value" : "10"
},{
  "dateTime" : "03/30/18 18:07:00",
  "value" : "10"
},{
  "dateTime" : "03/30/18 18:22:00",
  "value" : "10"
},{
  "dateTime" : "03/30/18 18:41:00",
  "value" : "10"
},{
  "dateTime" : "03/30/18 18:55:00",
  "value" : "10"
},{
  "dateTime" : "03/30/18 21:59:00",
  "value" : "20"
},{
  "dateTime" : "03/30/18 22:00:00",
  "value" : "20"
},{
  "dateTime" : "03/30/18 22:23:00",
  "value" : "10"
},{
  "dateTime" : "03/31/18 01:19:00",
  "value" : "10"
},{
  "dateTime" : "03/31/18 01:32:00",
  "value" : "10"
},{
  "dateTime" : "03/31/18 07:49:00",
  "value" : "10"
},{
  "dateTime" : "03/31/18 09:29:00",
  "value" : "10"
},{
  "dateTime" : "03/31/18 09:40:00",
  "value" : "10"
},{
  "dateTime" : "03/31/18 10:01:00",
  "value" : "10"
},{
  "dateTime" : "03/31/18 18:54:00",
  "value" : "10"
},{
  "dateTime" : "03/31/18 23:00:00",
  "value" : "10"
},{
  "dateTime" : "04/01/18 00:01:00",
  "value" : "10"
},{
  "dateTime" : "04/01/18 00:21:00",
  "value" : "10"
},{
  "dateTime" : "04/01/18 07:19:00",
  "value" : "10"
},{
  "dateTime" : "04/01/18 07:21:00",
  "value" : "10"
},{
  "dateTime" : "04/01/18 07:25:00",
  "value" : "10"
},{
  "dateTime" : "04/01/18 07:33:00",
  "value" : "40"
},{
  "dateTime" : "04/01/18 07:34:00",
  "value" : "30"
},{
  "dateTime" : "04/01/18 07:35:00",
  "value" : "20"
},{
  "dateTime" : "04/01/18 07:43:00",
  "value" : "20"
},{
  "dateTime" : "04/01/18 07:44:00",
  "value" : "30"
},{
  "dateTime" : "04/01/18 07:45:00",
  "value" : "30"
},{
  "dateTime" : "04/01/18 07:46:00",
  "value" : "40"
},{
  "dateTime" : "04/01/18 07:48:00",
  "value" : "30"
},{
  "dateTime" : "04/01/18 07:49:00",
  "value" : "10"
},{
  "dateTime" : "04/01/18 07:51:00",
  "value" : "10"
},{
  "dateTime" : "04/01/18 08:29:00",
  "value" : "30"
},{
  "dateTime" : "04/01/18 08:35:00",
  "value" : "10"
},{
  "dateTime" : "04/01/18 08:36:00",
  "value" : "10"
},{
  "dateTime" : "04/01/18 09:33:00",
  "value" : "10"
},{
  "dateTime" : "04/01/18 13:23:00",
  "value" : "20"
},{
  "dateTime" : "04/01/18 14:31:00",
  "value" : "10"
},{
  "dateTime" : "04/01/18 16:28:00",
  "value" : "10"
},{
  "dateTime" : "04/01/18 20:47:00",
  "value" : "10"
},{
  "dateTime" : "04/01/18 21:03:00",
  "value" : "10"
},{
  "dateTime" : "04/02/18 08:03:00",
  "value" : "10"
},{
  "dateTime" : "04/02/18 08:57:00",
  "value" : "10"
},{
  "dateTime" : "04/02/18 09:02:00",
  "value" : "10"
},{
  "dateTime" : "04/02/18 09:05:00",
  "value" : "10"
},{
  "dateTime" : "04/02/18 09:06:00",
  "value" : "10"
},{
  "dateTime" : "04/02/18 09:07:00",
  "value" : "20"
},{
  "dateTime" : "04/02/18 09:08:00",
  "value" : "10"
},{
  "dateTime" : "04/02/18 09:09:00",
  "value" : "10"
},{
  "dateTime" : "04/02/18 09:11:00",
  "value" : "10"
},{
  "dateTime" : "04/02/18 09:12:00",
  "value" : "20"
},{
  "dateTime" : "04/02/18 09:13:00",
  "value" : "10"
},{
  "dateTime" : "04/03/18 09:09:00",
  "value" : "10"
},{
  "dateTime" : "04/03/18 09:55:00",
  "value" : "10"
},{
  "dateTime" : "04/03/18 09:56:00",
  "value" : "30"
},{
  "dateTime" : "04/03/18 11:07:00",
  "value" : "10"
},{
  "dateTime" : "04/03/18 11:09:00",
  "value" : "10"
},{
  "dateTime" : "04/03/18 11:10:00",
  "value" : "10"
},{
  "dateTime" : "04/03/18 11:11:00",
  "value" : "10"
},{
  "dateTime" : "04/03/18 11:12:00",
  "value" : "20"
},{
  "dateTime" : "04/03/18 11:13:00",
  "value" : "10"
},{
  "dateTime" : "04/03/18 13:54:00",
  "value" : "10"
},{
  "dateTime" : "04/03/18 13:55:00",
  "value" : "20"
},{
  "dateTime" : "04/03/18 13:56:00",
  "value" : "10"
},{
  "dateTime" : "04/03/18 13:57:00",
  "value" : "10"
},{
  "dateTime" : "04/03/18 13:58:00",
  "value" : "20"
},{
  "dateTime" : "04/03/18 13:59:00",
  "value" : "10"
},{
  "dateTime" : "04/03/18 14:00:00",
  "value" : "10"
},{
  "dateTime" : "04/03/18 14:01:00",
  "value" : "10"
},{
  "dateTime" : "04/03/18 14:12:00",
  "value" : "10"
},{
  "dateTime" : "04/03/18 15:15:00",
  "value" : "10"
},{
  "dateTime" : "04/03/18 15:18:00",
  "value" : "10"
},{
  "dateTime" : "04/04/18 05:55:00",
  "value" : "10"
},{
  "dateTime" : "04/04/18 06:01:00",
  "value" : "10"
},{
  "dateTime" : "04/04/18 06:09:00",
  "value" : "10"
},{
  "dateTime" : "04/04/18 07:20:00",
  "value" : "10"
},{
  "dateTime" : "04/04/18 08:33:00",
  "value" : "10"
},{
  "dateTime" : "04/04/18 08:39:00",
  "value" : "10"
},{
  "dateTime" : "04/04/18 08:40:00",
  "value" : "10"
},{
  "dateTime" : "04/04/18 08:41:00",
  "value" : "10"
},{
  "dateTime" : "04/04/18 08:42:00",
  "value" : "20"
},{
  "dateTime" : "04/04/18 08:43:00",
  "value" : "20"
},{
  "dateTime" : "04/04/18 08:44:00",
  "value" : "10"
},{
  "dateTime" : "04/04/18 08:45:00",
  "value" : "10"
},{
  "dateTime" : "04/04/18 09:01:00",
  "value" : "20"
},{
  "dateTime" : "04/04/18 09:05:00",
  "value" : "10"
},{
  "dateTime" : "04/04/18 09:55:00",
  "value" : "10"
},{
  "dateTime" : "04/04/18 12:31:00",
  "value" : "10"
},{
  "dateTime" : "04/04/18 14:16:00",
  "value" : "10"
},{
  "dateTime" : "04/04/18 15:35:00",
  "value" : "10"
},{
  "dateTime" : "04/04/18 18:54:00",
  "value" : "10"
},{
  "dateTime" : "04/04/18 20:48:00",
  "value" : "10"
},{
  "dateTime" : "04/04/18 22:06:00",
  "value" : "10"
},{
  "dateTime" : "04/05/18 08:39:00",
  "value" : "10"
},{
  "dateTime" : "04/05/18 09:40:00",
  "value" : "10"
},{
  "dateTime" : "04/05/18 10:11:00",
  "value" : "30"
},{
  "dateTime" : "04/05/18 10:12:00",
  "value" : "10"
},{
  "dateTime" : "04/05/18 20:34:00",
  "value" : "10"
},{
  "dateTime" : "04/05/18 20:40:00",
  "value" : "10"
},{
  "dateTime" : "04/05/18 23:42:00",
  "value" : "10"
},{
  "dateTime" : "04/07/18 09:00:00",
  "value" : "10"
},{
  "dateTime" : "04/07/18 09:54:00",
  "value" : "10"
},{
  "dateTime" : "04/07/18 10:13:00",
  "value" : "10"
},{
  "dateTime" : "04/07/18 18:43:00",
  "value" : "10"
},{
  "dateTime" : "04/07/18 21:04:00",
  "value" : "10"
},{
  "dateTime" : "04/08/18 16:34:00",
  "value" : "10"
},{
  "dateTime" : "04/08/18 18:56:00",
  "value" : "10"
},{
  "dateTime" : "04/08/18 19:03:00",
  "value" : "10"
},{
  "dateTime" : "04/09/18 02:02:00",
  "value" : "10"
},{
  "dateTime" : "04/09/18 10:38:00",
  "value" : "10"
},{
  "dateTime" : "04/09/18 11:36:00",
  "value" : "10"
},{
  "dateTime" : "04/09/18 12:13:00",
  "value" : "10"
},{
  "dateTime" : "04/10/18 07:40:00",
  "value" : "10"
},{
  "dateTime" : "04/10/18 09:25:00",
  "value" : "10"
},{
  "dateTime" : "04/10/18 09:56:00",
  "value" : "10"
},{
  "dateTime" : "04/10/18 09:57:00",
  "value" : "10"
},{
  "dateTime" : "04/10/18 11:29:00",
  "value" : "10"
},{
  "dateTime" : "04/10/18 11:31:00",
  "value" : "10"
},{
  "dateTime" : "04/10/18 11:32:00",
  "value" : "10"
},{
  "dateTime" : "04/10/18 11:33:00",
  "value" : "10"
},{
  "dateTime" : "04/10/18 11:34:00",
  "value" : "20"
},{
  "dateTime" : "04/10/18 11:35:00",
  "value" : "10"
},{
  "dateTime" : "04/10/18 11:36:00",
  "value" : "10"
},{
  "dateTime" : "04/10/18 12:02:00",
  "value" : "10"
},{
  "dateTime" : "04/10/18 12:03:00",
  "value" : "10"
},{
  "dateTime" : "04/10/18 12:04:00",
  "value" : "10"
},{
  "dateTime" : "04/10/18 12:05:00",
  "value" : "20"
},{
  "dateTime" : "04/10/18 12:06:00",
  "value" : "10"
},{
  "dateTime" : "04/10/18 12:19:00",
  "value" : "10"
},{
  "dateTime" : "04/10/18 12:21:00",
  "value" : "10"
},{
  "dateTime" : "04/10/18 12:22:00",
  "value" : "10"
},{
  "dateTime" : "04/10/18 13:39:00",
  "value" : "10"
},{
  "dateTime" : "04/10/18 20:01:00",
  "value" : "10"
},{
  "dateTime" : "04/10/18 21:13:00",
  "value" : "10"
},{
  "dateTime" : "04/10/18 23:17:00",
  "value" : "10"
},{
  "dateTime" : "04/10/18 23:54:00",
  "value" : "10"
},{
  "dateTime" : "04/11/18 09:06:00",
  "value" : "10"
},{
  "dateTime" : "04/11/18 09:11:00",
  "value" : "10"
},{
  "dateTime" : "04/11/18 09:12:00",
  "value" : "10"
},{
  "dateTime" : "04/11/18 09:13:00",
  "value" : "20"
},{
  "dateTime" : "04/11/18 09:14:00",
  "value" : "10"
},{
  "dateTime" : "04/11/18 09:15:00",
  "value" : "10"
},{
  "dateTime" : "04/11/18 09:16:00",
  "value" : "20"
},{
  "dateTime" : "04/11/18 09:17:00",
  "value" : "20"
},{
  "dateTime" : "04/11/18 10:37:00",
  "value" : "10"
},{
  "dateTime" : "04/11/18 11:09:00",
  "value" : "10"
},{
  "dateTime" : "04/11/18 20:21:00",
  "value" : "10"
},{
  "dateTime" : "04/11/18 20:45:00",
  "value" : "10"
},{
  "dateTime" : "04/12/18 07:40:00",
  "value" : "10"
},{
  "dateTime" : "04/12/18 09:01:00",
  "value" : "10"
},{
  "dateTime" : "04/12/18 09:04:00",
  "value" : "10"
},{
  "dateTime" : "04/12/18 09:06:00",
  "value" : "10"
},{
  "dateTime" : "04/12/18 09:07:00",
  "value" : "20"
},{
  "dateTime" : "04/12/18 09:08:00",
  "value" : "10"
},{
  "dateTime" : "04/12/18 09:10:00",
  "value" : "10"
},{
  "dateTime" : "04/12/18 09:11:00",
  "value" : "10"
},{
  "dateTime" : "04/12/18 09:24:00",
  "value" : "10"
},{
  "dateTime" : "04/13/18 10:05:00",
  "value" : "10"
},{
  "dateTime" : "04/13/18 12:38:00",
  "value" : "10"
},{
  "dateTime" : "04/13/18 20:36:00",
  "value" : "10"
},{
  "dateTime" : "04/13/18 21:18:00",
  "value" : "10"
},{
  "dateTime" : "04/13/18 22:26:00",
  "value" : "10"
},{
  "dateTime" : "04/14/18 08:44:00",
  "value" : "10"
},{
  "dateTime" : "04/14/18 11:43:00",
  "value" : "10"
},{
  "dateTime" : "04/14/18 15:14:00",
  "value" : "10"
},{
  "dateTime" : "04/14/18 15:15:00",
  "value" : "20"
},{
  "dateTime" : "04/14/18 15:16:00",
  "value" : "20"
},{
  "dateTime" : "04/14/18 15:17:00",
  "value" : "20"
},{
  "dateTime" : "04/14/18 15:18:00",
  "value" : "20"
},{
  "dateTime" : "04/14/18 15:19:00",
  "value" : "20"
},{
  "dateTime" : "04/14/18 22:54:00",
  "value" : "10"
},{
  "dateTime" : "04/14/18 22:59:00",
  "value" : "10"
},{
  "dateTime" : "04/14/18 23:15:00",
  "value" : "10"
},{
  "dateTime" : "04/15/18 10:45:00",
  "value" : "10"
},{
  "dateTime" : "04/15/18 10:52:00",
  "value" : "10"
},{
  "dateTime" : "04/15/18 12:18:00",
  "value" : "10"
},{
  "dateTime" : "04/15/18 14:45:00",
  "value" : "10"
},{
  "dateTime" : "04/15/18 16:39:00",
  "value" : "10"
},{
  "dateTime" : "04/15/18 16:42:00",
  "value" : "10"
},{
  "dateTime" : "04/15/18 22:45:00",
  "value" : "10"
},{
  "dateTime" : "04/15/18 22:47:00",
  "value" : "10"
},{
  "dateTime" : "04/16/18 07:51:00",
  "value" : "10"
},{
  "dateTime" : "04/16/18 07:54:00",
  "value" : "10"
},{
  "dateTime" : "04/16/18 09:25:00",
  "value" : "10"
},{
  "dateTime" : "04/16/18 09:31:00",
  "value" : "10"
},{
  "dateTime" : "04/16/18 09:37:00",
  "value" : "10"
},{
  "dateTime" : "04/16/18 17:37:00",
  "value" : "10"
},{
  "dateTime" : "04/16/18 18:51:00",
  "value" : "10"
},{
  "dateTime" : "04/16/18 20:10:00",
  "value" : "10"
},{
  "dateTime" : "04/17/18 10:10:00",
  "value" : "30"
},{
  "dateTime" : "04/17/18 10:11:00",
  "value" : "10"
},{
  "dateTime" : "04/17/18 11:29:00",
  "value" : "10"
},{
  "dateTime" : "04/17/18 11:30:00",
  "value" : "10"
},{
  "dateTime" : "04/17/18 11:32:00",
  "value" : "10"
},{
  "dateTime" : "04/17/18 11:33:00",
  "value" : "10"
},{
  "dateTime" : "04/17/18 11:34:00",
  "value" : "20"
},{
  "dateTime" : "04/17/18 11:35:00",
  "value" : "10"
},{
  "dateTime" : "04/17/18 11:56:00",
  "value" : "10"
},{
  "dateTime" : "04/17/18 12:00:00",
  "value" : "10"
},{
  "dateTime" : "04/17/18 12:01:00",
  "value" : "10"
},{
  "dateTime" : "04/17/18 12:02:00",
  "value" : "20"
},{
  "dateTime" : "04/17/18 12:03:00",
  "value" : "20"
},{
  "dateTime" : "04/17/18 12:04:00",
  "value" : "20"
},{
  "dateTime" : "04/17/18 12:05:00",
  "value" : "20"
},{
  "dateTime" : "04/17/18 12:17:00",
  "value" : "10"
},{
  "dateTime" : "04/17/18 12:18:00",
  "value" : "10"
},{
  "dateTime" : "04/18/18 10:37:00",
  "value" : "10"
},{
  "dateTime" : "04/19/18 09:29:00",
  "value" : "10"
},{
  "dateTime" : "04/19/18 09:30:00",
  "value" : "10"
},{
  "dateTime" : "04/19/18 09:32:00",
  "value" : "10"
},{
  "dateTime" : "04/19/18 09:34:00",
  "value" : "10"
},{
  "dateTime" : "04/19/18 09:35:00",
  "value" : "10"
},{
  "dateTime" : "04/19/18 09:36:00",
  "value" : "20"
},{
  "dateTime" : "04/19/18 09:37:00",
  "value" : "30"
},{
  "dateTime" : "04/19/18 09:38:00",
  "value" : "10"
},{
  "dateTime" : "04/20/18 08:00:00",
  "value" : "10"
},{
  "dateTime" : "04/20/18 09:26:00",
  "value" : "10"
},{
  "dateTime" : "04/20/18 10:06:00",
  "value" : "10"
},{
  "dateTime" : "04/20/18 10:07:00",
  "value" : "10"
},{
  "dateTime" : "04/20/18 10:08:00",
  "value" : "20"
},{
  "dateTime" : "04/20/18 10:09:00",
  "value" : "10"
},{
  "dateTime" : "04/20/18 10:24:00",
  "value" : "20"
},{
  "dateTime" : "04/20/18 10:26:00",
  "value" : "10"
},{
  "dateTime" : "04/20/18 17:59:00",
  "value" : "10"
},{
  "dateTime" : "04/20/18 18:20:00",
  "value" : "10"
},{
  "dateTime" : "04/21/18 19:03:00",
  "value" : "10"
},{
  "dateTime" : "04/22/18 00:27:00",
  "value" : "10"
},{
  "dateTime" : "04/22/18 09:39:00",
  "value" : "10"
},{
  "dateTime" : "04/22/18 10:39:00",
  "value" : "10"
},{
  "dateTime" : "04/22/18 10:40:00",
  "value" : "10"
},{
  "dateTime" : "04/22/18 10:41:00",
  "value" : "20"
},{
  "dateTime" : "04/22/18 10:42:00",
  "value" : "20"
},{
  "dateTime" : "04/22/18 10:43:00",
  "value" : "20"
},{
  "dateTime" : "04/22/18 10:44:00",
  "value" : "10"
},{
  "dateTime" : "04/22/18 10:45:00",
  "value" : "10"
},{
  "dateTime" : "04/22/18 16:39:00",
  "value" : "20"
},{
  "dateTime" : "04/22/18 16:41:00",
  "value" : "10"
},{
  "dateTime" : "04/22/18 16:42:00",
  "value" : "10"
},{
  "dateTime" : "04/22/18 19:01:00",
  "value" : "10"
},{
  "dateTime" : "04/22/18 20:39:00",
  "value" : "10"
},{
  "dateTime" : "04/23/18 10:35:00",
  "value" : "10"
},{
  "dateTime" : "04/23/18 10:42:00",
  "value" : "20"
},{
  "dateTime" : "04/23/18 10:44:00",
  "value" : "10"
},{
  "dateTime" : "04/23/18 10:59:00",
  "value" : "20"
},{
  "dateTime" : "04/23/18 11:00:00",
  "value" : "10"
},{
  "dateTime" : "04/23/18 11:01:00",
  "value" : "10"
},{
  "dateTime" : "04/23/18 11:02:00",
  "value" : "10"
},{
  "dateTime" : "04/23/18 11:11:00",
  "value" : "10"
},{
  "dateTime" : "04/23/18 12:12:00",
  "value" : "10"
},{
  "dateTime" : "04/23/18 18:30:00",
  "value" : "10"
},{
  "dateTime" : "04/23/18 23:19:00",
  "value" : "10"
},{
  "dateTime" : "04/24/18 05:56:00",
  "value" : "10"
},{
  "dateTime" : "04/24/18 07:24:00",
  "value" : "10"
},{
  "dateTime" : "04/24/18 07:31:00",
  "value" : "10"
},{
  "dateTime" : "04/24/18 07:36:00",
  "value" : "10"
},{
  "dateTime" : "04/24/18 07:37:00",
  "value" : "30"
},{
  "dateTime" : "04/24/18 07:38:00",
  "value" : "20"
},{
  "dateTime" : "04/24/18 07:39:00",
  "value" : "10"
},{
  "dateTime" : "04/24/18 07:40:00",
  "value" : "30"
},{
  "dateTime" : "04/24/18 07:41:00",
  "value" : "10"
},{
  "dateTime" : "04/24/18 07:51:00",
  "value" : "10"
},{
  "dateTime" : "04/24/18 09:01:00",
  "value" : "10"
},{
  "dateTime" : "04/24/18 09:49:00",
  "value" : "10"
},{
  "dateTime" : "04/24/18 09:50:00",
  "value" : "10"
},{
  "dateTime" : "04/24/18 09:52:00",
  "value" : "10"
},{
  "dateTime" : "04/24/18 11:30:00",
  "value" : "20"
},{
  "dateTime" : "04/24/18 11:32:00",
  "value" : "10"
},{
  "dateTime" : "04/24/18 11:33:00",
  "value" : "10"
},{
  "dateTime" : "04/24/18 11:34:00",
  "value" : "10"
},{
  "dateTime" : "04/24/18 11:35:00",
  "value" : "20"
},{
  "dateTime" : "04/24/18 11:36:00",
  "value" : "10"
},{
  "dateTime" : "04/24/18 19:00:00",
  "value" : "10"
},{
  "dateTime" : "04/25/18 05:47:00",
  "value" : "10"
},{
  "dateTime" : "04/25/18 05:55:00",
  "value" : "10"
},{
  "dateTime" : "04/25/18 08:15:00",
  "value" : "10"
},{
  "dateTime" : "04/25/18 08:16:00",
  "value" : "30"
},{
  "dateTime" : "04/25/18 08:17:00",
  "value" : "20"
},{
  "dateTime" : "04/25/18 08:18:00",
  "value" : "10"
},{
  "dateTime" : "04/25/18 08:19:00",
  "value" : "20"
},{
  "dateTime" : "04/25/18 08:20:00",
  "value" : "10"
},{
  "dateTime" : "04/25/18 09:31:00",
  "value" : "10"
},{
  "dateTime" : "04/25/18 10:59:00",
  "value" : "10"
},{
  "dateTime" : "04/25/18 14:22:00",
  "value" : "10"
},{
  "dateTime" : "04/25/18 14:30:00",
  "value" : "10"
},{
  "dateTime" : "04/25/18 16:03:00",
  "value" : "10"
},{
  "dateTime" : "04/25/18 16:27:00",
  "value" : "10"
},{
  "dateTime" : "04/25/18 17:49:00",
  "value" : "10"
},{
  "dateTime" : "04/25/18 18:14:00",
  "value" : "10"
},{
  "dateTime" : "04/25/18 18:36:00",
  "value" : "10"
},{
  "dateTime" : "04/25/18 19:37:00",
  "value" : "10"
},{
  "dateTime" : "04/25/18 19:53:00",
  "value" : "10"
},{
  "dateTime" : "04/25/18 20:34:00",
  "value" : "10"
},{
  "dateTime" : "04/25/18 20:50:00",
  "value" : "10"
},{
  "dateTime" : "04/25/18 20:53:00",
  "value" : "10"
},{
  "dateTime" : "04/25/18 22:53:00",
  "value" : "10"
},{
  "dateTime" : "04/25/18 23:20:00",
  "value" : "10"
},{
  "dateTime" : "04/26/18 00:31:00",
  "value" : "10"
},{
  "dateTime" : "04/26/18 05:48:00",
  "value" : "10"
},{
  "dateTime" : "04/26/18 05:54:00",
  "value" : "10"
},{
  "dateTime" : "04/26/18 07:35:00",
  "value" : "10"
},{
  "dateTime" : "04/26/18 07:48:00",
  "value" : "10"
},{
  "dateTime" : "04/26/18 08:20:00",
  "value" : "10"
},{
  "dateTime" : "04/26/18 08:23:00",
  "value" : "10"
},{
  "dateTime" : "04/26/18 10:02:00",
  "value" : "10"
},{
  "dateTime" : "04/26/18 10:03:00",
  "value" : "20"
},{
  "dateTime" : "04/26/18 12:13:00",
  "value" : "10"
},{
  "dateTime" : "04/26/18 12:14:00",
  "value" : "10"
},{
  "dateTime" : "04/26/18 12:15:00",
  "value" : "10"
},{
  "dateTime" : "04/26/18 12:17:00",
  "value" : "20"
},{
  "dateTime" : "04/26/18 12:18:00",
  "value" : "20"
},{
  "dateTime" : "04/26/18 12:19:00",
  "value" : "10"
},{
  "dateTime" : "04/26/18 17:22:00",
  "value" : "10"
},{
  "dateTime" : "04/26/18 18:02:00",
  "value" : "10"
},{
  "dateTime" : "04/26/18 22:31:00",
  "value" : "10"
}]