[{
  "dateTime" : "05/23/19 20:11:00",
  "value" : "10"
},{
  "dateTime" : "05/25/19 09:54:00",
  "value" : "10"
},{
  "dateTime" : "05/25/19 21:14:00",
  "value" : "10"
},{
  "dateTime" : "05/25/19 21:15:00",
  "value" : "10"
},{
  "dateTime" : "05/26/19 01:01:00",
  "value" : "10"
},{
  "dateTime" : "05/26/19 01:04:00",
  "value" : "10"
},{
  "dateTime" : "05/26/19 12:39:00",
  "value" : "10"
},{
  "dateTime" : "05/26/19 14:34:00",
  "value" : "10"
},{
  "dateTime" : "05/26/19 17:11:00",
  "value" : "10"
},{
  "dateTime" : "05/26/19 22:57:00",
  "value" : "10"
},{
  "dateTime" : "05/26/19 22:58:00",
  "value" : "10"
},{
  "dateTime" : "05/26/19 23:14:00",
  "value" : "10"
},{
  "dateTime" : "05/27/19 01:00:00",
  "value" : "10"
},{
  "dateTime" : "05/27/19 01:27:00",
  "value" : "10"
},{
  "dateTime" : "05/27/19 09:18:00",
  "value" : "10"
},{
  "dateTime" : "05/27/19 12:29:00",
  "value" : "10"
},{
  "dateTime" : "05/27/19 12:32:00",
  "value" : "10"
},{
  "dateTime" : "05/27/19 12:59:00",
  "value" : "10"
},{
  "dateTime" : "05/27/19 15:31:00",
  "value" : "10"
},{
  "dateTime" : "05/27/19 19:05:00",
  "value" : "10"
},{
  "dateTime" : "05/27/19 19:06:00",
  "value" : "10"
},{
  "dateTime" : "05/27/19 21:22:00",
  "value" : "20"
},{
  "dateTime" : "05/28/19 17:26:00",
  "value" : "10"
},{
  "dateTime" : "05/28/19 19:46:00",
  "value" : "10"
},{
  "dateTime" : "05/28/19 19:48:00",
  "value" : "20"
},{
  "dateTime" : "05/30/19 17:04:00",
  "value" : "10"
},{
  "dateTime" : "05/31/19 13:48:00",
  "value" : "10"
},{
  "dateTime" : "05/31/19 15:40:00",
  "value" : "10"
},{
  "dateTime" : "05/31/19 17:54:00",
  "value" : "10"
},{
  "dateTime" : "05/31/19 20:00:00",
  "value" : "10"
},{
  "dateTime" : "05/31/19 22:38:00",
  "value" : "10"
},{
  "dateTime" : "06/04/19 18:38:00",
  "value" : "10"
},{
  "dateTime" : "06/05/19 19:16:00",
  "value" : "10"
},{
  "dateTime" : "06/05/19 19:27:00",
  "value" : "20"
},{
  "dateTime" : "06/07/19 17:28:00",
  "value" : "10"
},{
  "dateTime" : "06/08/19 12:16:00",
  "value" : "10"
},{
  "dateTime" : "06/08/19 14:09:00",
  "value" : "10"
},{
  "dateTime" : "06/08/19 14:12:00",
  "value" : "10"
},{
  "dateTime" : "06/09/19 19:30:00",
  "value" : "10"
},{
  "dateTime" : "06/09/19 19:34:00",
  "value" : "10"
},{
  "dateTime" : "06/09/19 22:41:00",
  "value" : "10"
},{
  "dateTime" : "06/10/19 08:08:00",
  "value" : "20"
},{
  "dateTime" : "06/10/19 13:00:00",
  "value" : "20"
},{
  "dateTime" : "06/11/19 07:50:00",
  "value" : "10"
},{
  "dateTime" : "06/11/19 07:57:00",
  "value" : "10"
},{
  "dateTime" : "06/11/19 11:49:00",
  "value" : "10"
},{
  "dateTime" : "06/11/19 16:46:00",
  "value" : "10"
},{
  "dateTime" : "06/12/19 09:00:00",
  "value" : "10"
},{
  "dateTime" : "06/12/19 13:41:00",
  "value" : "10"
},{
  "dateTime" : "06/13/19 08:58:00",
  "value" : "10"
},{
  "dateTime" : "06/13/19 12:45:00",
  "value" : "10"
},{
  "dateTime" : "06/14/19 08:50:00",
  "value" : "10"
},{
  "dateTime" : "06/14/19 18:52:00",
  "value" : "10"
},{
  "dateTime" : "06/14/19 21:50:00",
  "value" : "10"
},{
  "dateTime" : "06/14/19 21:51:00",
  "value" : "20"
},{
  "dateTime" : "06/14/19 21:52:00",
  "value" : "10"
},{
  "dateTime" : "06/14/19 21:53:00",
  "value" : "10"
},{
  "dateTime" : "06/14/19 21:55:00",
  "value" : "10"
},{
  "dateTime" : "06/14/19 21:56:00",
  "value" : "20"
},{
  "dateTime" : "06/14/19 21:57:00",
  "value" : "20"
},{
  "dateTime" : "06/14/19 21:58:00",
  "value" : "10"
},{
  "dateTime" : "06/14/19 21:59:00",
  "value" : "30"
},{
  "dateTime" : "06/14/19 22:01:00",
  "value" : "10"
},{
  "dateTime" : "06/14/19 22:03:00",
  "value" : "20"
},{
  "dateTime" : "06/15/19 17:47:00",
  "value" : "10"
},{
  "dateTime" : "06/17/19 16:53:00",
  "value" : "10"
},{
  "dateTime" : "06/18/19 14:05:00",
  "value" : "10"
},{
  "dateTime" : "06/18/19 17:51:00",
  "value" : "20"
},{
  "dateTime" : "06/18/19 17:54:00",
  "value" : "10"
},{
  "dateTime" : "06/18/19 17:56:00",
  "value" : "10"
},{
  "dateTime" : "06/19/19 13:38:00",
  "value" : "10"
},{
  "dateTime" : "06/19/19 14:03:00",
  "value" : "10"
},{
  "dateTime" : "06/19/19 16:58:00",
  "value" : "10"
},{
  "dateTime" : "06/19/19 16:59:00",
  "value" : "10"
},{
  "dateTime" : "06/19/19 20:04:00",
  "value" : "10"
},{
  "dateTime" : "06/20/19 07:32:00",
  "value" : "10"
},{
  "dateTime" : "06/20/19 12:25:00",
  "value" : "10"
},{
  "dateTime" : "06/20/19 12:58:00",
  "value" : "10"
}]