[{
  "dateTime" : "11/23/18 08:47:00",
  "value" : "10"
},{
  "dateTime" : "11/23/18 19:40:00",
  "value" : "10"
},{
  "dateTime" : "11/23/18 20:46:00",
  "value" : "10"
},{
  "dateTime" : "11/23/18 21:44:00",
  "value" : "10"
},{
  "dateTime" : "11/23/18 23:18:00",
  "value" : "10"
},{
  "dateTime" : "11/23/18 23:40:00",
  "value" : "10"
},{
  "dateTime" : "11/24/18 09:35:00",
  "value" : "10"
},{
  "dateTime" : "11/24/18 09:55:00",
  "value" : "10"
},{
  "dateTime" : "11/24/18 13:01:00",
  "value" : "10"
},{
  "dateTime" : "11/25/18 15:17:00",
  "value" : "10"
},{
  "dateTime" : "11/26/18 12:14:00",
  "value" : "10"
},{
  "dateTime" : "11/26/18 13:47:00",
  "value" : "10"
},{
  "dateTime" : "11/26/18 17:08:00",
  "value" : "10"
},{
  "dateTime" : "11/26/18 18:17:00",
  "value" : "10"
},{
  "dateTime" : "11/26/18 18:23:00",
  "value" : "10"
},{
  "dateTime" : "11/26/18 18:24:00",
  "value" : "10"
},{
  "dateTime" : "11/26/18 20:23:00",
  "value" : "10"
},{
  "dateTime" : "11/26/18 20:52:00",
  "value" : "10"
},{
  "dateTime" : "11/26/18 20:59:00",
  "value" : "10"
},{
  "dateTime" : "11/26/18 21:02:00",
  "value" : "10"
},{
  "dateTime" : "11/26/18 21:22:00",
  "value" : "10"
},{
  "dateTime" : "11/26/18 21:24:00",
  "value" : "10"
},{
  "dateTime" : "11/26/18 21:28:00",
  "value" : "10"
},{
  "dateTime" : "11/27/18 11:22:00",
  "value" : "10"
},{
  "dateTime" : "11/27/18 13:56:00",
  "value" : "20"
},{
  "dateTime" : "11/27/18 14:25:00",
  "value" : "10"
},{
  "dateTime" : "11/27/18 14:59:00",
  "value" : "10"
},{
  "dateTime" : "11/27/18 15:03:00",
  "value" : "10"
},{
  "dateTime" : "11/27/18 21:44:00",
  "value" : "10"
},{
  "dateTime" : "11/28/18 16:10:00",
  "value" : "10"
},{
  "dateTime" : "11/28/18 21:30:00",
  "value" : "10"
},{
  "dateTime" : "11/29/18 11:19:00",
  "value" : "10"
},{
  "dateTime" : "11/29/18 15:12:00",
  "value" : "10"
},{
  "dateTime" : "11/29/18 15:57:00",
  "value" : "10"
},{
  "dateTime" : "11/29/18 17:54:00",
  "value" : "10"
},{
  "dateTime" : "11/29/18 20:15:00",
  "value" : "10"
},{
  "dateTime" : "11/29/18 20:17:00",
  "value" : "10"
},{
  "dateTime" : "11/30/18 19:34:00",
  "value" : "10"
},{
  "dateTime" : "12/01/18 16:03:00",
  "value" : "20"
},{
  "dateTime" : "12/01/18 18:58:00",
  "value" : "10"
},{
  "dateTime" : "12/01/18 19:45:00",
  "value" : "20"
},{
  "dateTime" : "12/02/18 09:43:00",
  "value" : "10"
},{
  "dateTime" : "12/02/18 12:50:00",
  "value" : "10"
},{
  "dateTime" : "12/02/18 12:59:00",
  "value" : "10"
},{
  "dateTime" : "12/02/18 13:15:00",
  "value" : "10"
},{
  "dateTime" : "12/02/18 13:18:00",
  "value" : "10"
},{
  "dateTime" : "12/02/18 15:53:00",
  "value" : "10"
},{
  "dateTime" : "12/03/18 10:04:00",
  "value" : "10"
},{
  "dateTime" : "12/03/18 13:04:00",
  "value" : "20"
},{
  "dateTime" : "12/04/18 00:22:00",
  "value" : "10"
},{
  "dateTime" : "12/04/18 00:31:00",
  "value" : "10"
},{
  "dateTime" : "12/04/18 00:53:00",
  "value" : "10"
},{
  "dateTime" : "12/04/18 01:31:00",
  "value" : "10"
},{
  "dateTime" : "12/04/18 11:06:00",
  "value" : "10"
},{
  "dateTime" : "12/04/18 21:19:00",
  "value" : "10"
},{
  "dateTime" : "12/04/18 22:03:00",
  "value" : "10"
},{
  "dateTime" : "12/04/18 22:46:00",
  "value" : "10"
},{
  "dateTime" : "12/05/18 10:46:00",
  "value" : "10"
},{
  "dateTime" : "12/05/18 10:58:00",
  "value" : "10"
},{
  "dateTime" : "12/05/18 11:49:00",
  "value" : "10"
},{
  "dateTime" : "12/05/18 13:58:00",
  "value" : "10"
},{
  "dateTime" : "12/05/18 14:51:00",
  "value" : "10"
},{
  "dateTime" : "12/05/18 15:09:00",
  "value" : "10"
},{
  "dateTime" : "12/05/18 16:09:00",
  "value" : "10"
},{
  "dateTime" : "12/05/18 16:50:00",
  "value" : "10"
},{
  "dateTime" : "12/05/18 17:24:00",
  "value" : "10"
},{
  "dateTime" : "12/05/18 18:58:00",
  "value" : "10"
},{
  "dateTime" : "12/05/18 20:15:00",
  "value" : "10"
},{
  "dateTime" : "12/05/18 20:20:00",
  "value" : "10"
},{
  "dateTime" : "12/05/18 20:49:00",
  "value" : "10"
},{
  "dateTime" : "12/05/18 21:21:00",
  "value" : "10"
},{
  "dateTime" : "12/06/18 06:55:00",
  "value" : "10"
},{
  "dateTime" : "12/06/18 07:16:00",
  "value" : "10"
},{
  "dateTime" : "12/06/18 08:26:00",
  "value" : "10"
},{
  "dateTime" : "12/06/18 08:34:00",
  "value" : "10"
},{
  "dateTime" : "12/06/18 08:57:00",
  "value" : "10"
},{
  "dateTime" : "12/06/18 17:59:00",
  "value" : "10"
},{
  "dateTime" : "12/06/18 22:48:00",
  "value" : "10"
},{
  "dateTime" : "12/07/18 11:43:00",
  "value" : "10"
},{
  "dateTime" : "12/07/18 12:07:00",
  "value" : "10"
},{
  "dateTime" : "12/07/18 18:45:00",
  "value" : "10"
},{
  "dateTime" : "12/07/18 19:46:00",
  "value" : "10"
},{
  "dateTime" : "12/07/18 22:23:00",
  "value" : "10"
},{
  "dateTime" : "12/07/18 22:25:00",
  "value" : "10"
},{
  "dateTime" : "12/08/18 08:37:00",
  "value" : "10"
},{
  "dateTime" : "12/08/18 20:53:00",
  "value" : "10"
},{
  "dateTime" : "12/08/18 22:26:00",
  "value" : "10"
},{
  "dateTime" : "12/08/18 22:36:00",
  "value" : "10"
},{
  "dateTime" : "12/09/18 11:08:00",
  "value" : "10"
},{
  "dateTime" : "12/09/18 16:04:00",
  "value" : "10"
},{
  "dateTime" : "12/09/18 23:42:00",
  "value" : "10"
},{
  "dateTime" : "12/10/18 11:25:00",
  "value" : "10"
},{
  "dateTime" : "12/10/18 12:06:00",
  "value" : "10"
},{
  "dateTime" : "12/10/18 12:40:00",
  "value" : "10"
},{
  "dateTime" : "12/10/18 18:15:00",
  "value" : "10"
},{
  "dateTime" : "12/10/18 20:04:00",
  "value" : "10"
},{
  "dateTime" : "12/10/18 22:19:00",
  "value" : "10"
},{
  "dateTime" : "12/10/18 22:20:00",
  "value" : "10"
},{
  "dateTime" : "12/10/18 23:18:00",
  "value" : "10"
},{
  "dateTime" : "12/11/18 11:09:00",
  "value" : "10"
},{
  "dateTime" : "12/11/18 18:12:00",
  "value" : "10"
},{
  "dateTime" : "12/11/18 18:17:00",
  "value" : "10"
},{
  "dateTime" : "12/11/18 21:24:00",
  "value" : "10"
},{
  "dateTime" : "12/11/18 21:27:00",
  "value" : "10"
},{
  "dateTime" : "12/12/18 12:01:00",
  "value" : "10"
},{
  "dateTime" : "12/12/18 13:15:00",
  "value" : "10"
},{
  "dateTime" : "12/12/18 15:11:00",
  "value" : "10"
},{
  "dateTime" : "12/12/18 18:27:00",
  "value" : "10"
},{
  "dateTime" : "12/12/18 19:43:00",
  "value" : "10"
},{
  "dateTime" : "12/12/18 19:58:00",
  "value" : "10"
},{
  "dateTime" : "12/12/18 21:07:00",
  "value" : "10"
},{
  "dateTime" : "12/13/18 09:26:00",
  "value" : "10"
},{
  "dateTime" : "12/13/18 09:30:00",
  "value" : "10"
},{
  "dateTime" : "12/13/18 10:03:00",
  "value" : "10"
},{
  "dateTime" : "12/13/18 16:39:00",
  "value" : "10"
},{
  "dateTime" : "12/13/18 17:08:00",
  "value" : "10"
},{
  "dateTime" : "12/13/18 17:26:00",
  "value" : "10"
},{
  "dateTime" : "12/13/18 18:11:00",
  "value" : "10"
},{
  "dateTime" : "12/13/18 18:16:00",
  "value" : "10"
},{
  "dateTime" : "12/13/18 18:40:00",
  "value" : "10"
},{
  "dateTime" : "12/14/18 09:31:00",
  "value" : "10"
},{
  "dateTime" : "12/14/18 09:45:00",
  "value" : "10"
},{
  "dateTime" : "12/14/18 10:07:00",
  "value" : "10"
},{
  "dateTime" : "12/14/18 11:21:00",
  "value" : "10"
},{
  "dateTime" : "12/14/18 21:06:00",
  "value" : "10"
},{
  "dateTime" : "12/15/18 09:23:00",
  "value" : "10"
},{
  "dateTime" : "12/15/18 09:27:00",
  "value" : "10"
},{
  "dateTime" : "12/15/18 09:41:00",
  "value" : "10"
},{
  "dateTime" : "12/15/18 10:19:00",
  "value" : "10"
},{
  "dateTime" : "12/15/18 10:21:00",
  "value" : "10"
},{
  "dateTime" : "12/15/18 10:22:00",
  "value" : "10"
},{
  "dateTime" : "12/15/18 10:23:00",
  "value" : "10"
},{
  "dateTime" : "12/15/18 15:31:00",
  "value" : "10"
},{
  "dateTime" : "12/15/18 15:33:00",
  "value" : "10"
},{
  "dateTime" : "12/15/18 19:57:00",
  "value" : "10"
},{
  "dateTime" : "12/15/18 20:36:00",
  "value" : "10"
},{
  "dateTime" : "12/15/18 20:39:00",
  "value" : "10"
},{
  "dateTime" : "12/16/18 11:08:00",
  "value" : "10"
},{
  "dateTime" : "12/16/18 15:47:00",
  "value" : "10"
},{
  "dateTime" : "12/16/18 18:24:00",
  "value" : "10"
},{
  "dateTime" : "12/16/18 19:00:00",
  "value" : "10"
},{
  "dateTime" : "12/16/18 21:49:00",
  "value" : "10"
},{
  "dateTime" : "12/16/18 21:50:00",
  "value" : "10"
},{
  "dateTime" : "12/17/18 08:12:00",
  "value" : "10"
},{
  "dateTime" : "12/18/18 09:07:00",
  "value" : "10"
},{
  "dateTime" : "12/18/18 10:08:00",
  "value" : "10"
},{
  "dateTime" : "12/18/18 11:22:00",
  "value" : "10"
},{
  "dateTime" : "12/18/18 17:53:00",
  "value" : "10"
},{
  "dateTime" : "12/18/18 18:28:00",
  "value" : "10"
},{
  "dateTime" : "12/18/18 19:05:00",
  "value" : "10"
},{
  "dateTime" : "12/19/18 09:08:00",
  "value" : "10"
},{
  "dateTime" : "12/19/18 09:41:00",
  "value" : "10"
},{
  "dateTime" : "12/19/18 11:27:00",
  "value" : "10"
},{
  "dateTime" : "12/19/18 15:09:00",
  "value" : "10"
},{
  "dateTime" : "12/19/18 15:44:00",
  "value" : "10"
},{
  "dateTime" : "12/19/18 15:48:00",
  "value" : "10"
},{
  "dateTime" : "12/19/18 15:55:00",
  "value" : "10"
},{
  "dateTime" : "12/19/18 16:12:00",
  "value" : "10"
},{
  "dateTime" : "12/19/18 16:20:00",
  "value" : "10"
},{
  "dateTime" : "12/19/18 17:01:00",
  "value" : "10"
},{
  "dateTime" : "12/19/18 17:19:00",
  "value" : "10"
},{
  "dateTime" : "12/19/18 17:29:00",
  "value" : "10"
},{
  "dateTime" : "12/19/18 19:04:00",
  "value" : "10"
},{
  "dateTime" : "12/19/18 19:52:00",
  "value" : "10"
},{
  "dateTime" : "12/19/18 19:53:00",
  "value" : "10"
},{
  "dateTime" : "12/19/18 21:50:00",
  "value" : "10"
},{
  "dateTime" : "12/19/18 22:34:00",
  "value" : "10"
},{
  "dateTime" : "12/19/18 22:37:00",
  "value" : "10"
},{
  "dateTime" : "12/20/18 08:00:00",
  "value" : "10"
},{
  "dateTime" : "12/20/18 10:24:00",
  "value" : "10"
},{
  "dateTime" : "12/20/18 10:38:00",
  "value" : "10"
},{
  "dateTime" : "12/20/18 11:29:00",
  "value" : "10"
},{
  "dateTime" : "12/20/18 11:34:00",
  "value" : "10"
},{
  "dateTime" : "12/20/18 11:41:00",
  "value" : "10"
},{
  "dateTime" : "12/20/18 12:23:00",
  "value" : "10"
},{
  "dateTime" : "12/20/18 19:49:00",
  "value" : "10"
},{
  "dateTime" : "12/20/18 19:52:00",
  "value" : "10"
},{
  "dateTime" : "12/20/18 22:55:00",
  "value" : "10"
},{
  "dateTime" : "12/21/18 12:10:00",
  "value" : "10"
},{
  "dateTime" : "12/21/18 19:49:00",
  "value" : "10"
},{
  "dateTime" : "12/22/18 08:20:00",
  "value" : "10"
},{
  "dateTime" : "12/22/18 08:51:00",
  "value" : "10"
},{
  "dateTime" : "12/22/18 09:11:00",
  "value" : "10"
},{
  "dateTime" : "12/22/18 11:30:00",
  "value" : "10"
},{
  "dateTime" : "12/22/18 12:09:00",
  "value" : "20"
},{
  "dateTime" : "12/22/18 12:10:00",
  "value" : "10"
},{
  "dateTime" : "12/22/18 12:11:00",
  "value" : "20"
},{
  "dateTime" : "12/22/18 12:12:00",
  "value" : "30"
},{
  "dateTime" : "12/22/18 12:13:00",
  "value" : "10"
},{
  "dateTime" : "12/22/18 12:23:00",
  "value" : "20"
},{
  "dateTime" : "12/22/18 12:33:00",
  "value" : "10"
},{
  "dateTime" : "12/22/18 12:34:00",
  "value" : "10"
},{
  "dateTime" : "12/22/18 14:07:00",
  "value" : "10"
},{
  "dateTime" : "12/22/18 14:10:00",
  "value" : "10"
},{
  "dateTime" : "12/22/18 14:11:00",
  "value" : "10"
},{
  "dateTime" : "12/22/18 14:14:00",
  "value" : "20"
},{
  "dateTime" : "12/22/18 14:15:00",
  "value" : "10"
},{
  "dateTime" : "12/22/18 14:29:00",
  "value" : "10"
},{
  "dateTime" : "12/22/18 14:31:00",
  "value" : "10"
},{
  "dateTime" : "12/22/18 14:32:00",
  "value" : "10"
},{
  "dateTime" : "12/22/18 14:40:00",
  "value" : "10"
},{
  "dateTime" : "12/22/18 16:16:00",
  "value" : "10"
},{
  "dateTime" : "12/22/18 16:53:00",
  "value" : "10"
},{
  "dateTime" : "12/22/18 19:16:00",
  "value" : "10"
},{
  "dateTime" : "12/22/18 23:58:00",
  "value" : "10"
}]