[{
  "dateTime" : "08/25/18 00:56:00",
  "value" : "10"
},{
  "dateTime" : "08/25/18 07:43:00",
  "value" : "10"
},{
  "dateTime" : "08/25/18 07:53:00",
  "value" : "10"
},{
  "dateTime" : "08/25/18 09:20:00",
  "value" : "10"
},{
  "dateTime" : "08/25/18 09:21:00",
  "value" : "10"
},{
  "dateTime" : "08/25/18 09:24:00",
  "value" : "10"
},{
  "dateTime" : "08/25/18 09:42:00",
  "value" : "10"
},{
  "dateTime" : "08/25/18 09:44:00",
  "value" : "10"
},{
  "dateTime" : "08/25/18 09:45:00",
  "value" : "10"
},{
  "dateTime" : "08/25/18 09:47:00",
  "value" : "10"
},{
  "dateTime" : "08/25/18 09:51:00",
  "value" : "10"
},{
  "dateTime" : "08/25/18 15:41:00",
  "value" : "10"
},{
  "dateTime" : "08/25/18 17:43:00",
  "value" : "10"
},{
  "dateTime" : "08/25/18 20:36:00",
  "value" : "20"
},{
  "dateTime" : "08/25/18 20:41:00",
  "value" : "10"
},{
  "dateTime" : "08/26/18 13:06:00",
  "value" : "10"
},{
  "dateTime" : "08/26/18 14:49:00",
  "value" : "10"
},{
  "dateTime" : "08/26/18 15:55:00",
  "value" : "10"
},{
  "dateTime" : "08/26/18 20:16:00",
  "value" : "10"
},{
  "dateTime" : "08/26/18 20:18:00",
  "value" : "20"
},{
  "dateTime" : "08/26/18 20:19:00",
  "value" : "20"
},{
  "dateTime" : "08/26/18 20:20:00",
  "value" : "20"
},{
  "dateTime" : "08/26/18 20:21:00",
  "value" : "10"
},{
  "dateTime" : "08/26/18 20:22:00",
  "value" : "20"
},{
  "dateTime" : "08/26/18 20:23:00",
  "value" : "30"
},{
  "dateTime" : "08/26/18 20:37:00",
  "value" : "10"
},{
  "dateTime" : "08/27/18 08:28:00",
  "value" : "10"
},{
  "dateTime" : "08/27/18 08:31:00",
  "value" : "10"
},{
  "dateTime" : "08/27/18 08:32:00",
  "value" : "30"
},{
  "dateTime" : "08/27/18 08:34:00",
  "value" : "20"
},{
  "dateTime" : "08/27/18 08:35:00",
  "value" : "10"
},{
  "dateTime" : "08/27/18 08:37:00",
  "value" : "20"
},{
  "dateTime" : "08/27/18 08:55:00",
  "value" : "10"
},{
  "dateTime" : "08/27/18 09:02:00",
  "value" : "10"
},{
  "dateTime" : "08/27/18 09:04:00",
  "value" : "20"
},{
  "dateTime" : "08/27/18 09:08:00",
  "value" : "20"
},{
  "dateTime" : "08/27/18 09:09:00",
  "value" : "20"
},{
  "dateTime" : "08/27/18 09:10:00",
  "value" : "10"
},{
  "dateTime" : "08/27/18 09:19:00",
  "value" : "10"
},{
  "dateTime" : "08/27/18 09:20:00",
  "value" : "20"
},{
  "dateTime" : "08/27/18 09:21:00",
  "value" : "10"
},{
  "dateTime" : "08/27/18 09:37:00",
  "value" : "10"
},{
  "dateTime" : "08/30/18 10:34:00",
  "value" : "10"
},{
  "dateTime" : "08/30/18 19:58:00",
  "value" : "10"
},{
  "dateTime" : "08/30/18 23:35:00",
  "value" : "10"
},{
  "dateTime" : "08/31/18 00:18:00",
  "value" : "10"
},{
  "dateTime" : "08/31/18 07:18:00",
  "value" : "10"
},{
  "dateTime" : "08/31/18 08:44:00",
  "value" : "10"
},{
  "dateTime" : "08/31/18 08:55:00",
  "value" : "10"
},{
  "dateTime" : "08/31/18 08:58:00",
  "value" : "20"
},{
  "dateTime" : "08/31/18 08:59:00",
  "value" : "30"
},{
  "dateTime" : "08/31/18 09:00:00",
  "value" : "20"
},{
  "dateTime" : "08/31/18 09:01:00",
  "value" : "20"
},{
  "dateTime" : "08/31/18 09:02:00",
  "value" : "20"
},{
  "dateTime" : "08/31/18 18:53:00",
  "value" : "10"
},{
  "dateTime" : "08/31/18 19:13:00",
  "value" : "10"
},{
  "dateTime" : "08/31/18 19:42:00",
  "value" : "10"
},{
  "dateTime" : "09/01/18 00:32:00",
  "value" : "10"
},{
  "dateTime" : "09/01/18 00:38:00",
  "value" : "10"
},{
  "dateTime" : "09/01/18 00:58:00",
  "value" : "10"
},{
  "dateTime" : "09/01/18 09:11:00",
  "value" : "10"
},{
  "dateTime" : "09/01/18 09:12:00",
  "value" : "10"
},{
  "dateTime" : "09/01/18 09:13:00",
  "value" : "10"
},{
  "dateTime" : "09/01/18 09:15:00",
  "value" : "20"
},{
  "dateTime" : "09/01/18 09:18:00",
  "value" : "20"
},{
  "dateTime" : "09/01/18 09:19:00",
  "value" : "20"
},{
  "dateTime" : "09/01/18 09:20:00",
  "value" : "10"
},{
  "dateTime" : "09/01/18 09:27:00",
  "value" : "10"
},{
  "dateTime" : "09/01/18 09:30:00",
  "value" : "10"
},{
  "dateTime" : "09/01/18 11:18:00",
  "value" : "10"
},{
  "dateTime" : "09/01/18 11:27:00",
  "value" : "10"
},{
  "dateTime" : "09/02/18 08:52:00",
  "value" : "10"
},{
  "dateTime" : "09/02/18 11:29:00",
  "value" : "10"
},{
  "dateTime" : "09/02/18 13:53:00",
  "value" : "10"
},{
  "dateTime" : "09/02/18 15:49:00",
  "value" : "10"
},{
  "dateTime" : "09/02/18 16:31:00",
  "value" : "10"
},{
  "dateTime" : "09/02/18 22:40:00",
  "value" : "10"
},{
  "dateTime" : "09/03/18 07:20:00",
  "value" : "10"
},{
  "dateTime" : "09/03/18 08:57:00",
  "value" : "10"
},{
  "dateTime" : "09/03/18 09:00:00",
  "value" : "10"
},{
  "dateTime" : "09/03/18 09:01:00",
  "value" : "20"
},{
  "dateTime" : "09/03/18 09:02:00",
  "value" : "10"
},{
  "dateTime" : "09/03/18 09:03:00",
  "value" : "10"
},{
  "dateTime" : "09/03/18 09:04:00",
  "value" : "20"
},{
  "dateTime" : "09/03/18 09:05:00",
  "value" : "20"
},{
  "dateTime" : "09/03/18 09:06:00",
  "value" : "10"
},{
  "dateTime" : "09/03/18 09:10:00",
  "value" : "10"
},{
  "dateTime" : "09/03/18 09:22:00",
  "value" : "10"
},{
  "dateTime" : "09/03/18 09:41:00",
  "value" : "10"
},{
  "dateTime" : "09/03/18 11:01:00",
  "value" : "10"
},{
  "dateTime" : "09/03/18 11:10:00",
  "value" : "10"
},{
  "dateTime" : "09/03/18 11:28:00",
  "value" : "10"
},{
  "dateTime" : "09/03/18 11:36:00",
  "value" : "10"
},{
  "dateTime" : "09/03/18 12:37:00",
  "value" : "10"
},{
  "dateTime" : "09/03/18 13:22:00",
  "value" : "10"
},{
  "dateTime" : "09/03/18 13:25:00",
  "value" : "10"
},{
  "dateTime" : "09/03/18 13:27:00",
  "value" : "20"
},{
  "dateTime" : "09/03/18 13:29:00",
  "value" : "10"
},{
  "dateTime" : "09/03/18 15:54:00",
  "value" : "10"
},{
  "dateTime" : "09/03/18 18:00:00",
  "value" : "50"
},{
  "dateTime" : "09/03/18 18:10:00",
  "value" : "20"
},{
  "dateTime" : "09/03/18 20:45:00",
  "value" : "10"
},{
  "dateTime" : "09/03/18 20:52:00",
  "value" : "10"
},{
  "dateTime" : "09/03/18 21:06:00",
  "value" : "40"
},{
  "dateTime" : "09/03/18 21:07:00",
  "value" : "20"
},{
  "dateTime" : "09/03/18 22:05:00",
  "value" : "10"
},{
  "dateTime" : "09/04/18 05:33:00",
  "value" : "10"
},{
  "dateTime" : "09/04/18 07:18:00",
  "value" : "10"
},{
  "dateTime" : "09/04/18 07:28:00",
  "value" : "10"
},{
  "dateTime" : "09/04/18 07:31:00",
  "value" : "10"
},{
  "dateTime" : "09/04/18 07:33:00",
  "value" : "20"
},{
  "dateTime" : "09/04/18 07:34:00",
  "value" : "20"
},{
  "dateTime" : "09/04/18 07:35:00",
  "value" : "10"
},{
  "dateTime" : "09/04/18 07:36:00",
  "value" : "30"
},{
  "dateTime" : "09/04/18 07:37:00",
  "value" : "10"
},{
  "dateTime" : "09/04/18 07:47:00",
  "value" : "10"
},{
  "dateTime" : "09/04/18 07:56:00",
  "value" : "10"
},{
  "dateTime" : "09/04/18 09:15:00",
  "value" : "10"
},{
  "dateTime" : "09/04/18 19:26:00",
  "value" : "10"
},{
  "dateTime" : "09/04/18 20:04:00",
  "value" : "10"
},{
  "dateTime" : "09/04/18 23:02:00",
  "value" : "10"
},{
  "dateTime" : "09/05/18 07:29:00",
  "value" : "20"
},{
  "dateTime" : "09/05/18 07:30:00",
  "value" : "10"
},{
  "dateTime" : "09/05/18 07:31:00",
  "value" : "10"
},{
  "dateTime" : "09/05/18 07:32:00",
  "value" : "30"
},{
  "dateTime" : "09/05/18 07:33:00",
  "value" : "10"
},{
  "dateTime" : "09/05/18 07:34:00",
  "value" : "10"
},{
  "dateTime" : "09/05/18 07:57:00",
  "value" : "10"
},{
  "dateTime" : "09/05/18 08:01:00",
  "value" : "20"
},{
  "dateTime" : "09/05/18 08:02:00",
  "value" : "30"
},{
  "dateTime" : "09/05/18 08:03:00",
  "value" : "30"
},{
  "dateTime" : "09/05/18 08:04:00",
  "value" : "30"
},{
  "dateTime" : "09/05/18 08:05:00",
  "value" : "10"
},{
  "dateTime" : "09/05/18 08:12:00",
  "value" : "10"
},{
  "dateTime" : "09/05/18 08:15:00",
  "value" : "10"
},{
  "dateTime" : "09/05/18 08:22:00",
  "value" : "10"
},{
  "dateTime" : "09/05/18 21:00:00",
  "value" : "10"
},{
  "dateTime" : "09/05/18 23:17:00",
  "value" : "10"
},{
  "dateTime" : "09/06/18 09:21:00",
  "value" : "10"
},{
  "dateTime" : "09/06/18 09:43:00",
  "value" : "30"
},{
  "dateTime" : "09/06/18 09:44:00",
  "value" : "10"
},{
  "dateTime" : "09/06/18 09:45:00",
  "value" : "10"
},{
  "dateTime" : "09/06/18 09:56:00",
  "value" : "10"
},{
  "dateTime" : "09/06/18 09:57:00",
  "value" : "10"
},{
  "dateTime" : "09/06/18 09:58:00",
  "value" : "20"
},{
  "dateTime" : "09/06/18 10:09:00",
  "value" : "10"
},{
  "dateTime" : "09/06/18 10:10:00",
  "value" : "10"
},{
  "dateTime" : "09/06/18 10:11:00",
  "value" : "20"
},{
  "dateTime" : "09/06/18 10:12:00",
  "value" : "20"
},{
  "dateTime" : "09/06/18 10:14:00",
  "value" : "20"
},{
  "dateTime" : "09/06/18 10:15:00",
  "value" : "20"
},{
  "dateTime" : "09/06/18 10:19:00",
  "value" : "10"
},{
  "dateTime" : "09/06/18 12:59:00",
  "value" : "10"
},{
  "dateTime" : "09/06/18 13:06:00",
  "value" : "10"
},{
  "dateTime" : "09/06/18 20:27:00",
  "value" : "10"
},{
  "dateTime" : "09/07/18 07:18:00",
  "value" : "10"
},{
  "dateTime" : "09/07/18 08:49:00",
  "value" : "10"
},{
  "dateTime" : "09/07/18 08:50:00",
  "value" : "10"
},{
  "dateTime" : "09/07/18 08:51:00",
  "value" : "20"
},{
  "dateTime" : "09/07/18 08:52:00",
  "value" : "10"
},{
  "dateTime" : "09/07/18 08:53:00",
  "value" : "20"
},{
  "dateTime" : "09/07/18 09:04:00",
  "value" : "20"
},{
  "dateTime" : "09/07/18 09:06:00",
  "value" : "10"
},{
  "dateTime" : "09/07/18 09:12:00",
  "value" : "20"
},{
  "dateTime" : "09/07/18 09:13:00",
  "value" : "30"
},{
  "dateTime" : "09/07/18 09:14:00",
  "value" : "10"
},{
  "dateTime" : "09/07/18 09:19:00",
  "value" : "10"
},{
  "dateTime" : "09/07/18 09:20:00",
  "value" : "10"
},{
  "dateTime" : "09/07/18 09:21:00",
  "value" : "20"
},{
  "dateTime" : "09/07/18 17:55:00",
  "value" : "10"
},{
  "dateTime" : "09/08/18 12:16:00",
  "value" : "10"
},{
  "dateTime" : "09/08/18 15:33:00",
  "value" : "10"
},{
  "dateTime" : "09/08/18 15:34:00",
  "value" : "10"
},{
  "dateTime" : "09/08/18 17:54:00",
  "value" : "10"
},{
  "dateTime" : "09/08/18 18:09:00",
  "value" : "10"
},{
  "dateTime" : "09/08/18 18:47:00",
  "value" : "10"
},{
  "dateTime" : "09/08/18 19:17:00",
  "value" : "10"
},{
  "dateTime" : "09/08/18 19:32:00",
  "value" : "20"
},{
  "dateTime" : "09/09/18 12:58:00",
  "value" : "10"
},{
  "dateTime" : "09/09/18 13:07:00",
  "value" : "10"
},{
  "dateTime" : "09/09/18 13:08:00",
  "value" : "10"
},{
  "dateTime" : "09/09/18 16:29:00",
  "value" : "10"
},{
  "dateTime" : "09/09/18 17:16:00",
  "value" : "10"
},{
  "dateTime" : "09/10/18 08:48:00",
  "value" : "10"
},{
  "dateTime" : "09/10/18 10:18:00",
  "value" : "10"
},{
  "dateTime" : "09/10/18 10:22:00",
  "value" : "10"
},{
  "dateTime" : "09/10/18 10:24:00",
  "value" : "10"
},{
  "dateTime" : "09/10/18 10:25:00",
  "value" : "10"
},{
  "dateTime" : "09/10/18 10:26:00",
  "value" : "20"
},{
  "dateTime" : "09/10/18 10:27:00",
  "value" : "20"
},{
  "dateTime" : "09/10/18 10:28:00",
  "value" : "20"
},{
  "dateTime" : "09/10/18 10:48:00",
  "value" : "10"
},{
  "dateTime" : "09/10/18 10:49:00",
  "value" : "10"
},{
  "dateTime" : "09/10/18 10:50:00",
  "value" : "30"
},{
  "dateTime" : "09/10/18 10:51:00",
  "value" : "20"
},{
  "dateTime" : "09/10/18 10:52:00",
  "value" : "20"
},{
  "dateTime" : "09/10/18 10:53:00",
  "value" : "30"
},{
  "dateTime" : "09/10/18 11:01:00",
  "value" : "10"
},{
  "dateTime" : "09/10/18 11:02:00",
  "value" : "10"
},{
  "dateTime" : "09/11/18 08:04:00",
  "value" : "10"
},{
  "dateTime" : "09/11/18 09:40:00",
  "value" : "10"
},{
  "dateTime" : "09/11/18 09:42:00",
  "value" : "20"
},{
  "dateTime" : "09/11/18 09:43:00",
  "value" : "10"
},{
  "dateTime" : "09/11/18 09:52:00",
  "value" : "10"
},{
  "dateTime" : "09/11/18 09:53:00",
  "value" : "10"
},{
  "dateTime" : "09/11/18 09:55:00",
  "value" : "10"
},{
  "dateTime" : "09/11/18 10:05:00",
  "value" : "10"
},{
  "dateTime" : "09/11/18 10:06:00",
  "value" : "10"
},{
  "dateTime" : "09/11/18 10:07:00",
  "value" : "10"
},{
  "dateTime" : "09/11/18 10:13:00",
  "value" : "10"
},{
  "dateTime" : "09/11/18 11:25:00",
  "value" : "10"
},{
  "dateTime" : "09/11/18 15:34:00",
  "value" : "10"
},{
  "dateTime" : "09/11/18 18:40:00",
  "value" : "10"
},{
  "dateTime" : "09/11/18 19:33:00",
  "value" : "10"
},{
  "dateTime" : "09/11/18 22:17:00",
  "value" : "10"
},{
  "dateTime" : "09/11/18 22:24:00",
  "value" : "20"
},{
  "dateTime" : "09/12/18 00:17:00",
  "value" : "10"
},{
  "dateTime" : "09/12/18 07:22:00",
  "value" : "10"
},{
  "dateTime" : "09/12/18 07:31:00",
  "value" : "10"
},{
  "dateTime" : "09/12/18 07:32:00",
  "value" : "10"
},{
  "dateTime" : "09/12/18 09:02:00",
  "value" : "20"
},{
  "dateTime" : "09/12/18 09:03:00",
  "value" : "20"
},{
  "dateTime" : "09/12/18 09:04:00",
  "value" : "10"
},{
  "dateTime" : "09/12/18 09:05:00",
  "value" : "30"
},{
  "dateTime" : "09/12/18 09:06:00",
  "value" : "20"
},{
  "dateTime" : "09/12/18 09:18:00",
  "value" : "20"
},{
  "dateTime" : "09/12/18 09:21:00",
  "value" : "10"
},{
  "dateTime" : "09/12/18 10:27:00",
  "value" : "10"
},{
  "dateTime" : "09/12/18 15:05:00",
  "value" : "10"
},{
  "dateTime" : "09/12/18 15:17:00",
  "value" : "10"
},{
  "dateTime" : "09/12/18 15:24:00",
  "value" : "10"
},{
  "dateTime" : "09/12/18 18:32:00",
  "value" : "10"
},{
  "dateTime" : "09/12/18 19:06:00",
  "value" : "10"
},{
  "dateTime" : "09/13/18 10:23:00",
  "value" : "10"
},{
  "dateTime" : "09/13/18 10:37:00",
  "value" : "10"
},{
  "dateTime" : "09/13/18 10:38:00",
  "value" : "20"
},{
  "dateTime" : "09/13/18 10:40:00",
  "value" : "10"
},{
  "dateTime" : "09/13/18 10:41:00",
  "value" : "20"
},{
  "dateTime" : "09/13/18 10:42:00",
  "value" : "10"
},{
  "dateTime" : "09/13/18 10:44:00",
  "value" : "30"
},{
  "dateTime" : "09/13/18 10:45:00",
  "value" : "10"
},{
  "dateTime" : "09/13/18 10:54:00",
  "value" : "10"
},{
  "dateTime" : "09/14/18 07:27:00",
  "value" : "10"
},{
  "dateTime" : "09/14/18 08:52:00",
  "value" : "10"
},{
  "dateTime" : "09/14/18 08:55:00",
  "value" : "10"
},{
  "dateTime" : "09/14/18 08:56:00",
  "value" : "20"
},{
  "dateTime" : "09/14/18 08:59:00",
  "value" : "10"
},{
  "dateTime" : "09/14/18 09:00:00",
  "value" : "20"
},{
  "dateTime" : "09/14/18 09:01:00",
  "value" : "10"
},{
  "dateTime" : "09/14/18 09:18:00",
  "value" : "10"
},{
  "dateTime" : "09/14/18 09:19:00",
  "value" : "10"
},{
  "dateTime" : "09/14/18 09:27:00",
  "value" : "10"
},{
  "dateTime" : "09/14/18 11:18:00",
  "value" : "10"
},{
  "dateTime" : "09/14/18 11:24:00",
  "value" : "10"
},{
  "dateTime" : "09/14/18 11:31:00",
  "value" : "10"
},{
  "dateTime" : "09/14/18 23:18:00",
  "value" : "10"
},{
  "dateTime" : "09/15/18 05:42:00",
  "value" : "10"
},{
  "dateTime" : "09/15/18 13:15:00",
  "value" : "10"
},{
  "dateTime" : "09/15/18 13:32:00",
  "value" : "10"
},{
  "dateTime" : "09/15/18 15:05:00",
  "value" : "10"
},{
  "dateTime" : "09/15/18 19:22:00",
  "value" : "10"
},{
  "dateTime" : "09/15/18 23:12:00",
  "value" : "10"
},{
  "dateTime" : "09/16/18 09:23:00",
  "value" : "10"
},{
  "dateTime" : "09/16/18 09:29:00",
  "value" : "10"
},{
  "dateTime" : "09/16/18 11:51:00",
  "value" : "10"
},{
  "dateTime" : "09/16/18 12:04:00",
  "value" : "10"
},{
  "dateTime" : "09/16/18 12:34:00",
  "value" : "10"
},{
  "dateTime" : "09/16/18 15:30:00",
  "value" : "10"
},{
  "dateTime" : "09/16/18 15:40:00",
  "value" : "10"
},{
  "dateTime" : "09/16/18 16:29:00",
  "value" : "10"
},{
  "dateTime" : "09/16/18 21:33:00",
  "value" : "10"
},{
  "dateTime" : "09/16/18 23:27:00",
  "value" : "10"
},{
  "dateTime" : "09/17/18 09:29:00",
  "value" : "10"
},{
  "dateTime" : "09/17/18 09:43:00",
  "value" : "10"
},{
  "dateTime" : "09/17/18 09:46:00",
  "value" : "10"
},{
  "dateTime" : "09/17/18 09:47:00",
  "value" : "10"
},{
  "dateTime" : "09/17/18 09:48:00",
  "value" : "20"
},{
  "dateTime" : "09/17/18 09:50:00",
  "value" : "10"
},{
  "dateTime" : "09/17/18 09:51:00",
  "value" : "30"
},{
  "dateTime" : "09/17/18 09:52:00",
  "value" : "20"
},{
  "dateTime" : "09/17/18 10:07:00",
  "value" : "20"
},{
  "dateTime" : "09/17/18 11:54:00",
  "value" : "10"
},{
  "dateTime" : "09/17/18 12:11:00",
  "value" : "10"
},{
  "dateTime" : "09/17/18 14:29:00",
  "value" : "10"
},{
  "dateTime" : "09/17/18 15:21:00",
  "value" : "10"
},{
  "dateTime" : "09/17/18 16:04:00",
  "value" : "10"
},{
  "dateTime" : "09/18/18 00:33:00",
  "value" : "10"
},{
  "dateTime" : "09/18/18 08:51:00",
  "value" : "10"
},{
  "dateTime" : "09/18/18 08:54:00",
  "value" : "10"
},{
  "dateTime" : "09/18/18 08:56:00",
  "value" : "10"
},{
  "dateTime" : "09/18/18 08:57:00",
  "value" : "10"
},{
  "dateTime" : "09/18/18 08:59:00",
  "value" : "20"
},{
  "dateTime" : "09/18/18 09:00:00",
  "value" : "20"
},{
  "dateTime" : "09/18/18 09:01:00",
  "value" : "10"
},{
  "dateTime" : "09/18/18 09:17:00",
  "value" : "10"
},{
  "dateTime" : "09/18/18 09:21:00",
  "value" : "10"
},{
  "dateTime" : "09/19/18 09:14:00",
  "value" : "10"
},{
  "dateTime" : "09/19/18 09:15:00",
  "value" : "20"
},{
  "dateTime" : "09/19/18 09:16:00",
  "value" : "20"
},{
  "dateTime" : "09/19/18 09:17:00",
  "value" : "10"
},{
  "dateTime" : "09/19/18 09:18:00",
  "value" : "30"
},{
  "dateTime" : "09/19/18 09:32:00",
  "value" : "10"
},{
  "dateTime" : "09/19/18 09:53:00",
  "value" : "10"
},{
  "dateTime" : "09/19/18 10:49:00",
  "value" : "10"
},{
  "dateTime" : "09/19/18 19:51:00",
  "value" : "10"
},{
  "dateTime" : "09/20/18 08:03:00",
  "value" : "10"
},{
  "dateTime" : "09/20/18 08:08:00",
  "value" : "10"
},{
  "dateTime" : "09/20/18 09:55:00",
  "value" : "10"
},{
  "dateTime" : "09/20/18 09:56:00",
  "value" : "10"
},{
  "dateTime" : "09/20/18 09:57:00",
  "value" : "10"
},{
  "dateTime" : "09/20/18 09:58:00",
  "value" : "20"
},{
  "dateTime" : "09/20/18 09:59:00",
  "value" : "30"
},{
  "dateTime" : "09/20/18 10:00:00",
  "value" : "20"
},{
  "dateTime" : "09/20/18 10:01:00",
  "value" : "20"
},{
  "dateTime" : "09/20/18 10:02:00",
  "value" : "10"
},{
  "dateTime" : "09/20/18 10:18:00",
  "value" : "20"
},{
  "dateTime" : "09/20/18 10:19:00",
  "value" : "20"
},{
  "dateTime" : "09/20/18 10:20:00",
  "value" : "20"
},{
  "dateTime" : "09/20/18 10:21:00",
  "value" : "10"
},{
  "dateTime" : "09/20/18 10:27:00",
  "value" : "10"
},{
  "dateTime" : "09/20/18 10:41:00",
  "value" : "10"
},{
  "dateTime" : "09/21/18 06:32:00",
  "value" : "10"
},{
  "dateTime" : "09/21/18 06:37:00",
  "value" : "10"
},{
  "dateTime" : "09/21/18 06:38:00",
  "value" : "40"
},{
  "dateTime" : "09/21/18 06:39:00",
  "value" : "20"
},{
  "dateTime" : "09/21/18 06:40:00",
  "value" : "20"
},{
  "dateTime" : "09/21/18 06:41:00",
  "value" : "10"
},{
  "dateTime" : "09/21/18 06:55:00",
  "value" : "10"
},{
  "dateTime" : "09/21/18 07:12:00",
  "value" : "10"
},{
  "dateTime" : "09/21/18 09:36:00",
  "value" : "10"
},{
  "dateTime" : "09/21/18 11:32:00",
  "value" : "10"
},{
  "dateTime" : "09/21/18 18:32:00",
  "value" : "10"
},{
  "dateTime" : "09/21/18 19:13:00",
  "value" : "10"
},{
  "dateTime" : "09/21/18 19:22:00",
  "value" : "10"
},{
  "dateTime" : "09/21/18 19:23:00",
  "value" : "10"
},{
  "dateTime" : "09/21/18 19:27:00",
  "value" : "10"
},{
  "dateTime" : "09/21/18 19:30:00",
  "value" : "20"
},{
  "dateTime" : "09/21/18 20:44:00",
  "value" : "10"
},{
  "dateTime" : "09/21/18 20:57:00",
  "value" : "10"
},{
  "dateTime" : "09/22/18 08:04:00",
  "value" : "10"
},{
  "dateTime" : "09/22/18 08:28:00",
  "value" : "20"
},{
  "dateTime" : "09/22/18 08:29:00",
  "value" : "30"
},{
  "dateTime" : "09/22/18 08:30:00",
  "value" : "30"
},{
  "dateTime" : "09/22/18 08:31:00",
  "value" : "30"
},{
  "dateTime" : "09/22/18 08:34:00",
  "value" : "10"
},{
  "dateTime" : "09/22/18 08:37:00",
  "value" : "30"
},{
  "dateTime" : "09/22/18 08:38:00",
  "value" : "30"
},{
  "dateTime" : "09/22/18 08:39:00",
  "value" : "20"
},{
  "dateTime" : "09/22/18 08:40:00",
  "value" : "20"
},{
  "dateTime" : "09/22/18 08:41:00",
  "value" : "30"
},{
  "dateTime" : "09/22/18 08:42:00",
  "value" : "20"
},{
  "dateTime" : "09/22/18 08:44:00",
  "value" : "10"
},{
  "dateTime" : "09/22/18 08:45:00",
  "value" : "40"
},{
  "dateTime" : "09/22/18 08:46:00",
  "value" : "20"
},{
  "dateTime" : "09/22/18 08:47:00",
  "value" : "40"
},{
  "dateTime" : "09/22/18 08:48:00",
  "value" : "30"
},{
  "dateTime" : "09/22/18 08:49:00",
  "value" : "20"
},{
  "dateTime" : "09/22/18 08:50:00",
  "value" : "40"
},{
  "dateTime" : "09/22/18 08:51:00",
  "value" : "30"
},{
  "dateTime" : "09/22/18 08:52:00",
  "value" : "40"
},{
  "dateTime" : "09/22/18 08:53:00",
  "value" : "30"
},{
  "dateTime" : "09/22/18 08:54:00",
  "value" : "10"
},{
  "dateTime" : "09/22/18 08:55:00",
  "value" : "30"
},{
  "dateTime" : "09/22/18 08:56:00",
  "value" : "10"
},{
  "dateTime" : "09/22/18 08:57:00",
  "value" : "30"
},{
  "dateTime" : "09/22/18 08:58:00",
  "value" : "20"
},{
  "dateTime" : "09/22/18 08:59:00",
  "value" : "20"
},{
  "dateTime" : "09/22/18 09:00:00",
  "value" : "40"
},{
  "dateTime" : "09/22/18 09:01:00",
  "value" : "30"
},{
  "dateTime" : "09/22/18 09:02:00",
  "value" : "10"
},{
  "dateTime" : "09/22/18 09:03:00",
  "value" : "10"
},{
  "dateTime" : "09/22/18 09:04:00",
  "value" : "20"
},{
  "dateTime" : "09/22/18 09:05:00",
  "value" : "30"
},{
  "dateTime" : "09/22/18 09:06:00",
  "value" : "30"
},{
  "dateTime" : "09/22/18 09:07:00",
  "value" : "30"
},{
  "dateTime" : "09/22/18 09:08:00",
  "value" : "30"
},{
  "dateTime" : "09/22/18 09:09:00",
  "value" : "30"
},{
  "dateTime" : "09/22/18 09:10:00",
  "value" : "10"
},{
  "dateTime" : "09/22/18 09:11:00",
  "value" : "30"
},{
  "dateTime" : "09/22/18 09:12:00",
  "value" : "30"
},{
  "dateTime" : "09/22/18 09:13:00",
  "value" : "30"
},{
  "dateTime" : "09/22/18 09:14:00",
  "value" : "30"
},{
  "dateTime" : "09/22/18 09:15:00",
  "value" : "20"
},{
  "dateTime" : "09/22/18 09:16:00",
  "value" : "10"
},{
  "dateTime" : "09/22/18 09:17:00",
  "value" : "30"
},{
  "dateTime" : "09/22/18 09:18:00",
  "value" : "30"
},{
  "dateTime" : "09/22/18 09:19:00",
  "value" : "20"
},{
  "dateTime" : "09/22/18 09:20:00",
  "value" : "10"
},{
  "dateTime" : "09/22/18 09:21:00",
  "value" : "20"
},{
  "dateTime" : "09/22/18 09:22:00",
  "value" : "10"
},{
  "dateTime" : "09/22/18 09:23:00",
  "value" : "10"
},{
  "dateTime" : "09/22/18 09:26:00",
  "value" : "10"
},{
  "dateTime" : "09/22/18 09:27:00",
  "value" : "30"
},{
  "dateTime" : "09/22/18 09:28:00",
  "value" : "20"
},{
  "dateTime" : "09/22/18 09:29:00",
  "value" : "40"
},{
  "dateTime" : "09/22/18 09:30:00",
  "value" : "10"
},{
  "dateTime" : "09/22/18 09:32:00",
  "value" : "30"
},{
  "dateTime" : "09/22/18 09:33:00",
  "value" : "20"
},{
  "dateTime" : "09/22/18 09:34:00",
  "value" : "30"
},{
  "dateTime" : "09/22/18 09:35:00",
  "value" : "30"
},{
  "dateTime" : "09/22/18 09:37:00",
  "value" : "30"
},{
  "dateTime" : "09/22/18 09:38:00",
  "value" : "30"
},{
  "dateTime" : "09/22/18 09:39:00",
  "value" : "10"
},{
  "dateTime" : "09/22/18 09:41:00",
  "value" : "10"
},{
  "dateTime" : "09/22/18 09:42:00",
  "value" : "10"
},{
  "dateTime" : "09/22/18 09:43:00",
  "value" : "30"
},{
  "dateTime" : "09/22/18 09:44:00",
  "value" : "40"
},{
  "dateTime" : "09/22/18 09:45:00",
  "value" : "30"
},{
  "dateTime" : "09/22/18 09:46:00",
  "value" : "20"
},{
  "dateTime" : "09/22/18 09:48:00",
  "value" : "20"
},{
  "dateTime" : "09/22/18 09:49:00",
  "value" : "10"
},{
  "dateTime" : "09/22/18 09:54:00",
  "value" : "10"
},{
  "dateTime" : "09/22/18 09:55:00",
  "value" : "20"
},{
  "dateTime" : "09/22/18 09:56:00",
  "value" : "40"
},{
  "dateTime" : "09/22/18 09:57:00",
  "value" : "30"
},{
  "dateTime" : "09/22/18 09:58:00",
  "value" : "30"
},{
  "dateTime" : "09/22/18 09:59:00",
  "value" : "30"
},{
  "dateTime" : "09/22/18 10:00:00",
  "value" : "20"
},{
  "dateTime" : "09/22/18 10:02:00",
  "value" : "10"
},{
  "dateTime" : "09/22/18 10:03:00",
  "value" : "30"
},{
  "dateTime" : "09/22/18 10:04:00",
  "value" : "10"
},{
  "dateTime" : "09/22/18 10:07:00",
  "value" : "20"
},{
  "dateTime" : "09/22/18 10:08:00",
  "value" : "30"
},{
  "dateTime" : "09/22/18 10:10:00",
  "value" : "40"
},{
  "dateTime" : "09/22/18 10:11:00",
  "value" : "20"
},{
  "dateTime" : "09/22/18 10:12:00",
  "value" : "30"
},{
  "dateTime" : "09/22/18 10:13:00",
  "value" : "30"
},{
  "dateTime" : "09/22/18 10:14:00",
  "value" : "10"
},{
  "dateTime" : "09/22/18 10:15:00",
  "value" : "20"
},{
  "dateTime" : "09/22/18 10:16:00",
  "value" : "20"
},{
  "dateTime" : "09/22/18 10:19:00",
  "value" : "30"
},{
  "dateTime" : "09/22/18 10:20:00",
  "value" : "20"
},{
  "dateTime" : "09/22/18 10:21:00",
  "value" : "30"
},{
  "dateTime" : "09/22/18 10:22:00",
  "value" : "30"
},{
  "dateTime" : "09/22/18 10:24:00",
  "value" : "10"
},{
  "dateTime" : "09/22/18 10:26:00",
  "value" : "20"
},{
  "dateTime" : "09/22/18 10:27:00",
  "value" : "20"
},{
  "dateTime" : "09/22/18 10:28:00",
  "value" : "20"
},{
  "dateTime" : "09/22/18 10:31:00",
  "value" : "20"
},{
  "dateTime" : "09/22/18 10:32:00",
  "value" : "10"
},{
  "dateTime" : "09/22/18 10:35:00",
  "value" : "20"
},{
  "dateTime" : "09/22/18 10:39:00",
  "value" : "10"
},{
  "dateTime" : "09/22/18 10:45:00",
  "value" : "20"
},{
  "dateTime" : "09/22/18 10:46:00",
  "value" : "20"
},{
  "dateTime" : "09/22/18 10:47:00",
  "value" : "10"
},{
  "dateTime" : "09/22/18 10:48:00",
  "value" : "20"
},{
  "dateTime" : "09/22/18 10:50:00",
  "value" : "10"
},{
  "dateTime" : "09/22/18 10:58:00",
  "value" : "10"
},{
  "dateTime" : "09/22/18 11:01:00",
  "value" : "10"
},{
  "dateTime" : "09/22/18 12:33:00",
  "value" : "20"
},{
  "dateTime" : "09/22/18 12:37:00",
  "value" : "20"
},{
  "dateTime" : "09/22/18 12:38:00",
  "value" : "20"
},{
  "dateTime" : "09/22/18 12:39:00",
  "value" : "10"
},{
  "dateTime" : "09/22/18 12:48:00",
  "value" : "10"
},{
  "dateTime" : "09/22/18 12:49:00",
  "value" : "20"
},{
  "dateTime" : "09/22/18 12:50:00",
  "value" : "10"
},{
  "dateTime" : "09/22/18 12:52:00",
  "value" : "20"
},{
  "dateTime" : "09/22/18 12:53:00",
  "value" : "10"
},{
  "dateTime" : "09/22/18 12:54:00",
  "value" : "50"
},{
  "dateTime" : "09/22/18 12:55:00",
  "value" : "10"
},{
  "dateTime" : "09/22/18 12:56:00",
  "value" : "40"
},{
  "dateTime" : "09/22/18 12:58:00",
  "value" : "20"
},{
  "dateTime" : "09/22/18 12:59:00",
  "value" : "40"
},{
  "dateTime" : "09/22/18 13:20:00",
  "value" : "20"
},{
  "dateTime" : "09/22/18 14:32:00",
  "value" : "10"
},{
  "dateTime" : "09/22/18 15:02:00",
  "value" : "10"
},{
  "dateTime" : "09/22/18 15:04:00",
  "value" : "10"
},{
  "dateTime" : "09/22/18 15:07:00",
  "value" : "10"
},{
  "dateTime" : "09/22/18 16:27:00",
  "value" : "10"
},{
  "dateTime" : "09/22/18 21:09:00",
  "value" : "10"
},{
  "dateTime" : "09/22/18 21:35:00",
  "value" : "10"
},{
  "dateTime" : "09/22/18 22:56:00",
  "value" : "10"
},{
  "dateTime" : "09/23/18 09:13:00",
  "value" : "10"
},{
  "dateTime" : "09/23/18 12:11:00",
  "value" : "10"
},{
  "dateTime" : "09/23/18 14:09:00",
  "value" : "10"
},{
  "dateTime" : "09/23/18 16:22:00",
  "value" : "10"
},{
  "dateTime" : "09/23/18 16:57:00",
  "value" : "10"
},{
  "dateTime" : "09/23/18 19:34:00",
  "value" : "10"
}]