[{
  "dateTime" : "07/26/18 05:47:00",
  "value" : "10"
},{
  "dateTime" : "07/26/18 05:52:00",
  "value" : "10"
},{
  "dateTime" : "07/26/18 07:18:00",
  "value" : "10"
},{
  "dateTime" : "07/26/18 07:28:00",
  "value" : "10"
},{
  "dateTime" : "07/26/18 07:30:00",
  "value" : "10"
},{
  "dateTime" : "07/26/18 07:33:00",
  "value" : "30"
},{
  "dateTime" : "07/26/18 07:40:00",
  "value" : "10"
},{
  "dateTime" : "07/26/18 08:39:00",
  "value" : "10"
},{
  "dateTime" : "07/26/18 10:12:00",
  "value" : "10"
},{
  "dateTime" : "07/26/18 10:45:00",
  "value" : "10"
},{
  "dateTime" : "07/26/18 10:49:00",
  "value" : "30"
},{
  "dateTime" : "07/26/18 14:31:00",
  "value" : "10"
},{
  "dateTime" : "07/26/18 14:33:00",
  "value" : "10"
},{
  "dateTime" : "07/26/18 20:44:00",
  "value" : "10"
},{
  "dateTime" : "07/27/18 07:22:00",
  "value" : "10"
},{
  "dateTime" : "07/27/18 07:41:00",
  "value" : "10"
},{
  "dateTime" : "07/27/18 08:59:00",
  "value" : "10"
},{
  "dateTime" : "07/27/18 09:03:00",
  "value" : "10"
},{
  "dateTime" : "07/27/18 09:07:00",
  "value" : "10"
},{
  "dateTime" : "07/27/18 09:08:00",
  "value" : "10"
},{
  "dateTime" : "07/27/18 09:10:00",
  "value" : "10"
},{
  "dateTime" : "07/27/18 09:19:00",
  "value" : "10"
},{
  "dateTime" : "07/27/18 09:20:00",
  "value" : "10"
},{
  "dateTime" : "07/27/18 09:22:00",
  "value" : "10"
},{
  "dateTime" : "07/27/18 09:24:00",
  "value" : "10"
},{
  "dateTime" : "07/27/18 11:35:00",
  "value" : "10"
},{
  "dateTime" : "07/27/18 12:04:00",
  "value" : "10"
},{
  "dateTime" : "07/27/18 19:43:00",
  "value" : "20"
},{
  "dateTime" : "07/28/18 07:55:00",
  "value" : "10"
},{
  "dateTime" : "07/28/18 08:02:00",
  "value" : "10"
},{
  "dateTime" : "07/28/18 08:06:00",
  "value" : "10"
},{
  "dateTime" : "07/28/18 08:07:00",
  "value" : "30"
},{
  "dateTime" : "07/28/18 09:33:00",
  "value" : "10"
},{
  "dateTime" : "07/29/18 09:01:00",
  "value" : "10"
},{
  "dateTime" : "07/29/18 09:05:00",
  "value" : "10"
},{
  "dateTime" : "07/29/18 09:09:00",
  "value" : "10"
},{
  "dateTime" : "07/29/18 10:17:00",
  "value" : "10"
},{
  "dateTime" : "07/29/18 10:18:00",
  "value" : "10"
},{
  "dateTime" : "07/29/18 10:43:00",
  "value" : "10"
},{
  "dateTime" : "07/29/18 10:44:00",
  "value" : "10"
},{
  "dateTime" : "07/29/18 10:45:00",
  "value" : "10"
},{
  "dateTime" : "07/29/18 10:59:00",
  "value" : "10"
},{
  "dateTime" : "07/29/18 11:00:00",
  "value" : "10"
},{
  "dateTime" : "07/29/18 11:04:00",
  "value" : "10"
},{
  "dateTime" : "07/29/18 11:37:00",
  "value" : "10"
},{
  "dateTime" : "07/29/18 11:52:00",
  "value" : "10"
},{
  "dateTime" : "07/29/18 12:43:00",
  "value" : "10"
},{
  "dateTime" : "07/29/18 13:03:00",
  "value" : "10"
},{
  "dateTime" : "07/29/18 14:43:00",
  "value" : "10"
},{
  "dateTime" : "07/29/18 20:17:00",
  "value" : "10"
},{
  "dateTime" : "07/29/18 20:36:00",
  "value" : "10"
},{
  "dateTime" : "07/30/18 07:27:00",
  "value" : "10"
},{
  "dateTime" : "07/30/18 07:33:00",
  "value" : "20"
},{
  "dateTime" : "07/30/18 07:34:00",
  "value" : "20"
},{
  "dateTime" : "07/30/18 07:35:00",
  "value" : "20"
},{
  "dateTime" : "07/30/18 07:36:00",
  "value" : "20"
},{
  "dateTime" : "07/30/18 07:37:00",
  "value" : "20"
},{
  "dateTime" : "07/30/18 08:15:00",
  "value" : "10"
},{
  "dateTime" : "07/30/18 08:27:00",
  "value" : "10"
},{
  "dateTime" : "07/30/18 09:41:00",
  "value" : "10"
},{
  "dateTime" : "07/30/18 11:36:00",
  "value" : "10"
},{
  "dateTime" : "07/30/18 22:21:00",
  "value" : "10"
},{
  "dateTime" : "07/31/18 05:47:00",
  "value" : "10"
},{
  "dateTime" : "07/31/18 05:56:00",
  "value" : "10"
},{
  "dateTime" : "07/31/18 07:29:00",
  "value" : "20"
},{
  "dateTime" : "07/31/18 07:30:00",
  "value" : "20"
},{
  "dateTime" : "07/31/18 07:31:00",
  "value" : "20"
},{
  "dateTime" : "07/31/18 07:32:00",
  "value" : "10"
},{
  "dateTime" : "07/31/18 07:34:00",
  "value" : "10"
},{
  "dateTime" : "07/31/18 07:35:00",
  "value" : "10"
},{
  "dateTime" : "07/31/18 07:45:00",
  "value" : "10"
},{
  "dateTime" : "07/31/18 08:50:00",
  "value" : "10"
},{
  "dateTime" : "08/01/18 08:14:00",
  "value" : "10"
},{
  "dateTime" : "08/01/18 08:23:00",
  "value" : "10"
},{
  "dateTime" : "08/01/18 08:24:00",
  "value" : "20"
},{
  "dateTime" : "08/01/18 08:25:00",
  "value" : "10"
},{
  "dateTime" : "08/01/18 08:28:00",
  "value" : "10"
},{
  "dateTime" : "08/01/18 08:29:00",
  "value" : "10"
},{
  "dateTime" : "08/01/18 08:30:00",
  "value" : "20"
},{
  "dateTime" : "08/01/18 10:25:00",
  "value" : "10"
},{
  "dateTime" : "08/01/18 10:49:00",
  "value" : "10"
},{
  "dateTime" : "08/01/18 23:09:00",
  "value" : "10"
},{
  "dateTime" : "08/02/18 00:32:00",
  "value" : "10"
},{
  "dateTime" : "08/02/18 09:19:00",
  "value" : "20"
},{
  "dateTime" : "08/02/18 09:20:00",
  "value" : "10"
},{
  "dateTime" : "08/02/18 09:32:00",
  "value" : "10"
},{
  "dateTime" : "08/02/18 09:33:00",
  "value" : "10"
},{
  "dateTime" : "08/02/18 09:34:00",
  "value" : "10"
},{
  "dateTime" : "08/02/18 09:35:00",
  "value" : "10"
},{
  "dateTime" : "08/02/18 10:31:00",
  "value" : "10"
},{
  "dateTime" : "08/02/18 13:31:00",
  "value" : "10"
},{
  "dateTime" : "08/03/18 00:26:00",
  "value" : "10"
},{
  "dateTime" : "08/03/18 09:21:00",
  "value" : "10"
},{
  "dateTime" : "08/03/18 09:36:00",
  "value" : "20"
},{
  "dateTime" : "08/03/18 09:37:00",
  "value" : "10"
},{
  "dateTime" : "08/03/18 09:39:00",
  "value" : "20"
},{
  "dateTime" : "08/03/18 09:40:00",
  "value" : "30"
},{
  "dateTime" : "08/03/18 10:15:00",
  "value" : "10"
},{
  "dateTime" : "08/03/18 11:16:00",
  "value" : "10"
},{
  "dateTime" : "08/03/18 11:22:00",
  "value" : "10"
},{
  "dateTime" : "08/03/18 13:00:00",
  "value" : "10"
},{
  "dateTime" : "08/03/18 13:03:00",
  "value" : "20"
},{
  "dateTime" : "08/03/18 13:04:00",
  "value" : "10"
},{
  "dateTime" : "08/03/18 14:03:00",
  "value" : "10"
},{
  "dateTime" : "08/03/18 14:06:00",
  "value" : "10"
},{
  "dateTime" : "08/03/18 17:47:00",
  "value" : "10"
},{
  "dateTime" : "08/03/18 19:13:00",
  "value" : "10"
},{
  "dateTime" : "08/04/18 07:42:00",
  "value" : "10"
},{
  "dateTime" : "08/04/18 09:04:00",
  "value" : "10"
},{
  "dateTime" : "08/04/18 09:11:00",
  "value" : "10"
},{
  "dateTime" : "08/04/18 09:12:00",
  "value" : "10"
},{
  "dateTime" : "08/04/18 09:14:00",
  "value" : "20"
},{
  "dateTime" : "08/04/18 09:15:00",
  "value" : "10"
},{
  "dateTime" : "08/04/18 09:16:00",
  "value" : "20"
},{
  "dateTime" : "08/04/18 15:51:00",
  "value" : "20"
},{
  "dateTime" : "08/04/18 16:34:00",
  "value" : "10"
},{
  "dateTime" : "08/04/18 19:21:00",
  "value" : "10"
},{
  "dateTime" : "08/05/18 10:10:00",
  "value" : "10"
},{
  "dateTime" : "08/05/18 10:28:00",
  "value" : "10"
},{
  "dateTime" : "08/05/18 10:30:00",
  "value" : "10"
},{
  "dateTime" : "08/05/18 10:31:00",
  "value" : "10"
},{
  "dateTime" : "08/05/18 10:32:00",
  "value" : "10"
},{
  "dateTime" : "08/05/18 10:33:00",
  "value" : "10"
},{
  "dateTime" : "08/05/18 11:13:00",
  "value" : "10"
},{
  "dateTime" : "08/05/18 12:33:00",
  "value" : "10"
},{
  "dateTime" : "08/05/18 12:51:00",
  "value" : "10"
},{
  "dateTime" : "08/05/18 12:55:00",
  "value" : "10"
},{
  "dateTime" : "08/05/18 16:07:00",
  "value" : "10"
},{
  "dateTime" : "08/05/18 16:08:00",
  "value" : "30"
},{
  "dateTime" : "08/06/18 08:51:00",
  "value" : "10"
},{
  "dateTime" : "08/06/18 09:01:00",
  "value" : "10"
},{
  "dateTime" : "08/06/18 09:02:00",
  "value" : "20"
},{
  "dateTime" : "08/06/18 09:03:00",
  "value" : "10"
},{
  "dateTime" : "08/06/18 09:05:00",
  "value" : "10"
},{
  "dateTime" : "08/06/18 09:06:00",
  "value" : "10"
},{
  "dateTime" : "08/06/18 09:08:00",
  "value" : "10"
},{
  "dateTime" : "08/06/18 09:22:00",
  "value" : "20"
},{
  "dateTime" : "08/06/18 11:35:00",
  "value" : "10"
},{
  "dateTime" : "08/06/18 11:40:00",
  "value" : "10"
},{
  "dateTime" : "08/06/18 11:41:00",
  "value" : "10"
},{
  "dateTime" : "08/07/18 02:08:00",
  "value" : "10"
},{
  "dateTime" : "08/07/18 09:31:00",
  "value" : "10"
},{
  "dateTime" : "08/07/18 09:39:00",
  "value" : "20"
},{
  "dateTime" : "08/07/18 09:41:00",
  "value" : "20"
},{
  "dateTime" : "08/07/18 09:43:00",
  "value" : "10"
},{
  "dateTime" : "08/07/18 09:45:00",
  "value" : "10"
},{
  "dateTime" : "08/07/18 09:46:00",
  "value" : "10"
},{
  "dateTime" : "08/07/18 11:15:00",
  "value" : "10"
},{
  "dateTime" : "08/07/18 19:14:00",
  "value" : "10"
},{
  "dateTime" : "08/07/18 20:53:00",
  "value" : "10"
},{
  "dateTime" : "08/07/18 20:54:00",
  "value" : "10"
},{
  "dateTime" : "08/07/18 21:07:00",
  "value" : "10"
},{
  "dateTime" : "08/07/18 21:09:00",
  "value" : "10"
},{
  "dateTime" : "08/07/18 22:21:00",
  "value" : "10"
},{
  "dateTime" : "08/08/18 00:16:00",
  "value" : "10"
},{
  "dateTime" : "08/08/18 10:45:00",
  "value" : "10"
},{
  "dateTime" : "08/08/18 11:02:00",
  "value" : "10"
},{
  "dateTime" : "08/08/18 16:43:00",
  "value" : "10"
},{
  "dateTime" : "08/08/18 17:14:00",
  "value" : "10"
},{
  "dateTime" : "08/08/18 17:35:00",
  "value" : "10"
},{
  "dateTime" : "08/08/18 17:38:00",
  "value" : "10"
},{
  "dateTime" : "08/08/18 17:45:00",
  "value" : "10"
},{
  "dateTime" : "08/08/18 18:06:00",
  "value" : "10"
},{
  "dateTime" : "08/08/18 18:18:00",
  "value" : "10"
},{
  "dateTime" : "08/08/18 19:29:00",
  "value" : "10"
},{
  "dateTime" : "08/08/18 20:19:00",
  "value" : "10"
},{
  "dateTime" : "08/08/18 20:34:00",
  "value" : "10"
},{
  "dateTime" : "08/08/18 20:35:00",
  "value" : "10"
},{
  "dateTime" : "08/08/18 21:31:00",
  "value" : "10"
},{
  "dateTime" : "08/08/18 22:08:00",
  "value" : "10"
},{
  "dateTime" : "08/08/18 23:07:00",
  "value" : "10"
},{
  "dateTime" : "08/09/18 08:47:00",
  "value" : "10"
},{
  "dateTime" : "08/09/18 08:52:00",
  "value" : "20"
},{
  "dateTime" : "08/09/18 08:53:00",
  "value" : "20"
},{
  "dateTime" : "08/09/18 08:55:00",
  "value" : "10"
},{
  "dateTime" : "08/09/18 08:56:00",
  "value" : "10"
},{
  "dateTime" : "08/09/18 08:57:00",
  "value" : "10"
},{
  "dateTime" : "08/09/18 08:58:00",
  "value" : "10"
},{
  "dateTime" : "08/09/18 09:52:00",
  "value" : "10"
},{
  "dateTime" : "08/09/18 10:16:00",
  "value" : "30"
},{
  "dateTime" : "08/09/18 15:54:00",
  "value" : "10"
},{
  "dateTime" : "08/09/18 16:45:00",
  "value" : "10"
},{
  "dateTime" : "08/09/18 19:53:00",
  "value" : "10"
},{
  "dateTime" : "08/09/18 20:39:00",
  "value" : "10"
},{
  "dateTime" : "08/09/18 21:16:00",
  "value" : "10"
},{
  "dateTime" : "08/10/18 01:47:00",
  "value" : "10"
},{
  "dateTime" : "08/10/18 02:39:00",
  "value" : "10"
},{
  "dateTime" : "08/10/18 08:55:00",
  "value" : "10"
},{
  "dateTime" : "08/10/18 08:57:00",
  "value" : "10"
},{
  "dateTime" : "08/10/18 09:02:00",
  "value" : "10"
},{
  "dateTime" : "08/10/18 09:03:00",
  "value" : "20"
},{
  "dateTime" : "08/10/18 09:05:00",
  "value" : "20"
},{
  "dateTime" : "08/10/18 09:07:00",
  "value" : "20"
},{
  "dateTime" : "08/10/18 09:08:00",
  "value" : "10"
},{
  "dateTime" : "08/10/18 09:20:00",
  "value" : "10"
},{
  "dateTime" : "08/10/18 10:34:00",
  "value" : "10"
},{
  "dateTime" : "08/10/18 10:40:00",
  "value" : "10"
},{
  "dateTime" : "08/10/18 20:19:00",
  "value" : "10"
},{
  "dateTime" : "08/10/18 23:18:00",
  "value" : "10"
},{
  "dateTime" : "08/11/18 08:37:00",
  "value" : "10"
},{
  "dateTime" : "08/11/18 08:46:00",
  "value" : "10"
},{
  "dateTime" : "08/11/18 08:59:00",
  "value" : "10"
},{
  "dateTime" : "08/11/18 09:00:00",
  "value" : "10"
},{
  "dateTime" : "08/11/18 09:01:00",
  "value" : "10"
},{
  "dateTime" : "08/11/18 09:02:00",
  "value" : "10"
},{
  "dateTime" : "08/11/18 09:03:00",
  "value" : "10"
},{
  "dateTime" : "08/11/18 10:31:00",
  "value" : "10"
},{
  "dateTime" : "08/11/18 16:14:00",
  "value" : "10"
},{
  "dateTime" : "08/11/18 16:18:00",
  "value" : "10"
},{
  "dateTime" : "08/11/18 16:26:00",
  "value" : "10"
},{
  "dateTime" : "08/11/18 16:54:00",
  "value" : "10"
},{
  "dateTime" : "08/11/18 17:00:00",
  "value" : "10"
},{
  "dateTime" : "08/11/18 19:44:00",
  "value" : "10"
},{
  "dateTime" : "08/11/18 19:46:00",
  "value" : "10"
},{
  "dateTime" : "08/11/18 21:12:00",
  "value" : "10"
},{
  "dateTime" : "08/11/18 22:18:00",
  "value" : "10"
},{
  "dateTime" : "08/12/18 02:42:00",
  "value" : "10"
},{
  "dateTime" : "08/12/18 11:14:00",
  "value" : "10"
},{
  "dateTime" : "08/12/18 12:56:00",
  "value" : "10"
},{
  "dateTime" : "08/12/18 12:57:00",
  "value" : "10"
},{
  "dateTime" : "08/12/18 12:58:00",
  "value" : "10"
},{
  "dateTime" : "08/12/18 16:56:00",
  "value" : "10"
},{
  "dateTime" : "08/12/18 17:06:00",
  "value" : "10"
},{
  "dateTime" : "08/12/18 22:28:00",
  "value" : "10"
},{
  "dateTime" : "08/12/18 22:55:00",
  "value" : "10"
},{
  "dateTime" : "08/12/18 23:27:00",
  "value" : "10"
},{
  "dateTime" : "08/13/18 08:44:00",
  "value" : "20"
},{
  "dateTime" : "08/13/18 08:45:00",
  "value" : "10"
},{
  "dateTime" : "08/13/18 08:46:00",
  "value" : "10"
},{
  "dateTime" : "08/13/18 08:47:00",
  "value" : "30"
},{
  "dateTime" : "08/13/18 08:48:00",
  "value" : "10"
},{
  "dateTime" : "08/13/18 09:56:00",
  "value" : "10"
},{
  "dateTime" : "08/13/18 11:18:00",
  "value" : "10"
},{
  "dateTime" : "08/13/18 20:20:00",
  "value" : "10"
},{
  "dateTime" : "08/13/18 20:34:00",
  "value" : "10"
},{
  "dateTime" : "08/13/18 23:04:00",
  "value" : "10"
},{
  "dateTime" : "08/13/18 23:34:00",
  "value" : "10"
},{
  "dateTime" : "08/14/18 08:15:00",
  "value" : "10"
},{
  "dateTime" : "08/14/18 08:16:00",
  "value" : "10"
},{
  "dateTime" : "08/14/18 08:17:00",
  "value" : "10"
},{
  "dateTime" : "08/14/18 08:18:00",
  "value" : "10"
},{
  "dateTime" : "08/14/18 08:30:00",
  "value" : "10"
},{
  "dateTime" : "08/14/18 08:33:00",
  "value" : "10"
},{
  "dateTime" : "08/14/18 08:34:00",
  "value" : "10"
},{
  "dateTime" : "08/14/18 10:04:00",
  "value" : "10"
},{
  "dateTime" : "08/14/18 10:09:00",
  "value" : "10"
},{
  "dateTime" : "08/14/18 10:19:00",
  "value" : "10"
},{
  "dateTime" : "08/14/18 18:41:00",
  "value" : "10"
},{
  "dateTime" : "08/14/18 22:13:00",
  "value" : "10"
},{
  "dateTime" : "08/14/18 22:15:00",
  "value" : "10"
},{
  "dateTime" : "08/14/18 22:46:00",
  "value" : "20"
},{
  "dateTime" : "08/14/18 22:51:00",
  "value" : "10"
},{
  "dateTime" : "08/14/18 22:52:00",
  "value" : "10"
},{
  "dateTime" : "08/15/18 01:10:00",
  "value" : "10"
},{
  "dateTime" : "08/15/18 08:58:00",
  "value" : "10"
},{
  "dateTime" : "08/15/18 08:59:00",
  "value" : "20"
},{
  "dateTime" : "08/15/18 09:00:00",
  "value" : "20"
},{
  "dateTime" : "08/15/18 09:01:00",
  "value" : "20"
},{
  "dateTime" : "08/15/18 14:53:00",
  "value" : "20"
},{
  "dateTime" : "08/15/18 22:08:00",
  "value" : "10"
},{
  "dateTime" : "08/16/18 10:02:00",
  "value" : "10"
},{
  "dateTime" : "08/16/18 10:25:00",
  "value" : "10"
},{
  "dateTime" : "08/16/18 10:27:00",
  "value" : "10"
},{
  "dateTime" : "08/16/18 10:30:00",
  "value" : "10"
},{
  "dateTime" : "08/16/18 10:31:00",
  "value" : "20"
},{
  "dateTime" : "08/16/18 10:32:00",
  "value" : "10"
},{
  "dateTime" : "08/16/18 10:46:00",
  "value" : "10"
},{
  "dateTime" : "08/16/18 13:24:00",
  "value" : "10"
},{
  "dateTime" : "08/16/18 13:27:00",
  "value" : "10"
},{
  "dateTime" : "08/17/18 03:15:00",
  "value" : "10"
},{
  "dateTime" : "08/17/18 08:18:00",
  "value" : "10"
},{
  "dateTime" : "08/17/18 08:19:00",
  "value" : "10"
},{
  "dateTime" : "08/17/18 08:28:00",
  "value" : "10"
},{
  "dateTime" : "08/17/18 08:29:00",
  "value" : "10"
},{
  "dateTime" : "08/17/18 08:31:00",
  "value" : "10"
},{
  "dateTime" : "08/17/18 08:32:00",
  "value" : "10"
},{
  "dateTime" : "08/17/18 08:46:00",
  "value" : "20"
},{
  "dateTime" : "08/17/18 08:48:00",
  "value" : "10"
},{
  "dateTime" : "08/17/18 10:07:00",
  "value" : "10"
},{
  "dateTime" : "08/17/18 10:09:00",
  "value" : "10"
},{
  "dateTime" : "08/17/18 18:02:00",
  "value" : "10"
},{
  "dateTime" : "08/17/18 18:56:00",
  "value" : "10"
},{
  "dateTime" : "08/17/18 21:20:00",
  "value" : "10"
},{
  "dateTime" : "08/17/18 21:25:00",
  "value" : "10"
},{
  "dateTime" : "08/17/18 21:38:00",
  "value" : "10"
},{
  "dateTime" : "08/18/18 01:33:00",
  "value" : "10"
},{
  "dateTime" : "08/18/18 09:27:00",
  "value" : "10"
},{
  "dateTime" : "08/18/18 09:54:00",
  "value" : "10"
},{
  "dateTime" : "08/18/18 14:59:00",
  "value" : "10"
},{
  "dateTime" : "08/18/18 17:17:00",
  "value" : "10"
},{
  "dateTime" : "08/18/18 19:00:00",
  "value" : "10"
},{
  "dateTime" : "08/18/18 19:54:00",
  "value" : "10"
},{
  "dateTime" : "08/18/18 21:49:00",
  "value" : "10"
},{
  "dateTime" : "08/18/18 22:28:00",
  "value" : "10"
},{
  "dateTime" : "08/19/18 03:39:00",
  "value" : "10"
},{
  "dateTime" : "08/19/18 11:32:00",
  "value" : "10"
},{
  "dateTime" : "08/19/18 12:13:00",
  "value" : "10"
},{
  "dateTime" : "08/19/18 12:26:00",
  "value" : "10"
},{
  "dateTime" : "08/19/18 18:37:00",
  "value" : "10"
},{
  "dateTime" : "08/19/18 23:08:00",
  "value" : "10"
},{
  "dateTime" : "08/19/18 23:20:00",
  "value" : "10"
},{
  "dateTime" : "08/20/18 08:57:00",
  "value" : "10"
},{
  "dateTime" : "08/20/18 09:51:00",
  "value" : "10"
},{
  "dateTime" : "08/20/18 10:22:00",
  "value" : "10"
},{
  "dateTime" : "08/20/18 12:05:00",
  "value" : "10"
},{
  "dateTime" : "08/20/18 16:40:00",
  "value" : "10"
},{
  "dateTime" : "08/20/18 18:27:00",
  "value" : "10"
},{
  "dateTime" : "08/20/18 19:08:00",
  "value" : "10"
},{
  "dateTime" : "08/20/18 19:21:00",
  "value" : "10"
},{
  "dateTime" : "08/20/18 20:29:00",
  "value" : "10"
},{
  "dateTime" : "08/20/18 21:38:00",
  "value" : "10"
},{
  "dateTime" : "08/20/18 21:45:00",
  "value" : "10"
},{
  "dateTime" : "08/20/18 21:48:00",
  "value" : "10"
},{
  "dateTime" : "08/20/18 22:17:00",
  "value" : "10"
},{
  "dateTime" : "08/20/18 23:02:00",
  "value" : "10"
},{
  "dateTime" : "08/21/18 05:57:00",
  "value" : "10"
},{
  "dateTime" : "08/21/18 08:44:00",
  "value" : "10"
},{
  "dateTime" : "08/21/18 18:58:00",
  "value" : "10"
},{
  "dateTime" : "08/21/18 20:09:00",
  "value" : "10"
},{
  "dateTime" : "08/21/18 23:19:00",
  "value" : "10"
},{
  "dateTime" : "08/22/18 06:22:00",
  "value" : "10"
},{
  "dateTime" : "08/22/18 07:21:00",
  "value" : "10"
},{
  "dateTime" : "08/22/18 09:16:00",
  "value" : "20"
},{
  "dateTime" : "08/22/18 09:17:00",
  "value" : "10"
},{
  "dateTime" : "08/22/18 09:18:00",
  "value" : "20"
},{
  "dateTime" : "08/22/18 09:19:00",
  "value" : "10"
},{
  "dateTime" : "08/22/18 09:20:00",
  "value" : "20"
},{
  "dateTime" : "08/22/18 09:21:00",
  "value" : "10"
},{
  "dateTime" : "08/22/18 09:31:00",
  "value" : "10"
},{
  "dateTime" : "08/22/18 10:48:00",
  "value" : "10"
},{
  "dateTime" : "08/22/18 10:50:00",
  "value" : "10"
},{
  "dateTime" : "08/22/18 14:41:00",
  "value" : "10"
},{
  "dateTime" : "08/22/18 20:28:00",
  "value" : "10"
},{
  "dateTime" : "08/22/18 21:14:00",
  "value" : "10"
},{
  "dateTime" : "08/23/18 03:38:00",
  "value" : "10"
},{
  "dateTime" : "08/23/18 06:07:00",
  "value" : "10"
},{
  "dateTime" : "08/23/18 10:05:00",
  "value" : "10"
},{
  "dateTime" : "08/23/18 10:43:00",
  "value" : "10"
},{
  "dateTime" : "08/23/18 11:39:00",
  "value" : "10"
},{
  "dateTime" : "08/23/18 12:06:00",
  "value" : "10"
},{
  "dateTime" : "08/23/18 13:08:00",
  "value" : "10"
},{
  "dateTime" : "08/23/18 19:25:00",
  "value" : "10"
},{
  "dateTime" : "08/23/18 20:05:00",
  "value" : "10"
},{
  "dateTime" : "08/23/18 22:40:00",
  "value" : "10"
},{
  "dateTime" : "08/24/18 07:26:00",
  "value" : "10"
},{
  "dateTime" : "08/24/18 08:39:00",
  "value" : "10"
},{
  "dateTime" : "08/24/18 09:21:00",
  "value" : "10"
},{
  "dateTime" : "08/24/18 09:23:00",
  "value" : "20"
},{
  "dateTime" : "08/24/18 09:24:00",
  "value" : "20"
},{
  "dateTime" : "08/24/18 09:25:00",
  "value" : "10"
},{
  "dateTime" : "08/24/18 09:26:00",
  "value" : "20"
},{
  "dateTime" : "08/24/18 09:27:00",
  "value" : "10"
},{
  "dateTime" : "08/24/18 09:28:00",
  "value" : "10"
},{
  "dateTime" : "08/24/18 09:48:00",
  "value" : "10"
},{
  "dateTime" : "08/24/18 10:34:00",
  "value" : "10"
},{
  "dateTime" : "08/24/18 10:46:00",
  "value" : "10"
},{
  "dateTime" : "08/24/18 19:07:00",
  "value" : "10"
}]