[{
  "dateTime" : "10/24/18 05:41:00",
  "value" : "10"
},{
  "dateTime" : "10/24/18 05:50:00",
  "value" : "10"
},{
  "dateTime" : "10/24/18 09:48:00",
  "value" : "10"
},{
  "dateTime" : "10/24/18 18:46:00",
  "value" : "10"
},{
  "dateTime" : "10/24/18 20:10:00",
  "value" : "10"
},{
  "dateTime" : "10/24/18 21:02:00",
  "value" : "10"
},{
  "dateTime" : "10/24/18 21:32:00",
  "value" : "10"
},{
  "dateTime" : "10/24/18 22:01:00",
  "value" : "10"
},{
  "dateTime" : "10/24/18 22:13:00",
  "value" : "10"
},{
  "dateTime" : "10/24/18 22:37:00",
  "value" : "10"
},{
  "dateTime" : "10/24/18 22:51:00",
  "value" : "10"
},{
  "dateTime" : "10/25/18 05:46:00",
  "value" : "10"
},{
  "dateTime" : "10/25/18 08:57:00",
  "value" : "10"
},{
  "dateTime" : "10/25/18 09:00:00",
  "value" : "20"
},{
  "dateTime" : "10/25/18 09:01:00",
  "value" : "20"
},{
  "dateTime" : "10/25/18 09:02:00",
  "value" : "20"
},{
  "dateTime" : "10/25/18 09:03:00",
  "value" : "10"
},{
  "dateTime" : "10/25/18 09:05:00",
  "value" : "20"
},{
  "dateTime" : "10/25/18 09:06:00",
  "value" : "10"
},{
  "dateTime" : "10/25/18 09:18:00",
  "value" : "10"
},{
  "dateTime" : "10/25/18 09:19:00",
  "value" : "10"
},{
  "dateTime" : "10/25/18 11:05:00",
  "value" : "10"
},{
  "dateTime" : "10/25/18 19:02:00",
  "value" : "10"
},{
  "dateTime" : "10/25/18 21:28:00",
  "value" : "10"
},{
  "dateTime" : "10/25/18 22:26:00",
  "value" : "10"
},{
  "dateTime" : "10/26/18 05:48:00",
  "value" : "10"
},{
  "dateTime" : "10/26/18 07:05:00",
  "value" : "10"
},{
  "dateTime" : "10/26/18 07:13:00",
  "value" : "10"
},{
  "dateTime" : "10/26/18 19:13:00",
  "value" : "10"
},{
  "dateTime" : "10/26/18 19:16:00",
  "value" : "10"
},{
  "dateTime" : "10/26/18 19:27:00",
  "value" : "10"
},{
  "dateTime" : "10/26/18 23:12:00",
  "value" : "10"
},{
  "dateTime" : "10/27/18 09:05:00",
  "value" : "10"
},{
  "dateTime" : "10/27/18 13:10:00",
  "value" : "10"
},{
  "dateTime" : "10/27/18 18:06:00",
  "value" : "10"
},{
  "dateTime" : "10/27/18 20:06:00",
  "value" : "10"
},{
  "dateTime" : "10/27/18 21:13:00",
  "value" : "20"
},{
  "dateTime" : "10/28/18 01:08:00",
  "value" : "10"
},{
  "dateTime" : "10/28/18 09:01:00",
  "value" : "10"
},{
  "dateTime" : "10/28/18 09:07:00",
  "value" : "10"
},{
  "dateTime" : "10/28/18 12:09:00",
  "value" : "20"
},{
  "dateTime" : "10/28/18 14:44:00",
  "value" : "10"
},{
  "dateTime" : "10/28/18 15:52:00",
  "value" : "10"
},{
  "dateTime" : "10/28/18 16:06:00",
  "value" : "10"
},{
  "dateTime" : "10/28/18 16:07:00",
  "value" : "20"
},{
  "dateTime" : "10/28/18 16:10:00",
  "value" : "10"
},{
  "dateTime" : "10/28/18 16:36:00",
  "value" : "10"
},{
  "dateTime" : "10/28/18 16:53:00",
  "value" : "30"
},{
  "dateTime" : "10/28/18 17:20:00",
  "value" : "10"
},{
  "dateTime" : "10/28/18 20:32:00",
  "value" : "30"
},{
  "dateTime" : "10/28/18 21:45:00",
  "value" : "10"
},{
  "dateTime" : "10/28/18 23:18:00",
  "value" : "10"
},{
  "dateTime" : "10/28/18 23:59:00",
  "value" : "10"
},{
  "dateTime" : "10/29/18 07:27:00",
  "value" : "10"
},{
  "dateTime" : "10/29/18 10:04:00",
  "value" : "10"
},{
  "dateTime" : "10/29/18 10:06:00",
  "value" : "10"
},{
  "dateTime" : "10/29/18 10:07:00",
  "value" : "10"
},{
  "dateTime" : "10/29/18 10:08:00",
  "value" : "10"
},{
  "dateTime" : "10/29/18 10:09:00",
  "value" : "20"
},{
  "dateTime" : "10/29/18 10:10:00",
  "value" : "10"
},{
  "dateTime" : "10/29/18 10:11:00",
  "value" : "20"
},{
  "dateTime" : "10/29/18 10:12:00",
  "value" : "20"
},{
  "dateTime" : "10/29/18 10:13:00",
  "value" : "10"
},{
  "dateTime" : "10/29/18 10:27:00",
  "value" : "10"
},{
  "dateTime" : "10/29/18 10:28:00",
  "value" : "10"
},{
  "dateTime" : "10/29/18 10:30:00",
  "value" : "10"
},{
  "dateTime" : "10/29/18 13:00:00",
  "value" : "10"
},{
  "dateTime" : "10/30/18 08:36:00",
  "value" : "10"
},{
  "dateTime" : "10/30/18 18:09:00",
  "value" : "10"
},{
  "dateTime" : "10/30/18 18:55:00",
  "value" : "20"
},{
  "dateTime" : "10/30/18 23:06:00",
  "value" : "10"
},{
  "dateTime" : "10/31/18 05:41:00",
  "value" : "10"
},{
  "dateTime" : "10/31/18 05:49:00",
  "value" : "10"
},{
  "dateTime" : "10/31/18 07:07:00",
  "value" : "20"
},{
  "dateTime" : "10/31/18 12:37:00",
  "value" : "10"
},{
  "dateTime" : "10/31/18 14:19:00",
  "value" : "10"
},{
  "dateTime" : "10/31/18 16:14:00",
  "value" : "10"
},{
  "dateTime" : "10/31/18 16:18:00",
  "value" : "10"
},{
  "dateTime" : "10/31/18 16:23:00",
  "value" : "10"
},{
  "dateTime" : "10/31/18 16:24:00",
  "value" : "20"
},{
  "dateTime" : "10/31/18 16:25:00",
  "value" : "20"
},{
  "dateTime" : "10/31/18 16:26:00",
  "value" : "20"
},{
  "dateTime" : "10/31/18 16:27:00",
  "value" : "20"
},{
  "dateTime" : "10/31/18 16:37:00",
  "value" : "10"
},{
  "dateTime" : "10/31/18 16:38:00",
  "value" : "20"
},{
  "dateTime" : "10/31/18 16:40:00",
  "value" : "10"
},{
  "dateTime" : "10/31/18 18:40:00",
  "value" : "10"
},{
  "dateTime" : "10/31/18 22:18:00",
  "value" : "10"
},{
  "dateTime" : "10/31/18 23:44:00",
  "value" : "10"
},{
  "dateTime" : "11/01/18 19:55:00",
  "value" : "10"
},{
  "dateTime" : "11/01/18 21:05:00",
  "value" : "10"
},{
  "dateTime" : "11/01/18 22:16:00",
  "value" : "10"
},{
  "dateTime" : "11/01/18 22:27:00",
  "value" : "10"
},{
  "dateTime" : "11/02/18 07:24:00",
  "value" : "10"
},{
  "dateTime" : "11/02/18 09:01:00",
  "value" : "10"
},{
  "dateTime" : "11/02/18 09:04:00",
  "value" : "10"
},{
  "dateTime" : "11/02/18 09:05:00",
  "value" : "10"
},{
  "dateTime" : "11/02/18 09:06:00",
  "value" : "10"
},{
  "dateTime" : "11/02/18 09:08:00",
  "value" : "10"
},{
  "dateTime" : "11/02/18 09:09:00",
  "value" : "20"
},{
  "dateTime" : "11/02/18 09:10:00",
  "value" : "20"
},{
  "dateTime" : "11/02/18 11:47:00",
  "value" : "10"
},{
  "dateTime" : "11/02/18 20:14:00",
  "value" : "10"
},{
  "dateTime" : "11/03/18 09:23:00",
  "value" : "10"
},{
  "dateTime" : "11/03/18 09:31:00",
  "value" : "10"
},{
  "dateTime" : "11/03/18 09:35:00",
  "value" : "10"
},{
  "dateTime" : "11/03/18 09:36:00",
  "value" : "10"
},{
  "dateTime" : "11/03/18 09:37:00",
  "value" : "10"
},{
  "dateTime" : "11/03/18 09:38:00",
  "value" : "30"
},{
  "dateTime" : "11/03/18 09:39:00",
  "value" : "20"
},{
  "dateTime" : "11/03/18 09:54:00",
  "value" : "10"
},{
  "dateTime" : "11/03/18 11:22:00",
  "value" : "10"
},{
  "dateTime" : "11/03/18 11:25:00",
  "value" : "10"
},{
  "dateTime" : "11/03/18 13:44:00",
  "value" : "10"
},{
  "dateTime" : "11/03/18 17:21:00",
  "value" : "10"
},{
  "dateTime" : "11/03/18 21:36:00",
  "value" : "10"
},{
  "dateTime" : "11/04/18 08:48:00",
  "value" : "10"
},{
  "dateTime" : "11/04/18 09:01:00",
  "value" : "10"
},{
  "dateTime" : "11/04/18 15:03:00",
  "value" : "10"
},{
  "dateTime" : "11/04/18 16:03:00",
  "value" : "10"
},{
  "dateTime" : "11/04/18 17:24:00",
  "value" : "10"
},{
  "dateTime" : "11/04/18 17:29:00",
  "value" : "10"
},{
  "dateTime" : "11/04/18 18:29:00",
  "value" : "10"
},{
  "dateTime" : "11/04/18 19:47:00",
  "value" : "10"
},{
  "dateTime" : "11/04/18 21:22:00",
  "value" : "10"
},{
  "dateTime" : "11/04/18 21:31:00",
  "value" : "10"
},{
  "dateTime" : "11/04/18 21:32:00",
  "value" : "10"
},{
  "dateTime" : "11/05/18 09:05:00",
  "value" : "10"
},{
  "dateTime" : "11/05/18 09:13:00",
  "value" : "10"
},{
  "dateTime" : "11/05/18 09:14:00",
  "value" : "10"
},{
  "dateTime" : "11/05/18 09:15:00",
  "value" : "20"
},{
  "dateTime" : "11/05/18 09:16:00",
  "value" : "10"
},{
  "dateTime" : "11/05/18 09:18:00",
  "value" : "10"
},{
  "dateTime" : "11/05/18 09:19:00",
  "value" : "20"
},{
  "dateTime" : "11/05/18 09:20:00",
  "value" : "20"
},{
  "dateTime" : "11/05/18 09:21:00",
  "value" : "10"
},{
  "dateTime" : "11/05/18 09:38:00",
  "value" : "10"
},{
  "dateTime" : "11/05/18 12:06:00",
  "value" : "10"
},{
  "dateTime" : "11/05/18 12:48:00",
  "value" : "10"
},{
  "dateTime" : "11/05/18 13:00:00",
  "value" : "10"
},{
  "dateTime" : "11/05/18 14:31:00",
  "value" : "10"
},{
  "dateTime" : "11/05/18 14:46:00",
  "value" : "10"
},{
  "dateTime" : "11/05/18 15:28:00",
  "value" : "10"
},{
  "dateTime" : "11/05/18 20:49:00",
  "value" : "40"
},{
  "dateTime" : "11/05/18 20:51:00",
  "value" : "10"
},{
  "dateTime" : "11/06/18 05:57:00",
  "value" : "10"
},{
  "dateTime" : "11/06/18 06:06:00",
  "value" : "10"
},{
  "dateTime" : "11/06/18 06:10:00",
  "value" : "10"
},{
  "dateTime" : "11/06/18 08:15:00",
  "value" : "10"
},{
  "dateTime" : "11/06/18 08:20:00",
  "value" : "20"
},{
  "dateTime" : "11/06/18 08:21:00",
  "value" : "20"
},{
  "dateTime" : "11/06/18 08:22:00",
  "value" : "20"
},{
  "dateTime" : "11/06/18 08:23:00",
  "value" : "20"
},{
  "dateTime" : "11/06/18 08:24:00",
  "value" : "30"
},{
  "dateTime" : "11/06/18 08:33:00",
  "value" : "10"
},{
  "dateTime" : "11/06/18 08:34:00",
  "value" : "10"
},{
  "dateTime" : "11/06/18 08:37:00",
  "value" : "10"
},{
  "dateTime" : "11/06/18 10:35:00",
  "value" : "10"
},{
  "dateTime" : "11/06/18 10:54:00",
  "value" : "10"
},{
  "dateTime" : "11/06/18 10:55:00",
  "value" : "10"
},{
  "dateTime" : "11/06/18 16:20:00",
  "value" : "10"
},{
  "dateTime" : "11/07/18 06:02:00",
  "value" : "10"
},{
  "dateTime" : "11/07/18 08:45:00",
  "value" : "10"
},{
  "dateTime" : "11/07/18 08:47:00",
  "value" : "10"
},{
  "dateTime" : "11/07/18 08:48:00",
  "value" : "20"
},{
  "dateTime" : "11/07/18 08:49:00",
  "value" : "20"
},{
  "dateTime" : "11/07/18 08:50:00",
  "value" : "10"
},{
  "dateTime" : "11/07/18 08:52:00",
  "value" : "20"
},{
  "dateTime" : "11/07/18 08:53:00",
  "value" : "10"
},{
  "dateTime" : "11/07/18 08:56:00",
  "value" : "10"
},{
  "dateTime" : "11/07/18 12:19:00",
  "value" : "10"
},{
  "dateTime" : "11/07/18 12:23:00",
  "value" : "10"
},{
  "dateTime" : "11/07/18 12:54:00",
  "value" : "10"
},{
  "dateTime" : "11/07/18 15:14:00",
  "value" : "10"
},{
  "dateTime" : "11/07/18 19:18:00",
  "value" : "10"
},{
  "dateTime" : "11/08/18 08:00:00",
  "value" : "10"
},{
  "dateTime" : "11/08/18 09:40:00",
  "value" : "10"
},{
  "dateTime" : "11/08/18 09:48:00",
  "value" : "10"
},{
  "dateTime" : "11/08/18 09:50:00",
  "value" : "10"
},{
  "dateTime" : "11/08/18 09:52:00",
  "value" : "10"
},{
  "dateTime" : "11/08/18 10:05:00",
  "value" : "20"
},{
  "dateTime" : "11/08/18 10:06:00",
  "value" : "10"
},{
  "dateTime" : "11/08/18 10:07:00",
  "value" : "10"
},{
  "dateTime" : "11/08/18 10:08:00",
  "value" : "10"
},{
  "dateTime" : "11/08/18 11:58:00",
  "value" : "10"
},{
  "dateTime" : "11/08/18 12:01:00",
  "value" : "10"
},{
  "dateTime" : "11/08/18 12:48:00",
  "value" : "10"
},{
  "dateTime" : "11/08/18 20:09:00",
  "value" : "10"
},{
  "dateTime" : "11/08/18 20:55:00",
  "value" : "10"
},{
  "dateTime" : "11/09/18 05:47:00",
  "value" : "10"
},{
  "dateTime" : "11/09/18 09:34:00",
  "value" : "10"
},{
  "dateTime" : "11/09/18 09:36:00",
  "value" : "10"
},{
  "dateTime" : "11/09/18 09:37:00",
  "value" : "10"
},{
  "dateTime" : "11/09/18 09:38:00",
  "value" : "10"
},{
  "dateTime" : "11/09/18 09:40:00",
  "value" : "10"
},{
  "dateTime" : "11/09/18 09:42:00",
  "value" : "10"
},{
  "dateTime" : "11/09/18 09:43:00",
  "value" : "20"
},{
  "dateTime" : "11/09/18 09:44:00",
  "value" : "20"
},{
  "dateTime" : "11/09/18 09:57:00",
  "value" : "10"
},{
  "dateTime" : "11/09/18 09:58:00",
  "value" : "10"
},{
  "dateTime" : "11/09/18 12:05:00",
  "value" : "10"
},{
  "dateTime" : "11/10/18 09:00:00",
  "value" : "10"
},{
  "dateTime" : "11/10/18 09:55:00",
  "value" : "10"
},{
  "dateTime" : "11/10/18 10:21:00",
  "value" : "10"
},{
  "dateTime" : "11/10/18 10:50:00",
  "value" : "10"
},{
  "dateTime" : "11/10/18 15:22:00",
  "value" : "10"
},{
  "dateTime" : "11/10/18 15:35:00",
  "value" : "10"
},{
  "dateTime" : "11/10/18 15:36:00",
  "value" : "20"
},{
  "dateTime" : "11/10/18 15:37:00",
  "value" : "10"
},{
  "dateTime" : "11/10/18 15:38:00",
  "value" : "30"
},{
  "dateTime" : "11/10/18 15:39:00",
  "value" : "20"
},{
  "dateTime" : "11/10/18 15:40:00",
  "value" : "30"
},{
  "dateTime" : "11/10/18 18:07:00",
  "value" : "10"
},{
  "dateTime" : "11/10/18 19:38:00",
  "value" : "10"
},{
  "dateTime" : "11/10/18 19:53:00",
  "value" : "10"
},{
  "dateTime" : "11/11/18 01:27:00",
  "value" : "10"
},{
  "dateTime" : "11/11/18 08:48:00",
  "value" : "10"
},{
  "dateTime" : "11/11/18 08:55:00",
  "value" : "10"
},{
  "dateTime" : "11/11/18 13:27:00",
  "value" : "10"
},{
  "dateTime" : "11/11/18 13:37:00",
  "value" : "10"
},{
  "dateTime" : "11/11/18 16:38:00",
  "value" : "10"
},{
  "dateTime" : "11/11/18 16:52:00",
  "value" : "10"
},{
  "dateTime" : "11/11/18 17:01:00",
  "value" : "30"
},{
  "dateTime" : "11/11/18 17:11:00",
  "value" : "20"
},{
  "dateTime" : "11/11/18 17:13:00",
  "value" : "10"
},{
  "dateTime" : "11/11/18 17:15:00",
  "value" : "30"
},{
  "dateTime" : "11/11/18 17:16:00",
  "value" : "10"
},{
  "dateTime" : "11/11/18 17:17:00",
  "value" : "10"
},{
  "dateTime" : "11/11/18 17:18:00",
  "value" : "10"
},{
  "dateTime" : "11/11/18 17:20:00",
  "value" : "10"
},{
  "dateTime" : "11/12/18 06:21:00",
  "value" : "10"
},{
  "dateTime" : "11/12/18 08:50:00",
  "value" : "10"
},{
  "dateTime" : "11/12/18 08:51:00",
  "value" : "10"
},{
  "dateTime" : "11/12/18 08:52:00",
  "value" : "10"
},{
  "dateTime" : "11/12/18 08:53:00",
  "value" : "10"
},{
  "dateTime" : "11/12/18 08:54:00",
  "value" : "20"
},{
  "dateTime" : "11/12/18 08:55:00",
  "value" : "30"
},{
  "dateTime" : "11/12/18 12:27:00",
  "value" : "10"
},{
  "dateTime" : "11/12/18 13:45:00",
  "value" : "10"
},{
  "dateTime" : "11/12/18 19:26:00",
  "value" : "10"
},{
  "dateTime" : "11/12/18 19:29:00",
  "value" : "30"
},{
  "dateTime" : "11/12/18 19:30:00",
  "value" : "10"
},{
  "dateTime" : "11/12/18 19:41:00",
  "value" : "10"
},{
  "dateTime" : "11/12/18 23:33:00",
  "value" : "10"
},{
  "dateTime" : "11/13/18 00:07:00",
  "value" : "10"
},{
  "dateTime" : "11/13/18 09:38:00",
  "value" : "10"
},{
  "dateTime" : "11/13/18 10:29:00",
  "value" : "10"
},{
  "dateTime" : "11/13/18 10:37:00",
  "value" : "10"
},{
  "dateTime" : "11/13/18 10:39:00",
  "value" : "10"
},{
  "dateTime" : "11/13/18 10:41:00",
  "value" : "10"
},{
  "dateTime" : "11/13/18 10:43:00",
  "value" : "20"
},{
  "dateTime" : "11/13/18 10:46:00",
  "value" : "10"
},{
  "dateTime" : "11/13/18 10:47:00",
  "value" : "20"
},{
  "dateTime" : "11/13/18 10:48:00",
  "value" : "10"
},{
  "dateTime" : "11/13/18 19:31:00",
  "value" : "10"
},{
  "dateTime" : "11/13/18 20:30:00",
  "value" : "10"
},{
  "dateTime" : "11/13/18 20:52:00",
  "value" : "10"
},{
  "dateTime" : "11/14/18 05:54:00",
  "value" : "10"
},{
  "dateTime" : "11/14/18 08:24:00",
  "value" : "10"
},{
  "dateTime" : "11/14/18 08:26:00",
  "value" : "10"
},{
  "dateTime" : "11/14/18 08:28:00",
  "value" : "20"
},{
  "dateTime" : "11/14/18 08:29:00",
  "value" : "10"
},{
  "dateTime" : "11/14/18 08:31:00",
  "value" : "10"
},{
  "dateTime" : "11/14/18 08:32:00",
  "value" : "20"
},{
  "dateTime" : "11/14/18 08:33:00",
  "value" : "20"
},{
  "dateTime" : "11/14/18 18:32:00",
  "value" : "10"
},{
  "dateTime" : "11/14/18 18:50:00",
  "value" : "10"
},{
  "dateTime" : "11/14/18 18:56:00",
  "value" : "10"
},{
  "dateTime" : "11/14/18 19:36:00",
  "value" : "10"
},{
  "dateTime" : "11/15/18 08:02:00",
  "value" : "10"
},{
  "dateTime" : "11/15/18 08:18:00",
  "value" : "10"
},{
  "dateTime" : "11/15/18 10:44:00",
  "value" : "10"
},{
  "dateTime" : "11/15/18 10:50:00",
  "value" : "10"
},{
  "dateTime" : "11/15/18 10:58:00",
  "value" : "10"
},{
  "dateTime" : "11/15/18 10:59:00",
  "value" : "20"
},{
  "dateTime" : "11/15/18 11:00:00",
  "value" : "10"
},{
  "dateTime" : "11/15/18 11:02:00",
  "value" : "10"
},{
  "dateTime" : "11/15/18 11:03:00",
  "value" : "10"
},{
  "dateTime" : "11/15/18 11:04:00",
  "value" : "20"
},{
  "dateTime" : "11/15/18 11:05:00",
  "value" : "10"
},{
  "dateTime" : "11/15/18 11:17:00",
  "value" : "20"
},{
  "dateTime" : "11/15/18 11:42:00",
  "value" : "10"
},{
  "dateTime" : "11/15/18 11:50:00",
  "value" : "10"
},{
  "dateTime" : "11/15/18 12:12:00",
  "value" : "10"
},{
  "dateTime" : "11/15/18 16:46:00",
  "value" : "10"
},{
  "dateTime" : "11/15/18 18:59:00",
  "value" : "10"
},{
  "dateTime" : "11/15/18 22:52:00",
  "value" : "10"
},{
  "dateTime" : "11/16/18 05:53:00",
  "value" : "10"
},{
  "dateTime" : "11/16/18 07:07:00",
  "value" : "10"
},{
  "dateTime" : "11/16/18 07:12:00",
  "value" : "10"
},{
  "dateTime" : "11/16/18 08:39:00",
  "value" : "10"
},{
  "dateTime" : "11/16/18 09:01:00",
  "value" : "30"
},{
  "dateTime" : "11/16/18 09:02:00",
  "value" : "10"
},{
  "dateTime" : "11/16/18 09:03:00",
  "value" : "10"
},{
  "dateTime" : "11/16/18 09:04:00",
  "value" : "10"
},{
  "dateTime" : "11/16/18 09:06:00",
  "value" : "10"
},{
  "dateTime" : "11/16/18 09:07:00",
  "value" : "10"
},{
  "dateTime" : "11/16/18 09:08:00",
  "value" : "10"
},{
  "dateTime" : "11/16/18 09:28:00",
  "value" : "20"
},{
  "dateTime" : "11/16/18 11:58:00",
  "value" : "50"
},{
  "dateTime" : "11/16/18 11:59:00",
  "value" : "10"
},{
  "dateTime" : "11/16/18 20:17:00",
  "value" : "10"
},{
  "dateTime" : "11/17/18 07:32:00",
  "value" : "10"
},{
  "dateTime" : "11/17/18 10:24:00",
  "value" : "10"
},{
  "dateTime" : "11/17/18 10:25:00",
  "value" : "30"
},{
  "dateTime" : "11/17/18 10:26:00",
  "value" : "10"
},{
  "dateTime" : "11/17/18 10:28:00",
  "value" : "30"
},{
  "dateTime" : "11/17/18 10:29:00",
  "value" : "20"
},{
  "dateTime" : "11/17/18 10:52:00",
  "value" : "10"
},{
  "dateTime" : "11/17/18 12:04:00",
  "value" : "10"
},{
  "dateTime" : "11/17/18 12:05:00",
  "value" : "10"
},{
  "dateTime" : "11/17/18 16:14:00",
  "value" : "20"
},{
  "dateTime" : "11/17/18 16:17:00",
  "value" : "30"
},{
  "dateTime" : "11/17/18 16:27:00",
  "value" : "10"
},{
  "dateTime" : "11/17/18 16:30:00",
  "value" : "10"
},{
  "dateTime" : "11/17/18 16:31:00",
  "value" : "10"
},{
  "dateTime" : "11/17/18 17:12:00",
  "value" : "10"
},{
  "dateTime" : "11/17/18 18:22:00",
  "value" : "10"
},{
  "dateTime" : "11/17/18 19:01:00",
  "value" : "10"
},{
  "dateTime" : "11/17/18 22:56:00",
  "value" : "10"
},{
  "dateTime" : "11/17/18 23:45:00",
  "value" : "10"
},{
  "dateTime" : "11/18/18 08:51:00",
  "value" : "10"
},{
  "dateTime" : "11/18/18 14:46:00",
  "value" : "10"
},{
  "dateTime" : "11/18/18 17:34:00",
  "value" : "10"
},{
  "dateTime" : "11/18/18 23:25:00",
  "value" : "10"
},{
  "dateTime" : "11/19/18 05:52:00",
  "value" : "10"
},{
  "dateTime" : "11/19/18 09:09:00",
  "value" : "10"
},{
  "dateTime" : "11/19/18 09:10:00",
  "value" : "10"
},{
  "dateTime" : "11/19/18 09:53:00",
  "value" : "10"
},{
  "dateTime" : "11/19/18 17:09:00",
  "value" : "10"
},{
  "dateTime" : "11/19/18 17:20:00",
  "value" : "20"
},{
  "dateTime" : "11/19/18 17:21:00",
  "value" : "30"
},{
  "dateTime" : "11/19/18 17:22:00",
  "value" : "20"
},{
  "dateTime" : "11/19/18 17:23:00",
  "value" : "10"
},{
  "dateTime" : "11/19/18 17:24:00",
  "value" : "30"
},{
  "dateTime" : "11/19/18 17:25:00",
  "value" : "10"
},{
  "dateTime" : "11/19/18 17:38:00",
  "value" : "10"
},{
  "dateTime" : "11/19/18 17:39:00",
  "value" : "10"
},{
  "dateTime" : "11/19/18 20:36:00",
  "value" : "40"
},{
  "dateTime" : "11/19/18 20:52:00",
  "value" : "10"
},{
  "dateTime" : "11/20/18 08:13:00",
  "value" : "10"
},{
  "dateTime" : "11/20/18 09:49:00",
  "value" : "10"
},{
  "dateTime" : "11/20/18 19:37:00",
  "value" : "10"
},{
  "dateTime" : "11/20/18 19:40:00",
  "value" : "10"
},{
  "dateTime" : "11/20/18 19:47:00",
  "value" : "10"
},{
  "dateTime" : "11/20/18 21:12:00",
  "value" : "10"
},{
  "dateTime" : "11/21/18 05:45:00",
  "value" : "10"
},{
  "dateTime" : "11/21/18 11:48:00",
  "value" : "10"
},{
  "dateTime" : "11/21/18 11:51:00",
  "value" : "10"
},{
  "dateTime" : "11/21/18 11:52:00",
  "value" : "10"
},{
  "dateTime" : "11/21/18 11:53:00",
  "value" : "10"
},{
  "dateTime" : "11/21/18 11:54:00",
  "value" : "10"
},{
  "dateTime" : "11/21/18 11:55:00",
  "value" : "20"
},{
  "dateTime" : "11/21/18 11:56:00",
  "value" : "20"
},{
  "dateTime" : "11/21/18 11:57:00",
  "value" : "10"
},{
  "dateTime" : "11/21/18 12:09:00",
  "value" : "20"
},{
  "dateTime" : "11/21/18 13:03:00",
  "value" : "10"
},{
  "dateTime" : "11/21/18 14:32:00",
  "value" : "10"
},{
  "dateTime" : "11/21/18 14:35:00",
  "value" : "10"
},{
  "dateTime" : "11/21/18 17:48:00",
  "value" : "10"
},{
  "dateTime" : "11/21/18 17:52:00",
  "value" : "10"
},{
  "dateTime" : "11/21/18 19:03:00",
  "value" : "10"
},{
  "dateTime" : "11/21/18 19:06:00",
  "value" : "10"
},{
  "dateTime" : "11/21/18 19:17:00",
  "value" : "10"
},{
  "dateTime" : "11/22/18 06:36:00",
  "value" : "10"
},{
  "dateTime" : "11/22/18 08:27:00",
  "value" : "10"
},{
  "dateTime" : "11/22/18 08:28:00",
  "value" : "20"
},{
  "dateTime" : "11/22/18 08:29:00",
  "value" : "10"
},{
  "dateTime" : "11/22/18 08:44:00",
  "value" : "10"
},{
  "dateTime" : "11/22/18 08:46:00",
  "value" : "10"
},{
  "dateTime" : "11/22/18 08:47:00",
  "value" : "10"
},{
  "dateTime" : "11/22/18 08:51:00",
  "value" : "10"
},{
  "dateTime" : "11/22/18 09:10:00",
  "value" : "10"
},{
  "dateTime" : "11/22/18 12:26:00",
  "value" : "10"
}]