[{
  "dateTime" : "06/26/18 09:27:00",
  "value" : "10"
},{
  "dateTime" : "06/26/18 12:23:00",
  "value" : "10"
},{
  "dateTime" : "06/26/18 20:25:00",
  "value" : "10"
},{
  "dateTime" : "06/26/18 22:30:00",
  "value" : "10"
},{
  "dateTime" : "06/27/18 07:42:00",
  "value" : "10"
},{
  "dateTime" : "06/27/18 08:07:00",
  "value" : "10"
},{
  "dateTime" : "06/27/18 08:09:00",
  "value" : "10"
},{
  "dateTime" : "06/27/18 08:10:00",
  "value" : "10"
},{
  "dateTime" : "06/27/18 08:12:00",
  "value" : "10"
},{
  "dateTime" : "06/27/18 08:13:00",
  "value" : "30"
},{
  "dateTime" : "06/27/18 08:14:00",
  "value" : "10"
},{
  "dateTime" : "06/27/18 08:31:00",
  "value" : "10"
},{
  "dateTime" : "06/27/18 08:32:00",
  "value" : "10"
},{
  "dateTime" : "06/27/18 08:34:00",
  "value" : "10"
},{
  "dateTime" : "06/27/18 08:47:00",
  "value" : "10"
},{
  "dateTime" : "06/27/18 10:30:00",
  "value" : "10"
},{
  "dateTime" : "06/27/18 15:41:00",
  "value" : "10"
},{
  "dateTime" : "06/27/18 16:41:00",
  "value" : "10"
},{
  "dateTime" : "06/27/18 19:46:00",
  "value" : "10"
},{
  "dateTime" : "06/27/18 22:02:00",
  "value" : "10"
},{
  "dateTime" : "06/27/18 22:07:00",
  "value" : "10"
},{
  "dateTime" : "06/27/18 22:11:00",
  "value" : "10"
},{
  "dateTime" : "06/27/18 22:12:00",
  "value" : "10"
},{
  "dateTime" : "06/27/18 22:15:00",
  "value" : "10"
},{
  "dateTime" : "06/27/18 22:16:00",
  "value" : "30"
},{
  "dateTime" : "06/27/18 22:18:00",
  "value" : "10"
},{
  "dateTime" : "06/27/18 22:20:00",
  "value" : "10"
},{
  "dateTime" : "06/28/18 09:13:00",
  "value" : "10"
},{
  "dateTime" : "06/28/18 09:14:00",
  "value" : "10"
},{
  "dateTime" : "06/28/18 09:29:00",
  "value" : "10"
},{
  "dateTime" : "06/28/18 09:31:00",
  "value" : "10"
},{
  "dateTime" : "06/28/18 09:33:00",
  "value" : "10"
},{
  "dateTime" : "06/28/18 09:34:00",
  "value" : "10"
},{
  "dateTime" : "06/28/18 10:06:00",
  "value" : "10"
},{
  "dateTime" : "06/28/18 10:24:00",
  "value" : "10"
},{
  "dateTime" : "06/28/18 12:12:00",
  "value" : "10"
},{
  "dateTime" : "06/28/18 13:04:00",
  "value" : "10"
},{
  "dateTime" : "06/28/18 13:14:00",
  "value" : "10"
},{
  "dateTime" : "06/28/18 13:18:00",
  "value" : "10"
},{
  "dateTime" : "06/29/18 07:52:00",
  "value" : "10"
},{
  "dateTime" : "06/29/18 07:58:00",
  "value" : "10"
},{
  "dateTime" : "06/29/18 08:12:00",
  "value" : "10"
},{
  "dateTime" : "06/29/18 08:13:00",
  "value" : "10"
},{
  "dateTime" : "06/29/18 08:14:00",
  "value" : "10"
},{
  "dateTime" : "06/29/18 08:15:00",
  "value" : "10"
},{
  "dateTime" : "06/29/18 08:16:00",
  "value" : "10"
},{
  "dateTime" : "06/29/18 08:17:00",
  "value" : "10"
},{
  "dateTime" : "06/29/18 09:06:00",
  "value" : "10"
},{
  "dateTime" : "06/29/18 17:32:00",
  "value" : "10"
},{
  "dateTime" : "06/30/18 20:18:00",
  "value" : "10"
},{
  "dateTime" : "06/30/18 20:23:00",
  "value" : "10"
},{
  "dateTime" : "07/01/18 00:02:00",
  "value" : "10"
},{
  "dateTime" : "07/01/18 00:36:00",
  "value" : "10"
},{
  "dateTime" : "07/01/18 11:58:00",
  "value" : "10"
},{
  "dateTime" : "07/01/18 12:11:00",
  "value" : "10"
},{
  "dateTime" : "07/01/18 12:41:00",
  "value" : "10"
},{
  "dateTime" : "07/01/18 14:48:00",
  "value" : "10"
},{
  "dateTime" : "07/01/18 16:22:00",
  "value" : "10"
},{
  "dateTime" : "07/01/18 17:25:00",
  "value" : "10"
},{
  "dateTime" : "07/02/18 05:36:00",
  "value" : "10"
},{
  "dateTime" : "07/02/18 05:43:00",
  "value" : "10"
},{
  "dateTime" : "07/02/18 06:00:00",
  "value" : "10"
},{
  "dateTime" : "07/02/18 07:04:00",
  "value" : "10"
},{
  "dateTime" : "07/02/18 07:05:00",
  "value" : "10"
},{
  "dateTime" : "07/02/18 07:06:00",
  "value" : "20"
},{
  "dateTime" : "07/02/18 07:07:00",
  "value" : "10"
},{
  "dateTime" : "07/02/18 07:08:00",
  "value" : "20"
},{
  "dateTime" : "07/02/18 07:09:00",
  "value" : "20"
},{
  "dateTime" : "07/02/18 07:20:00",
  "value" : "10"
},{
  "dateTime" : "07/02/18 07:21:00",
  "value" : "10"
},{
  "dateTime" : "07/02/18 21:33:00",
  "value" : "10"
},{
  "dateTime" : "07/03/18 05:44:00",
  "value" : "10"
},{
  "dateTime" : "07/03/18 05:53:00",
  "value" : "10"
},{
  "dateTime" : "07/03/18 07:12:00",
  "value" : "10"
},{
  "dateTime" : "07/03/18 07:18:00",
  "value" : "20"
},{
  "dateTime" : "07/03/18 07:19:00",
  "value" : "30"
},{
  "dateTime" : "07/03/18 07:20:00",
  "value" : "20"
},{
  "dateTime" : "07/03/18 07:21:00",
  "value" : "20"
},{
  "dateTime" : "07/03/18 07:22:00",
  "value" : "10"
},{
  "dateTime" : "07/03/18 07:38:00",
  "value" : "10"
},{
  "dateTime" : "07/03/18 07:40:00",
  "value" : "10"
},{
  "dateTime" : "07/03/18 20:17:00",
  "value" : "10"
},{
  "dateTime" : "07/04/18 10:55:00",
  "value" : "10"
},{
  "dateTime" : "07/04/18 13:52:00",
  "value" : "10"
},{
  "dateTime" : "07/04/18 17:10:00",
  "value" : "10"
},{
  "dateTime" : "07/04/18 23:47:00",
  "value" : "10"
},{
  "dateTime" : "07/05/18 08:57:00",
  "value" : "10"
},{
  "dateTime" : "07/05/18 09:10:00",
  "value" : "10"
},{
  "dateTime" : "07/05/18 09:11:00",
  "value" : "10"
},{
  "dateTime" : "07/05/18 09:12:00",
  "value" : "20"
},{
  "dateTime" : "07/05/18 09:14:00",
  "value" : "20"
},{
  "dateTime" : "07/05/18 09:15:00",
  "value" : "20"
},{
  "dateTime" : "07/05/18 11:35:00",
  "value" : "10"
},{
  "dateTime" : "07/05/18 12:52:00",
  "value" : "10"
},{
  "dateTime" : "07/05/18 12:54:00",
  "value" : "10"
},{
  "dateTime" : "07/05/18 12:55:00",
  "value" : "10"
},{
  "dateTime" : "07/05/18 12:56:00",
  "value" : "10"
},{
  "dateTime" : "07/05/18 12:57:00",
  "value" : "10"
},{
  "dateTime" : "07/05/18 12:59:00",
  "value" : "10"
},{
  "dateTime" : "07/05/18 14:32:00",
  "value" : "10"
},{
  "dateTime" : "07/06/18 08:46:00",
  "value" : "20"
},{
  "dateTime" : "07/06/18 08:48:00",
  "value" : "10"
},{
  "dateTime" : "07/06/18 08:50:00",
  "value" : "20"
},{
  "dateTime" : "07/06/18 08:53:00",
  "value" : "10"
},{
  "dateTime" : "07/06/18 08:54:00",
  "value" : "20"
},{
  "dateTime" : "07/06/18 09:08:00",
  "value" : "10"
},{
  "dateTime" : "07/06/18 09:09:00",
  "value" : "10"
},{
  "dateTime" : "07/06/18 10:50:00",
  "value" : "10"
},{
  "dateTime" : "07/06/18 11:59:00",
  "value" : "10"
},{
  "dateTime" : "07/06/18 12:16:00",
  "value" : "10"
},{
  "dateTime" : "07/06/18 16:36:00",
  "value" : "10"
},{
  "dateTime" : "07/06/18 19:48:00",
  "value" : "10"
},{
  "dateTime" : "07/06/18 19:51:00",
  "value" : "10"
},{
  "dateTime" : "07/06/18 21:39:00",
  "value" : "10"
},{
  "dateTime" : "07/06/18 22:39:00",
  "value" : "10"
},{
  "dateTime" : "07/06/18 22:40:00",
  "value" : "10"
},{
  "dateTime" : "07/06/18 22:43:00",
  "value" : "10"
},{
  "dateTime" : "07/06/18 22:44:00",
  "value" : "10"
},{
  "dateTime" : "07/06/18 22:45:00",
  "value" : "10"
},{
  "dateTime" : "07/06/18 22:46:00",
  "value" : "10"
},{
  "dateTime" : "07/07/18 12:43:00",
  "value" : "10"
},{
  "dateTime" : "07/07/18 14:27:00",
  "value" : "10"
},{
  "dateTime" : "07/07/18 16:35:00",
  "value" : "10"
},{
  "dateTime" : "07/07/18 17:35:00",
  "value" : "10"
},{
  "dateTime" : "07/07/18 19:57:00",
  "value" : "10"
},{
  "dateTime" : "07/07/18 20:09:00",
  "value" : "10"
},{
  "dateTime" : "07/07/18 21:01:00",
  "value" : "10"
},{
  "dateTime" : "07/08/18 01:15:00",
  "value" : "10"
},{
  "dateTime" : "07/08/18 08:38:00",
  "value" : "10"
},{
  "dateTime" : "07/08/18 08:45:00",
  "value" : "10"
},{
  "dateTime" : "07/08/18 08:47:00",
  "value" : "10"
},{
  "dateTime" : "07/08/18 08:54:00",
  "value" : "20"
},{
  "dateTime" : "07/08/18 08:55:00",
  "value" : "10"
},{
  "dateTime" : "07/08/18 09:17:00",
  "value" : "10"
},{
  "dateTime" : "07/08/18 10:16:00",
  "value" : "10"
},{
  "dateTime" : "07/08/18 18:28:00",
  "value" : "10"
},{
  "dateTime" : "07/08/18 19:40:00",
  "value" : "10"
},{
  "dateTime" : "07/08/18 21:23:00",
  "value" : "10"
},{
  "dateTime" : "07/09/18 08:07:00",
  "value" : "10"
},{
  "dateTime" : "07/09/18 08:24:00",
  "value" : "10"
},{
  "dateTime" : "07/09/18 08:25:00",
  "value" : "10"
},{
  "dateTime" : "07/09/18 08:26:00",
  "value" : "10"
},{
  "dateTime" : "07/09/18 08:27:00",
  "value" : "10"
},{
  "dateTime" : "07/09/18 08:28:00",
  "value" : "10"
},{
  "dateTime" : "07/09/18 08:29:00",
  "value" : "10"
},{
  "dateTime" : "07/09/18 08:30:00",
  "value" : "10"
},{
  "dateTime" : "07/09/18 08:31:00",
  "value" : "10"
},{
  "dateTime" : "07/09/18 08:54:00",
  "value" : "10"
},{
  "dateTime" : "07/10/18 08:49:00",
  "value" : "10"
},{
  "dateTime" : "07/10/18 08:53:00",
  "value" : "10"
},{
  "dateTime" : "07/10/18 08:55:00",
  "value" : "20"
},{
  "dateTime" : "07/10/18 08:56:00",
  "value" : "10"
},{
  "dateTime" : "07/10/18 09:11:00",
  "value" : "10"
},{
  "dateTime" : "07/10/18 09:13:00",
  "value" : "10"
},{
  "dateTime" : "07/10/18 09:14:00",
  "value" : "10"
},{
  "dateTime" : "07/11/18 09:06:00",
  "value" : "10"
},{
  "dateTime" : "07/11/18 09:13:00",
  "value" : "10"
},{
  "dateTime" : "07/11/18 09:14:00",
  "value" : "10"
},{
  "dateTime" : "07/11/18 09:16:00",
  "value" : "10"
},{
  "dateTime" : "07/11/18 09:18:00",
  "value" : "10"
},{
  "dateTime" : "07/11/18 09:21:00",
  "value" : "20"
},{
  "dateTime" : "07/11/18 09:31:00",
  "value" : "10"
},{
  "dateTime" : "07/11/18 09:32:00",
  "value" : "10"
},{
  "dateTime" : "07/11/18 09:41:00",
  "value" : "10"
},{
  "dateTime" : "07/11/18 10:55:00",
  "value" : "10"
},{
  "dateTime" : "07/11/18 10:56:00",
  "value" : "10"
},{
  "dateTime" : "07/11/18 10:59:00",
  "value" : "10"
},{
  "dateTime" : "07/11/18 14:01:00",
  "value" : "10"
},{
  "dateTime" : "07/11/18 15:15:00",
  "value" : "10"
},{
  "dateTime" : "07/11/18 19:41:00",
  "value" : "10"
},{
  "dateTime" : "07/11/18 20:02:00",
  "value" : "10"
},{
  "dateTime" : "07/11/18 22:24:00",
  "value" : "10"
},{
  "dateTime" : "07/12/18 11:51:00",
  "value" : "10"
},{
  "dateTime" : "07/12/18 11:55:00",
  "value" : "10"
},{
  "dateTime" : "07/12/18 19:55:00",
  "value" : "10"
},{
  "dateTime" : "07/13/18 07:35:00",
  "value" : "10"
},{
  "dateTime" : "07/13/18 07:52:00",
  "value" : "20"
},{
  "dateTime" : "07/13/18 07:56:00",
  "value" : "10"
},{
  "dateTime" : "07/13/18 07:57:00",
  "value" : "10"
},{
  "dateTime" : "07/13/18 07:58:00",
  "value" : "10"
},{
  "dateTime" : "07/13/18 08:05:00",
  "value" : "10"
},{
  "dateTime" : "07/13/18 11:00:00",
  "value" : "10"
},{
  "dateTime" : "07/13/18 11:03:00",
  "value" : "10"
},{
  "dateTime" : "07/13/18 11:53:00",
  "value" : "10"
},{
  "dateTime" : "07/13/18 11:55:00",
  "value" : "10"
},{
  "dateTime" : "07/13/18 17:23:00",
  "value" : "10"
},{
  "dateTime" : "07/13/18 18:28:00",
  "value" : "10"
},{
  "dateTime" : "07/13/18 19:09:00",
  "value" : "10"
},{
  "dateTime" : "07/14/18 09:37:00",
  "value" : "10"
},{
  "dateTime" : "07/14/18 09:44:00",
  "value" : "10"
},{
  "dateTime" : "07/14/18 09:46:00",
  "value" : "10"
},{
  "dateTime" : "07/14/18 09:48:00",
  "value" : "10"
},{
  "dateTime" : "07/14/18 09:50:00",
  "value" : "10"
},{
  "dateTime" : "07/14/18 09:51:00",
  "value" : "20"
},{
  "dateTime" : "07/14/18 10:02:00",
  "value" : "10"
},{
  "dateTime" : "07/14/18 10:03:00",
  "value" : "10"
},{
  "dateTime" : "07/14/18 14:27:00",
  "value" : "10"
},{
  "dateTime" : "07/14/18 15:31:00",
  "value" : "10"
},{
  "dateTime" : "07/14/18 20:51:00",
  "value" : "10"
},{
  "dateTime" : "07/14/18 21:03:00",
  "value" : "10"
},{
  "dateTime" : "07/14/18 22:54:00",
  "value" : "10"
},{
  "dateTime" : "07/15/18 07:59:00",
  "value" : "10"
},{
  "dateTime" : "07/15/18 08:09:00",
  "value" : "10"
},{
  "dateTime" : "07/15/18 08:12:00",
  "value" : "20"
},{
  "dateTime" : "07/15/18 08:13:00",
  "value" : "20"
},{
  "dateTime" : "07/15/18 08:14:00",
  "value" : "10"
},{
  "dateTime" : "07/15/18 09:00:00",
  "value" : "10"
},{
  "dateTime" : "07/15/18 12:14:00",
  "value" : "10"
},{
  "dateTime" : "07/16/18 08:07:00",
  "value" : "10"
},{
  "dateTime" : "07/16/18 08:24:00",
  "value" : "30"
},{
  "dateTime" : "07/16/18 08:25:00",
  "value" : "10"
},{
  "dateTime" : "07/16/18 08:29:00",
  "value" : "20"
},{
  "dateTime" : "07/16/18 08:30:00",
  "value" : "10"
},{
  "dateTime" : "07/16/18 10:43:00",
  "value" : "10"
},{
  "dateTime" : "07/16/18 10:46:00",
  "value" : "10"
},{
  "dateTime" : "07/16/18 14:47:00",
  "value" : "10"
},{
  "dateTime" : "07/16/18 20:15:00",
  "value" : "10"
},{
  "dateTime" : "07/17/18 07:49:00",
  "value" : "10"
},{
  "dateTime" : "07/17/18 07:57:00",
  "value" : "10"
},{
  "dateTime" : "07/17/18 07:58:00",
  "value" : "10"
},{
  "dateTime" : "07/17/18 08:00:00",
  "value" : "10"
},{
  "dateTime" : "07/17/18 08:01:00",
  "value" : "10"
},{
  "dateTime" : "07/17/18 08:02:00",
  "value" : "10"
},{
  "dateTime" : "07/17/18 08:03:00",
  "value" : "20"
},{
  "dateTime" : "07/17/18 08:15:00",
  "value" : "10"
},{
  "dateTime" : "07/17/18 08:16:00",
  "value" : "10"
},{
  "dateTime" : "07/17/18 09:28:00",
  "value" : "10"
},{
  "dateTime" : "07/17/18 18:28:00",
  "value" : "10"
},{
  "dateTime" : "07/17/18 21:17:00",
  "value" : "10"
},{
  "dateTime" : "07/18/18 08:57:00",
  "value" : "10"
},{
  "dateTime" : "07/18/18 08:58:00",
  "value" : "20"
},{
  "dateTime" : "07/18/18 08:59:00",
  "value" : "10"
},{
  "dateTime" : "07/18/18 09:10:00",
  "value" : "10"
},{
  "dateTime" : "07/18/18 09:12:00",
  "value" : "10"
},{
  "dateTime" : "07/18/18 09:13:00",
  "value" : "10"
},{
  "dateTime" : "07/18/18 10:42:00",
  "value" : "10"
},{
  "dateTime" : "07/18/18 10:47:00",
  "value" : "10"
},{
  "dateTime" : "07/18/18 10:48:00",
  "value" : "20"
},{
  "dateTime" : "07/19/18 08:14:00",
  "value" : "20"
},{
  "dateTime" : "07/19/18 08:15:00",
  "value" : "20"
},{
  "dateTime" : "07/19/18 08:17:00",
  "value" : "20"
},{
  "dateTime" : "07/19/18 08:18:00",
  "value" : "10"
},{
  "dateTime" : "07/19/18 08:19:00",
  "value" : "10"
},{
  "dateTime" : "07/19/18 08:34:00",
  "value" : "20"
},{
  "dateTime" : "07/19/18 10:46:00",
  "value" : "10"
},{
  "dateTime" : "07/19/18 21:19:00",
  "value" : "10"
},{
  "dateTime" : "07/19/18 21:20:00",
  "value" : "20"
},{
  "dateTime" : "07/19/18 21:21:00",
  "value" : "10"
},{
  "dateTime" : "07/19/18 21:22:00",
  "value" : "10"
},{
  "dateTime" : "07/19/18 21:23:00",
  "value" : "20"
},{
  "dateTime" : "07/19/18 21:24:00",
  "value" : "10"
},{
  "dateTime" : "07/19/18 21:25:00",
  "value" : "20"
},{
  "dateTime" : "07/19/18 21:26:00",
  "value" : "10"
},{
  "dateTime" : "07/19/18 21:27:00",
  "value" : "20"
},{
  "dateTime" : "07/19/18 21:28:00",
  "value" : "10"
},{
  "dateTime" : "07/20/18 07:37:00",
  "value" : "10"
},{
  "dateTime" : "07/20/18 07:50:00",
  "value" : "10"
},{
  "dateTime" : "07/20/18 07:51:00",
  "value" : "10"
},{
  "dateTime" : "07/20/18 07:52:00",
  "value" : "10"
},{
  "dateTime" : "07/20/18 07:53:00",
  "value" : "20"
},{
  "dateTime" : "07/20/18 07:55:00",
  "value" : "10"
},{
  "dateTime" : "07/20/18 07:56:00",
  "value" : "10"
},{
  "dateTime" : "07/20/18 08:15:00",
  "value" : "10"
},{
  "dateTime" : "07/20/18 08:17:00",
  "value" : "10"
},{
  "dateTime" : "07/20/18 09:48:00",
  "value" : "10"
},{
  "dateTime" : "07/20/18 09:57:00",
  "value" : "10"
},{
  "dateTime" : "07/20/18 12:22:00",
  "value" : "10"
},{
  "dateTime" : "07/20/18 20:40:00",
  "value" : "10"
},{
  "dateTime" : "07/20/18 21:40:00",
  "value" : "10"
},{
  "dateTime" : "07/21/18 06:51:00",
  "value" : "10"
},{
  "dateTime" : "07/21/18 07:03:00",
  "value" : "20"
},{
  "dateTime" : "07/21/18 07:04:00",
  "value" : "20"
},{
  "dateTime" : "07/21/18 07:05:00",
  "value" : "10"
},{
  "dateTime" : "07/21/18 07:06:00",
  "value" : "10"
},{
  "dateTime" : "07/21/18 07:07:00",
  "value" : "10"
},{
  "dateTime" : "07/21/18 07:09:00",
  "value" : "10"
},{
  "dateTime" : "07/21/18 07:21:00",
  "value" : "10"
},{
  "dateTime" : "07/21/18 07:39:00",
  "value" : "10"
},{
  "dateTime" : "07/21/18 08:52:00",
  "value" : "10"
},{
  "dateTime" : "07/21/18 10:09:00",
  "value" : "10"
},{
  "dateTime" : "07/21/18 19:00:00",
  "value" : "10"
},{
  "dateTime" : "07/22/18 07:50:00",
  "value" : "10"
},{
  "dateTime" : "07/22/18 07:58:00",
  "value" : "20"
},{
  "dateTime" : "07/22/18 07:59:00",
  "value" : "10"
},{
  "dateTime" : "07/22/18 08:02:00",
  "value" : "10"
},{
  "dateTime" : "07/22/18 08:03:00",
  "value" : "20"
},{
  "dateTime" : "07/22/18 08:10:00",
  "value" : "10"
},{
  "dateTime" : "07/22/18 12:31:00",
  "value" : "10"
},{
  "dateTime" : "07/22/18 12:46:00",
  "value" : "10"
},{
  "dateTime" : "07/22/18 23:14:00",
  "value" : "10"
},{
  "dateTime" : "07/23/18 05:53:00",
  "value" : "10"
},{
  "dateTime" : "07/23/18 05:59:00",
  "value" : "10"
},{
  "dateTime" : "07/23/18 07:13:00",
  "value" : "10"
},{
  "dateTime" : "07/23/18 07:31:00",
  "value" : "10"
},{
  "dateTime" : "07/23/18 07:47:00",
  "value" : "10"
},{
  "dateTime" : "07/23/18 07:48:00",
  "value" : "20"
},{
  "dateTime" : "07/23/18 09:08:00",
  "value" : "10"
},{
  "dateTime" : "07/23/18 10:03:00",
  "value" : "10"
},{
  "dateTime" : "07/23/18 13:23:00",
  "value" : "10"
},{
  "dateTime" : "07/23/18 14:35:00",
  "value" : "10"
},{
  "dateTime" : "07/23/18 15:13:00",
  "value" : "10"
},{
  "dateTime" : "07/23/18 15:16:00",
  "value" : "10"
},{
  "dateTime" : "07/23/18 15:34:00",
  "value" : "10"
},{
  "dateTime" : "07/23/18 16:17:00",
  "value" : "10"
},{
  "dateTime" : "07/23/18 20:08:00",
  "value" : "10"
},{
  "dateTime" : "07/24/18 06:27:00",
  "value" : "10"
},{
  "dateTime" : "07/24/18 06:33:00",
  "value" : "20"
},{
  "dateTime" : "07/24/18 06:34:00",
  "value" : "10"
},{
  "dateTime" : "07/24/18 06:37:00",
  "value" : "30"
},{
  "dateTime" : "07/24/18 06:38:00",
  "value" : "10"
},{
  "dateTime" : "07/24/18 06:43:00",
  "value" : "10"
},{
  "dateTime" : "07/24/18 07:03:00",
  "value" : "10"
},{
  "dateTime" : "07/24/18 09:05:00",
  "value" : "10"
},{
  "dateTime" : "07/24/18 10:58:00",
  "value" : "10"
},{
  "dateTime" : "07/24/18 15:10:00",
  "value" : "10"
},{
  "dateTime" : "07/24/18 15:13:00",
  "value" : "10"
},{
  "dateTime" : "07/24/18 16:44:00",
  "value" : "10"
},{
  "dateTime" : "07/24/18 17:13:00",
  "value" : "10"
},{
  "dateTime" : "07/24/18 17:15:00",
  "value" : "10"
},{
  "dateTime" : "07/24/18 17:17:00",
  "value" : "10"
},{
  "dateTime" : "07/24/18 19:17:00",
  "value" : "10"
},{
  "dateTime" : "07/24/18 21:33:00",
  "value" : "20"
},{
  "dateTime" : "07/24/18 21:34:00",
  "value" : "10"
},{
  "dateTime" : "07/24/18 21:35:00",
  "value" : "20"
},{
  "dateTime" : "07/24/18 21:36:00",
  "value" : "10"
},{
  "dateTime" : "07/24/18 21:37:00",
  "value" : "10"
},{
  "dateTime" : "07/24/18 22:26:00",
  "value" : "10"
},{
  "dateTime" : "07/25/18 05:59:00",
  "value" : "10"
},{
  "dateTime" : "07/25/18 06:03:00",
  "value" : "10"
},{
  "dateTime" : "07/25/18 07:25:00",
  "value" : "10"
},{
  "dateTime" : "07/25/18 07:26:00",
  "value" : "10"
},{
  "dateTime" : "07/25/18 07:27:00",
  "value" : "20"
},{
  "dateTime" : "07/25/18 07:29:00",
  "value" : "10"
},{
  "dateTime" : "07/25/18 07:30:00",
  "value" : "10"
},{
  "dateTime" : "07/25/18 07:31:00",
  "value" : "10"
},{
  "dateTime" : "07/25/18 07:32:00",
  "value" : "20"
},{
  "dateTime" : "07/25/18 07:46:00",
  "value" : "10"
},{
  "dateTime" : "07/25/18 09:00:00",
  "value" : "10"
},{
  "dateTime" : "07/25/18 10:39:00",
  "value" : "10"
},{
  "dateTime" : "07/25/18 16:08:00",
  "value" : "10"
},{
  "dateTime" : "07/25/18 18:06:00",
  "value" : "10"
}]