[{
  "encodedId" : "228TM5",
  "badgeType" : "DAILY_STEPS",
  "value" : 30000,
  "timesAchieved" : 1,
  "dateTime" : "2018-09-22",
  "name" : "Trail Shoe (30,000 steps in a day)",
  "shortName" : "Trail Shoe",
  "earnedMessage" : "Congrats on earning your first Trail Shoe badge!",
  "description" : "30,000 steps in a day",
  "category" : "Daily Steps",
  "shareText" : "I took 30,000 steps and earned the Trail Shoe badge! #Fitbit"
},{
  "encodedId" : "228TLX",
  "badgeType" : "DAILY_STEPS",
  "value" : 25000,
  "timesAchieved" : 1,
  "dateTime" : "2018-09-22",
  "name" : "Classics (25,000 steps in a day)",
  "shortName" : "Classics",
  "earnedMessage" : "Congrats on earning your first Classics badge!",
  "description" : "25,000 steps in a day",
  "category" : "Daily Steps",
  "shareText" : "I took 25,000 steps and earned the Classics badge! #Fitbit"
},{
  "encodedId" : "228TPP",
  "badgeType" : "DAILY_STEPS",
  "value" : 20000,
  "timesAchieved" : 2,
  "dateTime" : "2019-09-14",
  "name" : "High Tops (20,000 steps in a day)",
  "shortName" : "High Tops",
  "earnedMessage" : "Congrats on earning your first High Tops badge!",
  "description" : "20,000 steps in a day",
  "category" : "Daily Steps",
  "shareText" : "I took 20,000 steps and earned the High Tops badge! #Fitbit"
},{
  "encodedId" : "228TMK",
  "badgeType" : "DAILY_STEPS",
  "value" : 15000,
  "timesAchieved" : 6,
  "dateTime" : "2019-09-14",
  "name" : "Urban Boot (15,000 steps in a day)",
  "shortName" : "Urban Boot",
  "earnedMessage" : "Congrats on earning your first Urban Boot badge!",
  "description" : "15,000 steps in a day",
  "category" : "Daily Steps",
  "shareText" : "I took 15,000 steps and earned the Urban Boot badge! #Fitbit"
},{
  "encodedId" : "228TQB",
  "badgeType" : "DAILY_STEPS",
  "value" : 10000,
  "timesAchieved" : 80,
  "dateTime" : "2019-10-09",
  "name" : "Sneakers (10,000 steps in a day)",
  "shortName" : "Sneakers",
  "earnedMessage" : "Congrats on earning your first Sneakers badge!",
  "description" : "10,000 steps in a day",
  "category" : "Daily Steps",
  "shareText" : "I took 10,000 steps and earned the Sneakers badge! #Fitbit"
},{
  "encodedId" : "228TQ4",
  "badgeType" : "DAILY_STEPS",
  "value" : 5000,
  "timesAchieved" : 489,
  "dateTime" : "2019-10-28",
  "name" : "Boat Shoe (5,000 steps in a day)",
  "shortName" : "Boat Shoe",
  "earnedMessage" : "Congrats on earning your first Boat Shoe badge!",
  "description" : "5,000 steps in a day",
  "category" : "Daily Steps",
  "shareText" : "I took 5,000 steps and earned the Boat Shoe badge! #Fitbit"
},{
  "encodedId" : "228TC9",
  "badgeType" : "DAILY_FLOORS",
  "value" : 200,
  "timesAchieved" : 1,
  "dateTime" : "2018-09-22",
  "name" : "Castle (200 floors in a day)",
  "shortName" : "Castle",
  "earnedMessage" : "Congrats on earning your first Castle badge!",
  "description" : "200 floors in a day",
  "category" : "Daily Climb",
  "shareText" : "I climbed 200 flights of stairs and earned the Castle badge! #Fitbit"
},{
  "encodedId" : "229849",
  "badgeType" : "DAILY_FLOORS",
  "value" : 175,
  "timesAchieved" : 1,
  "dateTime" : "2018-09-22",
  "name" : "Bridge (175 floors in a day)",
  "shortName" : "Bridge",
  "earnedMessage" : "Congrats on earning your first Bridge badge!",
  "description" : "175 floors in a day",
  "category" : "Daily Climb",
  "shareText" : "I climbed 175 flights of stairs and earned the Bridge badge! #Fitbit"
},{
  "encodedId" : "228TC3",
  "badgeType" : "DAILY_FLOORS",
  "value" : 150,
  "timesAchieved" : 1,
  "dateTime" : "2018-09-22",
  "name" : "Stadium (150 floors in a day)",
  "shortName" : "Stadium",
  "earnedMessage" : "Congrats on earning your first Stadium badge!",
  "description" : "150 floors in a day",
  "category" : "Daily Climb",
  "shareText" : "I climbed 150 flights of stairs and earned the Stadium badge! #Fitbit"
},{
  "encodedId" : "229844",
  "badgeType" : "DAILY_FLOORS",
  "value" : 125,
  "timesAchieved" : 1,
  "dateTime" : "2018-09-22",
  "name" : "Rollercoaster (125 floors in a day)",
  "shortName" : "Rollercoaster",
  "earnedMessage" : "Congrats on earning your first Rollercoaster badge!",
  "description" : "125 floors in a day",
  "category" : "Daily Climb",
  "shareText" : "I climbed 125 flights of stairs and earned the Rollercoaster badge! #Fitbit"
},{
  "encodedId" : "228TSL",
  "badgeType" : "DAILY_FLOORS",
  "value" : 100,
  "timesAchieved" : 2,
  "dateTime" : "2019-09-14",
  "name" : "Skyscraper (100 floors in a day)",
  "shortName" : "Skyscraper",
  "earnedMessage" : "Congrats on earning your first Skyscraper badge!",
  "description" : "100 floors in a day",
  "category" : "Daily Climb",
  "shareText" : "I climbed 100 flights of stairs and earned the Skyscraper badge! #Fitbit"
},{
  "encodedId" : "229843",
  "badgeType" : "DAILY_FLOORS",
  "value" : 75,
  "timesAchieved" : 2,
  "dateTime" : "2019-09-14",
  "name" : "Ferris Wheel (75 floors in a day)",
  "shortName" : "Ferris Wheel",
  "earnedMessage" : "Congrats on earning your first Ferris Wheel badge!",
  "description" : "75 floors in a day",
  "category" : "Daily Climb",
  "shareText" : "I climbed 75 flights of stairs and earned the Ferris Wheel badge! #Fitbit"
},{
  "encodedId" : "228TT7",
  "badgeType" : "DAILY_FLOORS",
  "value" : 50,
  "timesAchieved" : 2,
  "dateTime" : "2019-09-14",
  "name" : "Lighthouse (50 floors in a day)",
  "shortName" : "Lighthouse",
  "earnedMessage" : "Congrats on earning your first Lighthouse badge!",
  "description" : "50 floors in a day",
  "category" : "Daily Climb",
  "shareText" : "I climbed 50 flights of stairs and earned the Lighthouse badge! #Fitbit"
},{
  "encodedId" : "228TSZ",
  "badgeType" : "DAILY_FLOORS",
  "value" : 25,
  "timesAchieved" : 38,
  "dateTime" : "2019-09-14",
  "name" : "Redwood Forest (25 floors in a day)",
  "shortName" : "Redwood Forest",
  "earnedMessage" : "Congrats on earning your first Redwood Forest badge!",
  "description" : "25 floors in a day",
  "category" : "Daily Climb",
  "shareText" : "I climbed 25 flights of stairs and earned the Redwood Forest badge! #Fitbit"
},{
  "encodedId" : "228TTM",
  "badgeType" : "DAILY_FLOORS",
  "value" : 10,
  "timesAchieved" : 313,
  "dateTime" : "2019-10-18",
  "name" : "Happy Hill (10 floors in a day)",
  "shortName" : "Happy Hill",
  "earnedMessage" : "Congrats on earning your first Happy Hill badge!",
  "description" : "10 floors in a day",
  "category" : "Daily Climb",
  "shareText" : "I climbed 10 flights of stairs and earned the Happy Hill badge! #Fitbit"
},{
  "encodedId" : "22B8MH",
  "badgeType" : "LIFETIME_DISTANCE",
  "value" : 1997,
  "unit" : "MILES",
  "timesAchieved" : 1,
  "dateTime" : "2019-10-17",
  "name" : "India (1,997 lifetime miles)",
  "shortName" : "India",
  "earnedMessage" : "Whoa! You've earned the India badge!",
  "description" : "1,997 lifetime miles",
  "category" : "Lifetime Distance",
  "shareText" : "I covered 1,997 miles with my #Fitbit and earned the India badge."
},{
  "encodedId" : "22B8ML",
  "badgeType" : "LIFETIME_DISTANCE",
  "value" : 1869,
  "unit" : "MILES",
  "timesAchieved" : 1,
  "dateTime" : "2019-08-30",
  "name" : "Japan (1,869 lifetime miles)",
  "shortName" : "Japan",
  "earnedMessage" : "Whoa! You've earned the Japan badge!",
  "description" : "1,869 lifetime miles",
  "category" : "Lifetime Distance",
  "shareText" : "I covered 1,869 miles with my #Fitbit and earned the Japan badge."
},{
  "encodedId" : "22B8MK",
  "badgeType" : "LIFETIME_DISTANCE",
  "value" : 1600,
  "unit" : "MILES",
  "timesAchieved" : 1,
  "dateTime" : "2019-05-27",
  "name" : "Great Barrier Reef (1,600 lifetime miles)",
  "shortName" : "Great Barrier Reef",
  "earnedMessage" : "Whoa! You've earned the Great Barrier Reef badge!",
  "description" : "1,600 lifetime miles",
  "category" : "Lifetime Distance",
  "shareText" : "I covered 1,600 miles with my #Fitbit and earned the Great Barrier Reef badge."
},{
  "encodedId" : "22B8MD",
  "badgeType" : "LIFETIME_DISTANCE",
  "value" : 990,
  "unit" : "MILES",
  "timesAchieved" : 1,
  "dateTime" : "2018-10-19",
  "name" : "New Zealand (990 lifetime miles)",
  "shortName" : "New Zealand",
  "earnedMessage" : "Whoa! You've earned the New Zealand badge!",
  "description" : "990 lifetime miles",
  "category" : "Lifetime Distance",
  "shareText" : "I covered 990 miles with my #Fitbit and earned the New Zealand badge."
},{
  "encodedId" : "22B8MC",
  "badgeType" : "LIFETIME_DISTANCE",
  "value" : 736,
  "unit" : "MILES",
  "timesAchieved" : 1,
  "dateTime" : "2018-08-04",
  "name" : "Italy (736 lifetime miles)",
  "shortName" : "Italy",
  "earnedMessage" : "Whoa! You've earned the Italy badge!",
  "description" : "736 lifetime miles",
  "category" : "Lifetime Distance",
  "shareText" : "I covered 736 miles with my #Fitbit and earned the Italy badge."
},{
  "encodedId" : "22B8MG",
  "badgeType" : "LIFETIME_DISTANCE",
  "value" : 500,
  "unit" : "MILES",
  "timesAchieved" : 1,
  "dateTime" : "2018-05-30",
  "name" : "Serengeti (500 lifetime miles)",
  "shortName" : "Serengeti",
  "earnedMessage" : "Whoa! You've earned the Serengeti badge!",
  "description" : "500 lifetime miles",
  "category" : "Lifetime Distance",
  "shareText" : "I covered 500 miles with my #Fitbit and earned the Serengeti badge."
},{
  "encodedId" : "22B8M8",
  "badgeType" : "LIFETIME_DISTANCE",
  "value" : 250,
  "unit" : "MILES",
  "timesAchieved" : 1,
  "dateTime" : "2018-03-14",
  "name" : "London Underground (250 lifetime miles)",
  "shortName" : "London Underground",
  "earnedMessage" : "Whoa! You've earned the London Underground badge!",
  "description" : "250 lifetime miles",
  "category" : "Lifetime Distance",
  "shareText" : "I covered 250 miles with my #Fitbit and earned the London Underground badge."
},{
  "encodedId" : "22B8M7",
  "badgeType" : "LIFETIME_DISTANCE",
  "value" : 70,
  "unit" : "MILES",
  "timesAchieved" : 1,
  "dateTime" : "2018-01-16",
  "name" : "Penguin March (70 lifetime miles)",
  "shortName" : "Penguin March",
  "earnedMessage" : "Whoa! You've earned the Penguin March badge!",
  "description" : "70 lifetime miles",
  "category" : "Lifetime Distance",
  "shareText" : "I covered 70 miles with my #Fitbit and earned the Penguin March badge."
},{
  "encodedId" : "22B8MB",
  "badgeType" : "LIFETIME_DISTANCE",
  "value" : 26,
  "unit" : "MILES",
  "timesAchieved" : 1,
  "dateTime" : "2018-01-04",
  "name" : "Marathon (26 lifetime miles)",
  "shortName" : "Marathon",
  "earnedMessage" : "Whoa! You've earned the Marathon badge!",
  "description" : "26 lifetime miles",
  "category" : "Lifetime Distance",
  "shareText" : "I covered 26 miles with my #Fitbit and earned the Marathon badge."
},{
  "encodedId" : "228TKR",
  "badgeType" : "LIFETIME_FLOORS",
  "value" : 4000,
  "timesAchieved" : 1,
  "dateTime" : "2018-09-21",
  "name" : "747 (4,000 lifetime floors)",
  "shortName" : "747",
  "earnedMessage" : "Yipee! You've earned the 747 badge!",
  "description" : "4,000 lifetime floors",
  "category" : "Lifetime Climb",
  "shareText" : "I climbed 4,000 floors with my #Fitbit and earned the 747 badge."
},{
  "encodedId" : "228T9T",
  "badgeType" : "LIFETIME_FLOORS",
  "value" : 2000,
  "timesAchieved" : 1,
  "dateTime" : "2018-05-09",
  "name" : "Hot Air Balloon (2,000 lifetime floors)",
  "shortName" : "Hot Air Balloon",
  "earnedMessage" : "Yipee! You've earned the Hot Air Balloon badge!",
  "description" : "2,000 lifetime floors",
  "category" : "Lifetime Climb",
  "shareText" : "I climbed 2,000 floors with my #Fitbit and earned the Hot Air Balloon badge."
},{
  "encodedId" : "228T9C",
  "badgeType" : "LIFETIME_FLOORS",
  "value" : 1000,
  "timesAchieved" : 1,
  "dateTime" : "2018-03-04",
  "name" : "Skydiver (1,000 lifetime floors)",
  "shortName" : "Skydiver",
  "earnedMessage" : "Yipee! You've earned the Skydiver badge!",
  "description" : "1,000 lifetime floors",
  "category" : "Lifetime Climb",
  "shareText" : "I climbed 1,000 floors with my #Fitbit and earned the Skydiver badge."
},{
  "encodedId" : "228TB8",
  "badgeType" : "LIFETIME_FLOORS",
  "value" : 500,
  "timesAchieved" : 1,
  "dateTime" : "2018-01-25",
  "name" : "Helicopter (500 lifetime floors)",
  "shortName" : "Helicopter",
  "earnedMessage" : "Yipee! You've earned the Helicopter badge!",
  "description" : "500 lifetime floors",
  "category" : "Lifetime Climb",
  "shareText" : "I climbed 500 floors with my #Fitbit and earned the Helicopter badge."
},{
  "encodedId" : "22984Y",
  "badgeType" : "LIFETIME_WEIGHT_GOAL_SETUP",
  "value" : 1,
  "timesAchieved" : 1,
  "dateTime" : "2019-06-29",
  "name" : "Weight Goal Set",
  "shortName" : "Weight Goal Set",
  "description" : "Weight Goal",
  "category" : "Weight Goal",
  "shareText" : "I set a weight goal. #Fitbit"
}]