"Y","X1","X2","X3","X4","X5","X6","X7","X8","X9","X10"
-0.437445497352083,-3.97210633475333,0,0,-0.198000823715271,-0.139753036992625,0,78.7224353913698,0,-0.113531261822209,1.81222132407533
-0.456025264979267,-3.64231765363365,1,0,-3.43562295623581,-1.68357037138194,0,82.1385445523005,0,-0.0187135153682904,0.986466869011478
-3.57910370624747,1.96657549263909,0,1,-1.8027730754364,0.980110097583383,0,76.6937818813465,0,-0.18918314606417,4.25411934130625
0.416976457713756,5.26295377779752,0,0,2.78500207263106,-1.47710086884908,1,77.6540562979522,0,0.67301155612804,8.60491762823031
3.11678789686078,-0.3483797153458,0,0,-0.522324280854755,0.541456305561587,0,74.3381120495708,1,-0.275023135263473,4.70774964885276
0.122935763470213,2.17474219528958,0,0,-0.679579014740856,0.534308051224798,0,76.3212168105551,0,0.364894143096171,3.56956695331703
1.53189433450284,2.64533318486065,1,0,0.404259609960396,-1.24985004942864,0,76.9899429931992,0,0.0628289728891104,1.04279812809621
-3.37749317522349,2.41253607580438,0,1,0.601783503471035,-1.59865117077716,0,76.1088198338859,0,-0.483618032908998,5.20357482549964
-2.14122679311567,-3.72001836635172,0,0,-2.07170406216197,0.709082576772198,1,76.5080156436782,0,0.717329912935384,1.03476566369438
1.19515411924814,-2.43018293846399,0,0,1.42757872281963,0.406622746353969,0,77.6380072453326,1,-0.485226767417044,0.198198210401536
-2.14426874657056,1.79659424955025,0,0,-1.86284672996057,0.636420154944062,0,78.169558764101,0,-0.480128657445312,0.849217056342189
-1.19831377963802,-0.0141028137877584,1,0,-1.26013583428591,0.788023155136034,0,76.9566144524865,0,0.781319161108695,4.6016829654989
-0.996061091522732,-2.18785102572292,0,1,0.033850487179224,-0.772858539642766,0,75.6825506728719,0,0.457624458451755,2.63910104129946
0.504511201036278,0.474412174895406,0,0,-2.14880977148584,-1.88185007013381,1,79.5506113304973,0,0.158730755234137,1.37014570946145
2.14508458251918,1.37196091609076,0,0,2.52595108306746,-1.20956835364923,0,80.6553584047512,1,0.931418341211974,0.523325123925289
-3.70828001744025,-2.00003775628284,0,0,0.508328896031046,-1.52462191171944,0,76.8389862462537,0,-0.15373872211203,0.679536321882725
-2.95121716505011,-3.96984138619155,1,0,1.4811361585119,-0.475856934534386,0,78.3317372888562,0,-0.133431574515998,5.00073824289219
0.383846062778456,2.08054608339444,0,1,0.824094920348131,-0.562037916388363,0,78.2023913281303,0,0.8053947027307,6.27617235603909
-2.03719529565654,-1.28435803204775,0,0,0.805703319113608,0.492191712977365,1,77.8053559069417,0,-0.133170968177728,2.75597404380251
0.729344425924104,-3.93103128392249,0,0,0.542833059944035,1.69702153392136,0,80.3012347882737,1,-0.587941703922115,3.76658535062812
-1.38637289410775,-0.942328745499253,0,0,-0.00165517673060857,1.01792810764164,0,79.1609220021247,0,-0.873983372631483,1.59547973327291
-0.0224796206489563,-3.8435621149838,1,0,1.97686519618357,-0.0860230945516378,0,81.2408496311472,0,0.264031754760072,3.60875130044831
-0.365930692684076,-0.806179503910244,0,1,-0.444168487365763,-0.683962363237515,0,78.0412630714343,0,0.761658664303832,3.89139987415587
-1.58020044797119,4.7680772296153,0,0,1.02852121395492,-1.22543795220554,1,76.5467649504526,0,-0.0645001343451441,1.64959743059586
2.45504207978408,1.36668556509539,0,0,0.148162190939037,1.24918134491891,0,79.9380150722718,1,0.787463899911381,2.62956832253776
-0.259336986932539,3.54821178503335,0,0,2.63607120319704,1.42387645826675,0,76.3441938952964,0,0.201120570814237,5.47272685236811
-0.178642110912477,4.20139322662726,1,0,-0.986529398336737,-0.521640746621415,0,77.45867346468,0,0.093899775436148,8.35332397042548
-2.20806148534168,4.10638409573585,0,1,0.425498302822108,-0.484136467659846,0,82.6743530801403,0,-0.159225214505568,2.24913164530055
0.828003591249954,5.15904314490035,0,0,0.188524412001014,-0.071562132658437,1,79.3777343461111,0,-0.0341657566139475,0.547495701594497
2.30180261760603,-2.27254217118025,0,0,-0.55358810100266,-0.523758924333379,0,75.009761888536,1,0.222641936480068,2.06439365145625
-0.121589745687145,5.05735338572413,0,0,-0.307149116227016,-0.957093141227961,0,79.1655015240241,0,-0.463383433129638,4.73859563141676
2.12254710326206,3.63951980974525,1,0,0.338846760916576,-0.253375736251473,0,78.3711063761645,0,-0.381292508682236,3.17454881330975
-4.3876080275096,3.51356994733214,0,1,-1.92738130045159,-1.5932989844121,0,78.9137713233453,0,-0.809226748649962,0.533719742944798
1.38867628831305,-1.04651214880869,0,0,-1.06518496156591,0.758918793685734,1,80.5202816612182,0,0.135319182183593,5.35644821697245
1.59141377182904,1.88666097028181,0,0,1.08648306067557,-1.04138682698831,0,79.3304494634842,1,0.842579655838199,0.660073667309583
0.331089882447947,-0.993906195275486,0,0,1.77191220404153,0.479356553871185,0,78.0596051715969,0,0.248970609041862,1.87768000344329
-1.15981872398104,4.12095762696117,1,0,0.528741377399111,0.632237895298749,0,77.2698943723468,0,-0.0562779993517325,3.93402837992905
-3.14195907027915,-2.53811604203656,0,1,-0.910310627269249,1.77190647632815,0,83.5679858816051,0,0.17175921194721,5.88639743394241
0.438159273879673,-0.238087329547852,0,0,1.2524412228094,0.0584398591890931,1,80.763032586265,0,0.637844894826412,1.69179940084321
1.02219174387407,1.40430067572743,0,0,1.27532849482328,-1.48928655479103,0,78.5263974824842,1,0.269494762620889,5.61433775763293
-3.85366778218339,2.74382224446163,0,0,1.48109522101463,-0.932411871897057,0,81.6214843282497,0,0.796237966325134,0.884246580135125
1.27075441325116,5.6880409726873,1,0,0.120798586749085,-1.43244101419114,0,74.2309936561969,0,0.983922775648534,0.751127562626417
-3.19503377263154,5.1663769655861,0,1,0.234659540213807,0.123683747742325,0,81.315987559487,0,0.164675970398821,2.95344685769688
-3.352105052556,0.921776039991528,0,0,-1.48563548813432,0.270822616387159,1,77.1705527852163,0,0.594396552210674,5.03623212142835
0.329652136484215,5.24754002364352,0,0,1.80125784273134,1.37815464902669,0,76.3137903315613,1,0.638944223732687,2.95449151496268
-1.79809571636866,-2.59551728935912,0,0,0.0704981561094799,-0.335990823153407,0,80.0767582081432,0,0.609067899896763,4.25623555604192
-1.06554284444224,-0.504476077388972,1,0,0.3959189567088,0.559882491035387,0,80.3328593557788,0,0.59689083059784,0.295585451677974
-0.687427651644003,1.68518754793331,0,1,0.420474777941605,-0.515954742534086,0,74.4035153690535,0,0.66956003762316,1.04013936388161
1.96367448253716,2.0231235739775,0,0,0.734707104981401,-0.319930118974298,1,77.7272809963527,0,0.743798525212333,5.16805008839876
1.65719759111891,3.03001937828958,0,0,-0.890198068451073,-1.96048491648398,0,78.7514625916121,1,-0.654297351767309,4.50764167453275
-0.258030259057864,-2.33154734689742,0,0,0.0322861142276416,-0.247064532293007,0,75.6779215100246,0,-0.334407402202487,1.7323683808952
-2.52697272987395,5.74546589655802,1,0,-0.242395895140777,-1.54454125287011,0,77.8917092379727,0,0.863737183553167,6.80583291425948
-2.60379733159377,2.12811032449827,0,1,-0.0557321414272664,-0.185587983578444,0,74.3877401092496,0,0.157327027642168,2.6464951680667
-3.29055784019124,5.20929974410683,0,0,1.63110598793471,-0.810562534676865,1,76.6658601527513,0,0.245030097151175,0.240251103749917
3.90889428139748,1.50549989566207,0,0,-0.789446941593661,-1.45147705432028,0,81.176450543966,1,0.288614161848091,0.36502023975788
-4.66748404566379,3.26201636251062,0,0,1.42278830178256,-1.46620623986237,0,78.202477255524,0,0.0399106422672048,5.0007826642638
-1.54276530210006,-1.15686346637085,1,0,1.04806833605832,0.542529644304886,0,79.5282090344283,0,0.100956815807149,4.51654592709756
-3.86461722584847,-2.19640947738662,0,1,2.32859492305759,1.18184949927963,0,77.6096798456256,0,-0.434048071946017,4.45305173368492
-0.467110968070823,-0.64349201368168,0,0,-1.02824610109617,-1.33244194774888,1,78.3188747960181,0,0.0585832943441346,1.17963479586881
0.413125888230831,5.42995319608599,0,0,0.222080942219487,0.109985282225534,0,73.26771611917,1,0.201268687890842,3.05701399454923
-1.43731080394785,1.83291311282665,0,0,-0.886335894598125,-1.44823823967017,0,81.7151404750921,0,-0.349943864741363,3.95827997328642
-3.35116904615623,-0.807923472952098,1,0,1.07334275161065,-1.52171152308583,0,78.3692626965023,0,0.845978233171627,1.11370763168182
-3.88823539813226,-0.0744956275448203,0,1,0.209343625389484,-0.611163385445252,0,73.9849045697471,0,0.206244355533272,6.24869044809631
0.74523410197437,5.45404379861429,0,0,2.01288640335463,-0.470685556996614,1,77.616830434165,0,0.965197117370553,2.72333739107279
0.112569587549969,4.61272050300613,0,0,2.53665740427459,-0.753608877724037,0,74.5024433805082,1,-0.129328520037234,0.959091199527011
-1.34354012782821,2.45328995771706,0,0,-1.83726971301804,0.991611370444298,0,75.0574410175242,0,-0.136597057012841,0.235134780201566
-0.177981982854963,4.45739536685869,1,0,-0.872944563930103,-0.204923120047897,0,79.2986655863114,0,0.421345991850831,2.36024990907099
-2.56472040344469,1.13512725476176,0,1,0.441516394783455,-0.79514812650159,0,79.8776929286943,0,0.260166129539721,0.868702213952447
-2.47408753105455,-2.56333304662257,0,0,0.938916192122052,-0.257660655956715,1,79.0438684976235,0,-0.461524437740445,5.48250546769112
1.82293468617146,1.41456348961219,0,0,1.08772698517733,-1.64426902821288,0,77.859507062786,1,0.650366036617197,1.15527428550901
-2.38458489543996,3.33493293169886,0,0,0.284237970301926,1.20196412652731,0,79.3490338030353,0,-0.473534591984935,2.87584485942454
-0.357478888750132,-3.78223845595494,1,0,0.488446338639757,-0.268801345443353,0,80.8706652116976,0,-0.00452364329248678,3.76860516404987
-4.37471037899576,-0.953073150943965,0,1,0.660744634298952,1.20664184535854,0,76.6832959167263,0,0.284318209229968,7.08930551508843
-1.86604469286918,-1.44734056293964,0,0,0.544913498772148,1.47068628612906,1,80.4041616370445,0,-0.144360773148947,2.63985890615054
1.92795123147609,5.75605136714876,0,0,-2.10858785879306,-1.94252075259574,0,77.0906746478763,1,-0.159536816435866,9.346043014286
-2.87101755908538,-3.4613740616478,0,0,-0.496663002488391,-0.985437785321847,0,75.3627297469489,0,0.309724197164178,3.8274616708843
-1.49248560462375,1.173531093169,1,0,0.993930243635001,-0.950317571079359,0,78.6438553000958,0,-0.772456392413005,3.80291225814808
-0.837939156454009,-3.1054056910798,0,1,-0.467530531802187,0.27085931962356,0,79.780997985869,0,0.388692155643366,1.06718602511079
-2.82142727069562,3.51399284927174,0,0,-1.64999256133738,0.683211390534416,1,77.8609158601917,0,-0.32087922708597,3.71814237569151
-0.992376882948449,0.220413670409471,0,0,-2.41987885151547,-0.629768481943756,0,73.2639134024919,1,0.768733187462203,0.531948349107409
-0.552771177184221,2.00303571205586,0,0,0.753423848557754,1.36930027282797,0,78.0049183600467,0,-0.319081455958076,2.00502006743761
1.38845529412019,5.15536950342357,1,0,-0.325603323350582,1.19382380628958,0,75.8870829229575,0,-0.693099997099489,3.81050004081205
1.61661759078751,4.61628514248878,0,1,0.880228986790695,-1.6348523565568,0,79.3629083674132,0,0.902823152672499,1.6335305591775
-0.174211114890165,1.68798082647845,0,0,0.596317947871619,1.43123139524832,1,76.8434268167451,0,0.7973771574907,0.237331975149386
-1.19970806856906,0.926490287762135,0,0,-0.167886254715004,-1.63520834892988,0,78.8228457797973,1,-0.819883728958666,3.09491506645861
-0.771798632426487,-0.697697876952589,0,0,-0.718082704269495,-0.14163381154649,0,77.8010372915205,0,-0.28603054813575,0.60271739935946
-2.81321891125187,0.227308412082493,1,0,0.117138839689998,-1.37705304259434,0,76.3338456240423,0,0.939527391945012,0.751365190479396
-3.46326496001197,-3.44679976440966,0,1,-2.66249368306752,0.931377105601132,0,77.3751828324446,0,0.290623186272569,0.875548220429015
-2.08275163769519,4.26476194197312,0,0,-0.0213225578644587,-0.620524844760075,1,80.9205271132918,0,-0.79647595549468,8.0093158858976
0.302126475541288,-1.71645714063197,0,0,0.50760626072618,-0.26713025639765,0,78.5990306626434,1,0.130532506038435,0.377083793313097
-4.57776696411858,2.72361258650199,0,0,2.74715641176767,0.144200999336317,0,83.858652254595,0,-0.0982570583466441,1.2616426817144
2.24806398317663,5.65254031587392,1,0,0.176720771553383,0.846267903549597,0,76.234304520679,0,-0.700159979285672,0.575357611955549
1.57194944580986,-2.14642895944417,0,1,1.39181016719024,-0.0906446171924473,0,74.6585480942381,0,0.955240258993581,1.59569733592832
1.13293527363371,5.94717308552936,0,0,-0.470777002648034,-1.547418840928,1,76.0982006283372,0,0.301716716913506,2.21201844810938
-1.73069477365516,3.10755965672433,0,0,0.0934218371805906,0.801062321383506,0,76.9279767898462,1,0.848428882006556,0.745310484943521
-1.93621146629088,-0.411672257818282,0,0,-0.277922827218276,-0.486189900664613,0,76.3034833517712,0,-0.208315659593791,4.09699571498881
-0.954851865275142,-2.73864266090095,1,0,0.291052898674725,-1.59009645362385,0,78.2802527316999,0,0.00591957720462222,2.13207298555346
-1.30909717240485,-0.694976745638996,0,1,-0.514476742947052,-1.3353635373991,0,73.6319772379447,0,0.452637573424727,3.16817459118838
-1.76855962505014,-0.543796141631901,0,0,-1.76997571641426,0.213107621204108,1,77.2326561204612,0,-0.66701040386688,1.160808623378
2.96141823004523,-2.55248697567731,0,0,-0.135690559808302,-0.975869807926938,0,80.305245340222,1,0.801435305271298,2.96586288603434
-3.45187550593273,0.775110685732216,0,0,-0.559339037609564,-1.49529318842106,0,78.4807273752184,0,0.601781541272067,4.48562930621796
0.485611921470875,4.43989897053689,1,0,-1.07043359684776,1.56377463056706,0,79.5922670846086,0,0.304845896083861,1.30530707424642
-5.3456918760968,-0.504490708466619,0,1,-0.128367321343801,-1.8383876634296,0,76.2588332852728,0,-0.341863522143103,1.11126724999117
-1.4395455030264,1.21924699656665,0,0,0.668533513707136,1.19908372405916,1,77.7340842014688,0,-0.40834884387441,3.23761592879933
1.40347568331704,5.8910000314936,0,0,-0.147502652502516,0.857116835750639,0,76.4950980226863,1,0.689402491226792,2.9494222250861
-1.65447788874194,2.74484103219584,0,0,0.5193774681886,0.0434817110653967,0,76.8544868221552,0,-0.330687853367999,0.200057301731713
2.67192962335787,0.206642797216773,1,0,1.89355443062865,1.7107278985437,0,78.2517957970607,0,-0.361645580944605,5.26648244222151
-2.52175975765021,0.308730710763484,0,1,-1.08161670127904,0.431439806334674,0,79.1759716754967,0,0.278021017159335,7.63752541506229
-2.22543961105808,2.11167017603293,0,0,0.899534364454658,0.864347873209044,1,78.4737834958777,0,-0.131193908234127,3.05334047600968
-2.14119089039239,3.99499017186463,0,0,1.11200182426738,1.2528905314859,0,76.8876192281471,1,-0.133793098386377,7.50406575836453
-6.19437695993217,2.76294931210577,0,0,-0.613178689078671,1.04979816200212,0,76.7577277009239,0,0.668943028827198,0.394688946700866
-1.44886140329131,4.01079353550449,1,0,-1.44434303358007,1.36911963564344,0,77.4635467896198,0,0.633190367673524,2.5761413195292
-2.9541948994475,0.975177936721593,0,1,-0.285610408944882,1.03696064855903,0,79.0486345290053,0,-0.295300056040287,0.986968999689269
0.596985797572379,-2.75367496395484,0,0,-0.676964264004089,-0.0734597282018514,1,81.3129207435916,0,0.673909732559696,4.51077229593913
2.21655574704892,2.1474960972555,0,0,-3.77322196963216,-1.25831763930619,0,78.5787898399672,1,0.507634087186307,3.07062226463836
-2.03926194079735,1.03412647405639,0,0,-0.627635856280255,0.468005202990025,0,82.201867078392,0,0.620677136047743,0.903774516362871
0.158332476739671,3.37165422411636,1,0,1.06583783782198,-1.54621164649725,0,76.5997913991098,0,-0.394408506294712,2.75149863354926
-5.37289485273537,3.50286397524178,0,1,1.65446797437134,-1.43559506474994,0,77.8935679519373,0,-0.68841020045802,0.196871187799918
-2.34384210628106,2.8357909633778,0,0,-0.976830162545232,1.26271480866708,1,78.8443044182825,0,-0.143608961533755,3.09901583520769
-0.170097667113588,-2.91713824123144,0,0,0.0957462257784719,-1.23078432483599,0,74.8789842770395,1,0.274297657236457,7.80271953748744
-2.82963795255623,0.218344897963107,0,0,2.22596251675931,0.819020584831014,0,78.0506709377943,0,-0.527585993427783,0.0689961586602211
1.4674735090494,4.70822474826127,1,0,-0.466445477965183,0.0222996048163622,0,80.2878274971027,0,-0.777022832329385,3.87947921458775
-1.86598324319942,3.61082726763561,0,1,-0.853070345490046,-0.844433466624469,0,80.6327621517512,0,-0.0589893350377679,2.67489977781757
-3.82304532376102,4.9291621861048,0,0,0.800589481735914,1.27744826935232,1,76.672502676546,0,-0.52885701241903,5.80189214312008
1.02015391864221,-3.21093014767393,0,0,0.0153242263660074,0.239111753599718,0,77.908046504726,1,-0.610898960730992,1.21563528893316
-4.70939008859136,2.44731027539819,0,0,0.174092329169939,0.61415570313111,0,74.971374499143,0,0.836890447605401,0.215134879752798
1.85143811460461,-0.185098998248577,1,0,-0.0201529838454095,0.195322986785322,0,76.3571765852981,0,-0.807018454954959,7.08553910708142
-1.89870052910266,2.37004249030724,0,1,0.573263367240609,-1.99508213084191,0,75.3164752992278,0,-0.56617597870063,1.11949788278753
-1.35494120531853,5.92652539396659,0,0,-1.31770700671277,-0.131942595541477,1,77.0812082266333,0,-0.781882456643507,1.06150619284315
1.54903064462683,3.61001286329702,0,0,-2.95853747947779,-1.27109112911858,0,77.7559550771698,1,-0.622530366666615,4.59921571376476
-2.05669457959513,-2.14209557371214,0,0,-0.0695857749467616,1.58886819020845,0,79.8297772977144,0,0.95647735465318,1.06855942027604
-1.92296741957975,2.65998416719958,1,0,1.10315720613933,-0.0109285931568595,0,76.7482500323853,0,0.254333084239624,0.921692837050008
-1.84772924351081,-0.507446512114257,0,1,1.54360596913698,-0.714082150813192,0,78.2439708086973,0,-0.596051592519507,2.8212833412865
2.31914853662452,-2.17310960730538,0,0,1.21065309800636,1.26364041431807,1,80.199446962357,0,0.727008472057059,6.97949262678263
2.0368239096816,-3.56407730700448,0,0,-1.22741783557069,-1.78173885727301,0,77.5022621172556,1,0.980542464996688,3.67260343157457
-2.46209163403775,-2.04693246027455,0,0,-0.365819929581448,-0.377944901492447,0,78.5282841264841,0,0.9274513091892,0.643359740293535
-1.09655740418574,1.57516731787473,1,0,-2.94339830541789,0.197202752716839,0,76.9642102161249,0,0.682767654862255,0.664130378106291
-3.04712181170054,3.38553480245173,0,1,1.12882622342602,0.203808342572302,0,78.0871889729287,0,-0.866781237069517,2.2679979157196
-2.08331730492085,4.06453324388713,0,0,1.24850219707444,1.41677787504159,1,79.0848112175702,0,-0.554037579451688,2.04258194895113
0.744566789522036,1.22895157337189,0,0,1.00557999740354,0.517409987887368,0,80.4625249040658,1,0.431657733558677,3.49770953839011
-2.71389907225691,5.74779709707946,0,0,-0.724116536432208,-0.112651048367843,0,79.7344607782409,0,0.403548215259798,1.19232981678077
0.168696196001506,-2.03739975206554,1,0,-0.00652872568038307,-1.73305615838617,0,78.7289011810903,0,0.742863406660035,1.99317743895085
-2.82455662307487,4.27368861762807,0,1,1.20735858906601,-1.21637134770863,0,73.8913259137407,0,0.3380153701175,2.80447436714144
-0.49775437616321,0.730549694504589,0,0,-1.04820844805705,-1.49676451450214,1,77.2502993159703,0,0.207348799658939,1.52058322043094
-0.329778225589221,0.959276786539704,0,0,-1.42631885661257,-0.931606730259955,0,78.1951847955921,1,-0.00757032069377606,2.08929550642119
-1.24237924448968,3.73736183997244,0,0,-0.70376398481331,0.0107649500947447,0,76.2098350362811,0,-0.288529425929301,0.568957792720315
-3.55407871239563,-2.72319734655321,1,0,-0.0396355526630833,0.496139090135693,0,80.5391036975482,0,0.88540231063962,8.3669804140195
-1.19654453628897,4.98663286585361,0,1,-0.295010050902787,0.635952502768486,0,79.3939976534012,0,0.760081923916004,0.960158144842729
-3.45175685567533,3.45636897860095,0,0,-0.18787078197664,0.526935734972358,1,78.2384207008131,0,-0.0182242362061517,2.2589539513929
-0.339965826987996,-0.909334131050855,0,0,-2.96995530275239,0.783653903985396,0,77.238231632347,1,0.724571969592944,0.0252363135725684
-4.01919839066635,5.66184516204521,0,0,0.97980549381075,-1.49921373003162,0,79.46924459282,0,-0.755429926584475,4.64845305022553
-2.99449978115519,-1.01562351547182,1,0,-0.886760774148419,-0.573184611601755,0,78.4254910174611,0,0.823343476722948,2.54434989242591
-2.61540908567104,3.35058307647705,0,1,-0.601053195299115,-0.239244849560782,0,76.6809180928051,0,0.352408494637348,3.64531235648704
0.686719488862725,-2.31170132383704,0,0,-0.948094025030216,-0.182242106320337,1,77.3419170787876,0,0.495514421770349,3.70236144957173
0.0892731568310841,2.32615544134751,0,0,-0.679160467569019,-0.272256657341495,0,77.1315080856144,1,0.701243936130777,0.963760504891142
-2.72780424017452,5.19587546959519,0,0,-0.0427564527470417,-1.07071372326463,0,74.0058027665919,0,-0.755408493801951,0.538563052209073
-1.85258862523623,3.4794765166007,1,0,-1.72948180659925,0.401798722427338,0,79.2409027165443,0,-0.155287689552642,1.4034156117162
-2.34294196936443,-0.740319554228336,0,1,3.66752024020168,1.4647315248847,0,76.1252257227084,0,-0.601643529743888,0.513872388289759
-1.30420484668349,2.34045680286363,0,0,-0.327397250082534,0.613533175224438,1,76.4791192889181,0,0.500492809596471,4.58342205315453
-0.904681247807174,5.56916991155595,0,0,1.27193791265159,1.15789422127418,0,72.1589885663527,1,-0.275514940847643,3.97424232116258
-1.59067411758602,4.67607628460974,0,0,0.395384242704689,-1.97940208073705,0,74.8016591524505,0,0.326801890390925,3.50851894584791
-1.52345352639241,1.98939433228225,1,0,-0.501059717403619,1.08867838853039,0,75.4807247838253,0,-0.471535366680473,3.40933481031972
-1.76448414762423,4.50773127516732,0,1,-0.475934398948975,0.724876989610493,0,77.2005783496179,0,-0.69262833786197,3.09760984684786
-2.41716346869153,1.93627242138609,0,0,-0.6614135437264,-1.42737362738699,1,72.79918895311,0,-0.333665061905049,3.36483862340049
0.905327153960073,2.95234280778095,0,0,-0.190574684332707,1.74988018767908,0,79.4339304083702,1,0.220124790235423,5.59886469051386
-5.58434317981638,-3.65547663392499,0,0,0.351665234461182,0.402206618152559,0,77.0420606410151,0,0.644386286311783,6.19345626569331
1.41312554484459,2.16200086893514,1,0,0.209946487873592,0.88247200017795,0,79.4222731975039,0,0.0584948956733569,5.19350817843626
-2.25669866903119,1.33493336522952,0,1,-0.519917194336232,1.38804645966738,0,76.5626941254211,0,0.446229624887928,3.88363266563534
0.0918884009642241,3.7909969072789,0,0,0.347977103606894,0.422530458448455,1,78.2941829304246,0,0.668323256052099,2.83487274869952
0.733484207338724,-3.62183817755431,0,0,0.531566312709848,0.17372653405182,0,77.8629674075846,1,-0.422765969182365,0.769329000824581
-0.608774188652403,2.25483748270199,0,0,3.88693474961755,-0.53584497962147,0,76.088734736388,0,0.850695559894666,0.401288682285053
1.24970497437273,-3.69784811604768,1,0,-0.0849635032377629,1.71953554721549,0,75.0954428174904,0,-0.0697099226992578,4.71694490080654
-4.65640703279344,1.70107279345393,0,1,-1.15929063396492,1.7031233036425,0,73.448560196393,0,-0.406029700813815,0.767869548346868
-1.03410198334667,0.223962253890932,0,0,-0.209860821452137,-0.746305898949504,1,74.7200128753302,0,-0.00717295268550522,2.50247526516914
-0.487769310330978,2.00361680146307,0,0,0.464478758494335,-0.0185788928065449,0,76.5910352980608,1,-0.11826085569337,2.53734348450935
-2.36369624181385,1.92521238140762,0,0,2.19241345339687,-1.63151004752144,0,75.6484400211406,0,-0.637231820402667,4.74341487889772
1.95998736892846,0.158426884096116,1,0,0.44173960480303,-1.96116306371987,0,83.1222485630735,0,-0.331032951292582,2.09956900925789
-3.7189955362542,1.6158794905059,0,1,-0.198556618468143,-1.57672750325873,0,75.2004369731197,0,-0.694467435521074,0.364861893208379
-0.110888093865009,1.72744251927361,0,0,-0.463932105458493,0.565359347546473,1,76.4850361918065,0,-0.0765054772840813,3.58477035489962
1.99758667635393,-3.94094090070575,0,0,-0.0700543088012463,-1.72695805509575,0,77.7731426804154,1,-0.563269536965527,2.25167421733596
-2.21507589260428,3.53734946483746,0,0,0.43427326165443,0.262643619906157,0,79.2558763501736,0,-0.10508763291873,1.55696344601299
-0.412212715256403,3.46226421557367,1,0,0.737084620314881,0.711500019812956,0,76.458705691939,0,0.993226022855379,3.30379440765386
-2.72256692592722,-2.98831812664866,0,1,0.241177075358988,-1.98243347043172,0,77.9851421884323,0,-0.20260666157119,3.57562220438564
-0.825301146352225,-1.89255440002307,0,0,-2.85257146899194,-0.476129681058228,1,75.337224165479,0,-0.0135964685119689,5.1237668189129
0.151741825213218,1.34168109763414,0,0,0.571033477220969,-0.862863070797175,0,79.2154454052975,1,-0.424886761792004,2.15239054494999
-1.17927245302738,5.16628351435065,0,0,-0.286787194908917,0.615911106811836,0,80.1693878711041,0,-0.526910410658456,3.64300180159488
-0.873460196380623,-0.787577003706247,1,0,-2.92917359154399,0.289281889097765,0,82.9966020142084,0,-0.812317735981196,0.719709831464011
-0.0519290827094265,-1.9472801880911,0,1,0.696438078093364,-1.05685104164295,0,78.9562992411832,0,0.748395449854434,1.64665986347378
-4.87021079248266,-2.48726760130376,0,0,1.22952029356178,1.62420110167004,1,78.1673134747377,0,-0.842681249626912,0.707347614812918
2.44687773307886,4.09626658679917,0,0,0.608336958397247,1.75542059005238,0,78.46888558405,1,-0.00780591894872495,3.0811583871422
-4.12401392864765,1.86155337980017,0,0,-1.34722386106355,1.58864068747498,0,77.9292613731668,0,0.784589723474346,0.563303275512304
-2.5811721588786,5.9020219151862,1,0,-8.26242031185073,1.7528944210615,0,78.4943424104481,0,0.126908580353483,2.58504747581765
-3.26409158118493,-1.04112241743132,0,1,-0.541556185021825,0.570524581335485,0,75.3964548021725,0,-0.750459431670606,2.0158901260997
-1.93211757778515,2.04778312379494,0,0,-0.121816549442338,-1.3181760950014,1,78.6421701152678,0,-0.445913549046964,3.82141175562882
2.03844564755861,4.93289599800482,0,0,0.0454916215726972,0.6614975518547,0,81.6100006246107,1,-0.20210064148996,1.27724364868409
-3.0613397608643,-2.11682137893513,0,0,-0.586925369824513,0.454631828842685,0,75.9150452959534,0,-0.265505387703888,5.3738290230334
1.52375501413121,-0.177564514800906,1,0,0.770643116191507,0.202211291715503,0,75.9323318663741,0,-0.317323336517438,3.17397113265067
-1.85137816936861,2.64091760991141,0,1,1.19672654361355,1.370280993497,0,78.2280364844915,0,-0.0605449580587447,2.50347606238452
0.678394990181277,3.93206561589614,0,0,4.40692395430034,0.778233647113666,1,77.7151826906173,0,0.0896417164942249,4.42571768745389
-0.937571409364852,-3.00972317904234,0,0,0.316017255960574,-0.335153715265915,0,77.7308727441242,1,0.522044032253325,0.862866106427851
-2.77500708967095,-2.78096974920481,0,0,1.96158999857137,0.405059872753918,0,75.6061992453068,0,0.278443368477747,4.06314536545131
-0.00341341976207743,5.74987713387236,1,0,-2.86720988090977,-0.504160512657836,0,77.5695895321892,0,-0.666183602949604,1.31224236527862
0.373789671135278,3.13504106039181,0,1,0.595585159665502,0.691118834912777,0,80.3157192197933,0,0.794579544779844,3.16133154913243
-2.72295368615076,-3.87207756377757,0,0,0.793374940580972,-0.0900390500668438,1,75.5185581908408,0,-0.175709374179132,2.585439390435
1.41469746064052,-1.50190239166841,0,0,-0.191514970149009,0.0778391750063747,0,75.9257589585975,1,0.262453964166343,0.58942950319255
0.00341235754457991,-0.735791743267328,0,0,-0.524425659324321,-0.541168271610514,0,80.2876684612035,0,-0.272447666316293,1.00435521725715
-0.692961316472772,-3.87698264187202,1,0,-0.134934112734225,1.64426596313715,0,78.734725840234,0,0.459553995472379,2.9496203152879
-0.864581306717622,3.63091063126922,0,1,-1.10762410711059,-0.0205981299746782,0,77.8463040918584,0,0.718737814365886,6.85504550882594
-3.18415028650385,2.28385167568922,0,0,0.823906999076338,0.285864229779691,1,77.4541768694108,0,-0.200416861497797,4.93138276555674
-0.0510389078847435,0.417089626658708,0,0,1.19282899127526,-0.452077977871522,0,78.0198143661165,1,-0.201449442165904,1.43409979996382
-3.52349379677345,5.39746391028166,0,0,0.163379073916409,0.783721207408234,0,78.4162096164627,0,0.473631550371647,1.17826561382345
0.817836052536493,2.72647790284827,1,0,0.16857783065841,1.02253120345995,0,78.1836672835122,0,-0.548875049035996,4.13861997418229
-3.60899406291302,-1.13364209281281,0,1,0.648245435028182,-1.75945308282971,0,79.0391673591885,0,0.21776578403078,1.23527016826164
0.957887385126746,5.30067951092497,0,0,-0.775822174073182,-1.45858037895523,1,79.1047603788086,0,0.859549184935167,1.67035746837814
0.777700562331957,1.83951002452523,0,0,-0.0583516668525762,-1.22399888965301,0,74.3965751761746,1,0.511356474761851,4.23268630372113
-1.93837879482856,3.00702855130658,0,0,0.318832388326374,-1.12954356553964,0,80.173781993025,0,-0.248675386467949,1.62860844048939
-1.98755068321578,3.17047367943451,1,0,2.00023975803162,-1.29065997842699,0,77.9245999296902,0,0.679161667171866,4.8618385636097
-1.68781555699409,1.83524937974289,0,1,1.16535832629916,0.943666929146275,0,76.6844477594094,0,0.429763204581104,1.63922682105527
0.372962623021412,0.31715130340308,0,0,0.241167018237237,0.134070257563144,1,79.210587843397,0,-0.521898446325213,5.81933922397001
4.09548733228127,0.590141314547509,0,0,0.357970699916945,-0.979718920495361,0,77.3135590704924,1,0.0794311152771114,3.01205757245747
-2.84692073644178,2.51494184043258,0,0,-0.0234212912822508,0.380176042858511,0,76.3848907420911,0,-0.505578105500899,5.96376138247931
-0.375416587269611,0.413011386059225,1,0,0.322944540465393,1.51352837504819,0,80.7598221378226,0,0.133612724114209,6.31457141278031
-0.936476061964601,0.4389259070158,0,1,2.36145156041096,-0.23987786625512,0,80.4678202181559,0,0.464028486190364,8.64769021210931
-1.35755152626729,-3.50611340347677,0,0,-0.994774049161042,1.25674395193346,1,77.5310614476586,0,0.405807910207659,0.617473620563142
2.23572921665997,2.06288728769869,0,0,2.55172378537934,-0.230995442392305,0,76.8907347738729,1,0.884184557967819,1.07584115435604
-1.55340693987538,-3.75538203725591,0,0,1.58954812680021,-0.161458796076477,0,78.0480899317351,0,-0.688853009114973,0.986741365581552
-3.059024347358,0.92671333020553,1,0,0.965213116221886,-0.1463124752976,0,78.0844552399385,0,0.769392758794129,1.21182586355172
-2.98085369068349,0.511059168726206,0,1,-0.883449750583713,0.996960008936003,0,81.2780055736584,0,0.599251386453397,1.85140126502072
0.350128120652363,1.44375697150826,0,0,1.23409059980064,-0.664764794893563,1,77.3709470295874,0,0.061472605424933,2.71817668339828
0.783167340399456,4.61556822201237,0,0,-0.188452612203614,-0.687266766652465,0,75.8761892244926,1,0.927451221598312,5.29509849341015
-1.1956954104343,-2.51626467891037,0,0,-1.2485824013905,1.42138367821462,0,75.6177572633426,0,-0.0600112862419337,2.02753041975827
-1.97830294581939,-2.83652049815282,1,0,-0.252268301438397,1.30502458298579,0,79.9296455108305,0,-0.15819859134499,0.504107880440589
-3.28689766139254,4.42863963684067,0,1,0.261131997977726,1.42651568674482,0,78.7446172722736,0,-0.10664514710661,3.19185241881152
0.295702368416306,2.34547251043841,0,0,-0.55575534029724,-1.13003479824401,1,74.2292020145853,0,0.0418540204176678,3.32425956574253
-1.12393328068343,3.98831542255357,0,0,1.07479389756507,0.524783131387085,0,79.0545053520882,1,-0.66483276123181,1.83899720117335
-2.66621714006842,1.15040011145175,0,0,0.117888025968922,0.251237131888047,0,79.9416159789274,0,0.941330740135163,5.57654330308654
-0.0286720913285947,1.70447356905788,1,0,-2.20295117737408,0.951898307632655,0,77.6999046837949,0,-0.163577661477029,3.02761263418008
-0.384870800548942,-1.26836677873507,0,1,-0.18013336877272,-0.16886469591409,0,80.9406437865454,0,-0.637900255667046,1.64317497445939
-0.283708972053437,1.0623689731583,0,0,-0.420106116178892,1.13152234251611,1,78.0131152808813,0,0.683158224401995,3.09610264446418
-1.06635250812239,3.76722194859758,0,0,0.218732152464268,-1.46619727639481,0,78.3489530579539,1,0.989837283128872,2.98325149914786
-2.59790132728318,-0.0999847180210054,0,0,0.263485826764616,1.73825149838813,0,78.7181865608253,0,0.0528493484016507,0.568052444863169
0.775665360524756,3.80409073689952,1,0,-0.871033141224785,-1.20067179226317,0,76.5721956064046,0,-0.0799818968167529,2.23889616473202
0.421527360845201,-1.95163849834353,0,1,-0.348958220565729,1.0248157852795,0,80.4328414847997,0,0.867839496163651,6.14036758169515
-0.871919062974586,3.52942661987618,0,0,-1.71487171295196,-0.451207804866135,1,78.1095650965123,0,-0.456707889121026,2.78606662883183
1.59729337942248,3.27288190741092,0,0,-0.0377285086011115,0.923561629001051,0,76.9028124247199,1,-0.410048577352427,4.36200901013376
-0.4351441459355,2.71383962733671,0,0,-0.286668658223692,-1.14944577692077,0,75.5242714223336,0,0.397992353094742,5.29649223657602
-0.995176643205566,-3.74498419789597,1,0,1.40273891076115,-0.42148042623885,0,78.0127442045031,0,0.251387624302879,3.31888340119983
-2.37427545779768,0.928475050255656,0,1,2.0454023917759,1.68608333687298,0,78.3800500807875,0,-0.878344642836601,3.17094388230765
1.33644290722856,5.97496971162036,0,0,-0.306574450050466,-1.71579513698816,1,74.9987155824903,0,0.386190605000593,4.63654876702532
1.52176404770115,0.685364263132215,0,0,0.475663178942099,1.2242829377763,0,76.02945261671,1,0.439716831385158,1.81997250068882
-2.01646883544728,4.39905203785747,0,0,1.27313619175951,1.27469255384058,0,80.712573099513,0,0.673780990764499,3.67935099721577
4.09515454064436,3.52009639050812,1,0,-0.540231187555652,-1.97570916041732,0,75.3226674770489,0,-0.358546369802207,0.697454386226048
-3.40472403032258,-1.11462470935658,0,1,0.52162282867473,-0.580587301542983,0,79.0150824056705,0,-0.0426859010243789,0.499888828581
0.63557788389485,3.67480802722275,0,0,-1.80815235297352,-1.16254041828215,1,81.3464114632903,0,0.25340259517543,3.19332728226287
-1.10820307908959,-3.76570533821359,0,0,0.197211700198226,-1.36354344869033,0,75.4119612748063,1,-0.732597619504668,1.88306778698937
-2.15021272291939,-3.0593271702528,0,0,1.7812509075978,1.09673569737934,0,78.7940138368524,0,0.253031241218559,1.9841819533113
1.50475882973709,3.16005687136203,1,0,-1.99476422472155,-1.01040598293766,0,77.6426566015814,0,0.355799378128722,0.386809193609599
-0.248882862876316,5.42198757315055,0,1,0.0501297742260332,0.898645705450326,0,80.1407371267753,0,0.758532858709805,2.79332170956925
-2.08180115527971,-0.4788928325288,0,0,0.364370862301561,-1.51172473295592,1,77.0429665929114,0,0.44433482340537,3.55273947787757
2.66075108392234,5.60339759243652,0,0,0.547835287980913,0.294164345879107,0,80.1262271512697,1,-0.550640255818144,1.08891487536434
-1.10804992241355,-0.708687138743699,0,0,-0.320561877558061,-1.82875559516251,0,76.1459409165626,0,-0.429258014704101,12.9590453273563
3.99193671275409,4.87531857704744,1,0,-0.225585526998665,0.75861136559397,0,79.6162795400571,0,-0.415195451118052,7.1553284747515
0.280118227050157,-0.95988992229104,0,1,1.83697067685622,-0.235724143544212,0,76.3929783925412,0,-0.573231026600115,3.42399416896171
-4.01471347149683,-3.32457951596007,0,0,-0.501065934087677,-1.85375381698832,1,77.8651947501828,0,-0.260833829431795,2.74538871257271
0.785018433192414,0.00544526521116495,0,0,1.33768502388958,-1.24796003624797,0,77.3481348085964,1,0.57653082809411,4.56488097845174
-1.83003377955377,5.02420362224802,0,0,-0.241025152647474,-0.739065317623317,0,78.4164488027151,0,0.0398296397179364,0.0608542461512878
0.538049266136341,-0.080502443946898,1,0,0.359819535216325,-0.251937277102843,0,81.6851828924831,0,0.320941339340061,3.34235978647674
-2.92010222840006,2.55312071554363,0,1,0.287032062747182,-1.07381791779771,0,79.0576281908249,0,0.178832932189107,0.918876785868901
0.777771514328424,4.94279174273834,0,0,-1.06862719016687,0.4619812537916,1,81.474743621508,0,0.96337809660472,0.59061304127407
0.00398155020980528,-2.28117740573362,0,0,0.422719252820325,-1.98683620165102,0,78.5628837454818,1,0.821612279093824,0.949589045961018
0.737905838630306,-0.247895630076528,0,0,0.0484815193172102,1.5147489328403,0,76.0526924095829,0,-0.717784927994944,8.88192457362536
-0.362384408485229,0.637486424762756,1,0,0.496487376575785,0.982372080953791,0,77.1439393939812,0,0.676348075317219,1.03156839559656
-1.59461848896437,5.28510046098381,0,1,-0.00981075539311305,-1.48479480911046,0,74.7662234705681,0,0.708520765043795,0.482151414323641
-3.13163598863119,-3.8953888239339,0,0,0.472550371426895,-0.265991113008931,1,79.3336977556221,0,-0.453474908112548,1.75717250112405
2.64813478102591,-1.55011403933167,0,0,2.89336018899358,-1.41289435899816,0,77.9045021763626,1,-0.387961275456473,6.01587136388454
1.04704198009799,0.615772771649063,0,0,-0.4611057123957,1.66940260599367,0,77.9994249853697,0,-0.862146720453166,0.390050598573135
-0.778641210026472,4.86626360937953,1,0,0.580081186934059,0.184460193989799,0,76.4806937395138,0,-0.581213546101935,2.54267542519311
-2.06819122820873,-0.955840142909437,0,1,0.618326979424839,-1.7879957371857,0,76.8017464200976,0,-0.477029809495434,2.05094083633724
-0.00177501236046762,0.0578081621788442,0,0,0.810324049971671,1.38722404581495,1,78.2405456986152,0,-0.234031877643429,2.01640885219178
-0.206082157970433,5.78377380175516,0,0,-0.248082542136822,-1.29294357816689,0,80.6922583073351,1,-0.229940973967314,0.983872133558779
-2.15070241388679,3.72224696120247,0,0,-0.111541614485631,-1.6808247376699,0,77.3665913337738,0,-0.408953766454943,2.03739328859097
-1.2950692795357,-1.0173186599277,1,0,0.487256515951482,0.942130262032151,0,76.9954170055655,0,0.358643003925681,6.01592159342136
0.302701702110761,4.54122713441029,0,1,-0.135147181701179,-0.479833873175085,0,79.9446111865785,0,-0.876624327269383,1.91718570402374
1.54115897059157,-2.2898158300668,0,0,-1.19526217766114,1.57580184778199,1,78.9930123154884,0,0.0597832536790519,2.05362479094254
-1.27532254066681,3.66996276564896,0,0,-5.74849302841028,1.08716613361612,0,77.8929859157847,1,-0.880477249599062,2.08968097158992
-0.719865371091163,-3.26962163066491,0,0,2.04061400814981,-1.58336659264751,0,80.1203054587274,0,-0.294982762914151,2.33226358092117
0.684631116543356,2.36164002120495,1,0,-0.598106107964183,0.987545591639355,0,79.1956753571007,0,0.254374587722123,2.80459293438089
-3.15150010780805,5.77081048768014,0,1,0.77226853693811,1.34817455918528,0,79.3826991420459,0,-0.87986390015576,2.35624719936327
-3.39793974954266,2.51530427392572,0,0,0.239744589727182,0.426169516565278,1,76.151595390295,0,-0.144659677497111,0.423616455412579
2.02488161727022,4.96580154774711,0,0,0.937748052483482,-1.53096722569317,0,76.3466192754708,1,0.786093086143956,2.24145737001732
-3.74473332965257,-2.44131872756407,0,0,0.0518724434163233,-0.513909198017791,0,78.5551571522599,0,0.0899627923965454,2.26026108539049
-2.51334912984484,-1.59371060179546,1,0,3.0586228905495,1.36982428221963,0,83.2418650755781,0,0.771693570585921,0.882215792141059
-3.23148574368071,5.4129855139181,0,1,-0.467601529547144,-1.59469314734451,0,71.4973021444598,0,0.271187713555992,2.11625487164509
-1.8428360297468,0.299728211481124,0,0,0.262977950815,1.43489671028219,1,81.5378790914562,0,0.426111413049512,4.59487126458751
-3.37365297157564,3.28080155095086,0,0,1.40106847784697,-1.86068748426624,0,75.8354915054522,1,-0.786962985619903,1.14216589071065
-3.82575762982815,2.9858554401435,0,0,1.38578265265123,-1.68371579437517,0,77.200048620975,0,0.867757510649972,0.861796084244993
1.4025160414837,-0.968635164666921,1,0,1.07206970716229,0.639648043736815,0,75.3585700806553,0,-0.764647532906383,10.6092222497916
-2.40820073447323,4.40800054604188,0,1,-0.96381489264944,-1.6338214578107,0,79.7291653262663,0,0.731344306399114,0.411223761302747
1.77474360929826,0.911561028566211,0,0,-1.86159706902373,1.21751508447342,1,75.7473327301186,0,0.563804031745531,1.31413155322607
1.78734445435881,-2.91429948387668,0,0,-0.79770563452236,-1.14206193140708,0,75.51810765561,1,0.520442819944583,13.6913676707398
-3.32372365852529,2.57870060997084,0,0,-1.66091459607804,-1.18390580182895,0,78.0840949286396,0,0.237128643901087,4.68924939701318
3.03384383087831,4.5853647114709,1,0,0.926101088905892,-0.382683016452938,0,77.2995899121057,0,-0.364232657896355,3.23731500708599
-2.75921388600768,-3.3394128838554,0,1,-2.16431156960095,-1.21004781024531,0,74.9198821997549,0,-0.524859631923027,2.14124573869451
-2.14682820942713,-3.97129020048305,0,0,2.07759374371587,-1.73746619769372,1,78.4604961877632,0,-0.818895448488183,2.89743871699169
-1.44809301238464,-0.376949346158653,0,0,-0.0902291053024149,0.185075548291206,0,75.2135994749769,1,-0.812298173573799,1.70492016006386
-3.91264297281323,3.14196184184402,0,0,0.129689392219352,1.31707639289089,0,75.8739874998096,0,0.762693261774257,3.36242914474404
0.647692628258064,0.658386474475265,1,0,1.20208556891001,-0.876904099853709,0,74.2636195924203,0,-0.171275595529005,4.09939779707969
-4.61115868921897,2.98498490266502,0,1,-1.35316423033165,1.76186872511171,0,77.487453694137,0,-0.582083249744028,3.87734857674178
0.096177059629873,4.42483545187861,0,0,-2.79156386774223,0.937716328911483,1,76.2451822502109,0,-0.421034117718227,1.60170647683312
0.604137851562111,-0.530221931170672,0,0,0.605761258366219,1.77441271087155,0,76.5823799218549,1,0.837907095137052,6.69006437929388
-0.724900895684869,-1.08639151416719,0,0,-2.6255561785075,0.56472519217059,0,77.8393072056897,0,-0.741771910805255,8.23065488114125
-0.836842263333448,4.57375018065795,1,0,5.80021144670394,-1.09272228670307,0,78.4586033899158,0,0.0870455924654379,2.43800215621832
-4.65111688480081,3.27781297639012,0,1,-0.258752698544414,1.30979773164727,0,75.4119851041854,0,-0.0227651769993827,1.93544341016377
1.61281406535352,-3.52644282253459,0,0,-0.653379141014239,-0.457509581744671,1,78.0400044048863,0,0.713894271384924,2.66230333759639
0.979729547271205,-0.552356604952365,0,0,-1.59776932437399,-0.752771746832877,0,76.7673154209225,1,0.00691466499119986,0.210905940985232
-3.80041975428917,5.82925458112732,0,0,0.937146093730085,-1.09473153054714,0,74.7862493316502,0,0.405096198408864,2.08604799320318
-2.62441843302044,4.90925881452858,1,0,-1.02063315660269,-1.01446111458354,0,78.4926349938133,0,0.784630084293894,3.24907750558291
-4.08191216911532,-0.0807007201947272,0,1,0.327709777695469,0.652669697115198,0,75.5593893716879,0,-0.849241736810654,4.40951507770607
0.831107318594586,2.47507071262226,0,0,-0.335608732106831,-0.826993847405538,1,80.1390587036879,0,0.0435877493349834,2.32274138439727
-0.230194113332797,-3.16334585985169,0,0,1.26317352532965,-1.12795370332897,0,77.276480879495,1,-0.864117887476459,0.329438308202761
0.134795545527292,-2.81964652100578,0,0,-0.540862786488785,-1.82246948909014,0,77.063810255128,0,0.481778663326986,1.98136833649193
-1.14591157517858,-2.79433869384229,1,0,0.986370777106306,0.320298502966761,0,76.8957647111763,0,0.0869421485112979,5.57292702891999
-2.95293028650614,1.58327949140221,0,1,0.791116472510748,0.717604023544118,0,77.4344990176667,0,-0.0690863286610693,0.940875509264474
-2.15593970800505,0.135148213244975,0,0,0.356558661521764,-0.601631198218092,1,77.4676407222732,0,-0.323756824433804,1.76239050452156
0.686998926563872,5.18366733472794,0,0,2.44242571445442,-1.54473726181313,0,75.9638848623751,1,0.285166899464093,3.44793335004177
0.308427802267298,2.52241222560406,0,0,-0.827131797548098,0.326180575275794,0,78.981129076999,0,-0.0722809647675604,2.43510694642139
-2.1593087201341,-0.606533743906766,1,0,0.343627479921696,-1.60902006332763,0,77.3949202031189,0,0.790298291062936,4.24539191894796
0.570652786704013,4.34980515297502,0,1,-2.29732430447299,-0.306442682025954,0,80.41330745978,0,0.371615593577735,2.01013013991127
2.28071787890171,-0.110729279462248,0,0,-0.413872865862369,-1.68525485740975,1,77.144506077952,0,0.840259083895944,1.73425950569154
3.06525211174748,3.62817482696846,0,0,-1.88508027250038,1.10971012688242,0,79.2111723394899,1,-0.477533359336667,4.90072294151662
-3.44619929100014,-0.416054503060877,0,0,1.13075016738201,-0.474083007592708,0,79.1723760789713,0,0.579099888307974,3.04205087771853
2.39689159405252,3.35709832282737,1,0,-2.09501888202568,-0.832423250889406,0,81.3317354850644,0,-0.846188655984588,1.12845703620066
0.9997130916216,-0.0763695882633328,0,1,-0.854280653034528,0.343178893905133,0,78.7377239215863,0,0.649465444800444,8.53527984174751
0.963076756860211,3.58232451975346,0,0,0.73476561750122,-0.997445068089291,1,77.9868030459831,0,0.741588430595584,1.1390076821635
-0.188664139342209,5.54644917044789,0,0,1.52245787387314,1.4466202525422,0,73.7915938411832,1,-0.297001234767959,6.59581891308177
-1.51893149880049,0.192626983858645,0,0,3.11501570379759,-1.23546846699901,0,78.7897977999375,0,0.629914978076704,0.267727216455709
0.140180913015763,-3.62062461534515,1,0,2.28221439309904,0.674871076410636,0,78.1765018153698,0,-0.761084479349665,4.42405743299534
-4.27306467139548,1.64513352699578,0,1,-0.513413549433729,-0.515921143023297,0,77.6016196098501,0,-0.245306402468123,3.66854982177877
-1.422553729216,-0.229707729071379,0,0,0.052840484242457,1.45284255086444,1,75.8325950270787,0,0.564578008721582,1.09745455689702
0.699855886189889,4.78799194935709,0,0,-0.578800582728156,1.64235708783381,0,77.3609013165988,1,0.95604337232653,6.73355562673517
-2.52749984690075,1.33264924539253,0,0,-0.972365094566863,-1.58407339006662,0,80.8876241910919,0,0.0143347651697695,2.94946469531957
2.47234121832861,5.40031097037718,1,0,-1.32139764953164,-0.279455510014668,0,75.3506171986308,0,-0.87685319473967,1.13450279739277
-2.24920369837859,5.86047258134931,0,1,-0.744802193322879,0.230900233471766,0,79.9500219047903,0,-0.330914476211183,5.96616171828582
-3.23228576437204,3.04508754890412,0,0,-2.79352875377385,0.962625376135111,1,77.9101043365161,0,-0.769901939528063,3.68707533421752
0.055718651569433,5.07810835633427,0,0,-1.30556337834152,0.201149507891387,0,77.2693617020519,1,-0.549275184120052,5.11995271383024
-0.158611457554893,1.08478779811412,0,0,0.490017489794145,-0.506983843911439,0,76.7105432581754,0,0.650582490069792,5.08429669046949
1.97919501112401,5.38540923874825,1,0,1.49815532464702,-0.685459482623264,0,77.564591583377,0,-0.568779711634852,1.69685891821993
3.11584260628382,-1.17954757390544,0,1,-1.69884506737371,0.735421470925212,0,78.3587141187013,0,0.802346073999069,0.561274794850494
2.15323059561619,4.97224426968023,0,0,-0.285317529481269,-1.82976957117207,1,76.2939460336115,0,0.518064393778331,2.09224970560295
0.401151921888286,4.28397407429293,0,0,-0.0524528415920255,1.59108903063461,0,75.5032549464374,1,-0.535541202267632,4.32717850263775
-1.39921142597524,1.99030158016831,0,0,-0.972962969677834,-0.403309924760833,0,79.7192275958861,0,0.511703984532505,1.4320176725322
0.21641377920256,4.52451542392373,1,0,-1.22871903428814,1.46790993632749,0,80.3653243036972,0,0.816814520047046,2.52430656814901
-0.955507317932452,0.711460375692695,0,1,0.0489773893696543,-0.391951725864783,0,77.6236013027018,0,0.0650192653294652,3.87356157727864
-1.04766543700374,-3.49822558322921,0,0,1.48082305162512,1.50401472789235,1,81.9556228652608,0,-0.680659634899348,10.8768551288919
1.09908590114422,-1.36422969959676,0,0,-0.0959510497918875,0.908569774311036,0,77.6489896530928,1,-0.381397123611532,2.8075722840158
-0.684026346285076,1.0912763713859,0,0,-0.912866669229998,0.465034118294716,0,76.640008427442,0,0.22221890965011,1.75569321818495
1.76130520852927,-0.61101212259382,1,0,-0.00306902691784958,-0.609887824114412,0,75.3013377483251,0,-0.0753683940507472,0.827631010002452
-1.93759812244952,5.31770399212837,0,1,0.0894613431261084,-0.126562415482476,0,78.6317981138191,0,-0.839654903486371,8.03407419018168
-1.77531520523697,0.436662935186177,0,0,1.38801199922891,-1.55147344614379,1,78.4810414698447,0,-0.643838365352713,0.150565000538971
-0.718876245861144,1.104028317146,0,0,0.897836038967285,0.708700143452734,0,76.4030612557535,1,-0.0700503442436458,2.89600074014691
-0.396681185339454,4.99992975639179,0,0,-0.355242697451447,1.2898707523942,0,77.8914856659514,0,0.182413868000731,7.2492231446331
-0.644113495295726,-3.57423363812268,1,0,-0.434625161949407,0.458076315745711,0,77.5144909363091,0,-0.299922959785909,4.34297592271573
0.109867779235167,1.35892483312637,0,1,0.0804916729480362,-1.00617436361499,0,79.2336032495749,0,0.095164431259036,1.82596556998471
1.72029938910681,1.71079039014876,0,0,0.676409421392753,1.68528071944602,1,79.2899552010991,0,0.362704305863008,4.78912376749174
0.747178975851698,-1.06540219020098,0,0,-1.0456150809742,-1.45671921945177,0,79.3400124637781,1,-0.60091876424849,1.20632904726585
-1.03533553394333,3.97734803287312,0,0,2.24168767141317,1.68513912479393,0,76.1527655276238,0,0.678174766921438,2.37842968668958
-0.820273853478173,-1.59510181611404,1,0,-0.514340389882228,-1.87451588069089,0,77.1748135070201,0,0.302878032741137,1.41390228292099
-3.61972840185917,-3.77710302686319,0,1,-0.0962928186727088,-1.5095222432632,0,74.7971313319583,0,-0.138123518018983,6.38059772119059
-2.01274700396586,0.651954674627632,0,0,0.773637092540258,0.819420432811603,1,76.7388601583561,0,0.104958380316384,2.54588921259909
2.00977918373445,0.146299688145518,0,0,-0.0393259494534269,-1.9095295578707,0,77.9611920662269,1,-0.101723934011534,1.30090024631593
-3.11847174822693,1.34064826089889,0,0,1.75625669170606,1.08566814539954,0,81.0236348831139,0,-0.0653263632673771,4.16270907704976
-0.838623119453903,-3.71634824993089,1,0,-0.407985854668112,-1.70695713940077,0,79.4706829588281,0,-0.82611669478938,6.16509446155427
-1.90890049666885,4.75738109927624,0,1,-2.24757100658101,0.729021278163418,0,77.3421182163913,0,-0.343428040505387,1.95707355824841
-2.31877169689717,0.257959781680256,0,0,2.75164500544704,0.772714669117704,1,78.7393613761599,0,-0.273978367960081,2.24308049700476
-0.882618317558121,-3.94872033363208,0,0,0.850197644065382,1.20541224358603,0,79.7503568238713,1,0.711004813876934,5.53156463578293
-1.69111947368728,3.32470953371376,0,0,2.50827980138379,0.467363717406988,0,76.5690084403002,0,-0.163864449085668,3.75843296674178
0.483936868541455,2.32338221184909,1,0,0.919791758282808,-0.327217379165814,0,75.8332031054062,0,-0.664292508596554,0.178397420826865
-0.201055546565868,2.60480046877638,0,1,-3.21564591658205,-0.146812945744023,0,78.4513141444269,0,0.120612325682305,3.75475274416936
-3.76136795351422,-3.45814796956256,0,0,0.0735774075224389,-1.10872399532236,1,76.9498653851082,0,-0.396070727868937,2.21600434188009
3.70033153184297,1.94542464008555,0,0,1.07456823584317,-1.34925604062155,0,76.9427000922496,1,0.831058798893355,4.07285890850683
0.586788165524547,-3.39084317302331,0,0,-4.45498289651139,1.06693574483506,0,80.1658406885879,0,-0.439734389237128,1.56223297943992
0.0161971288287475,-0.388783941511065,1,0,0.713190402155977,-0.127813436323777,0,78.869383202178,0,0.581489324383437,0.190516243344193
-3.55522277496007,2.10408293548971,0,1,1.3689150730611,-0.727664180612192,0,75.1514332705232,0,-0.323945829202421,0.327827040320649
-0.83130224988269,-1.88324718363583,0,0,-0.20582902234346,-1.10163643262349,1,79.7249662082826,0,-0.472020229580812,3.86829490508959
-0.79265441163038,2.24384124530479,0,0,-1.34959686904091,-0.346211204910651,0,79.8407278888465,1,-0.596522969962098,7.05839835258932
0.0245792506528248,-1.30560606578365,0,0,0.135036528310126,-1.4911093654111,0,78.0349935222927,0,-0.616255746060051,5.48034526385419
-1.45394862983477,2.53269353788346,1,0,0.3946839486918,-0.112754247244448,0,76.4929811705086,0,0.26098373872228,5.29120507701496
-1.18795544184239,-2.59847946325317,0,1,2.26080502914886,1.1343751211185,0,78.6386618063035,0,0.912518594274297,4.00066303405332
-2.47363504345176,-3.49477147078142,0,0,0.510761620559979,1.37914210888557,1,79.7370746684843,0,-0.349944422137924,5.81527939182056
1.85393674640028,4.74596506590024,0,0,-1.95372397919026,-1.23050279356539,0,77.8968031112941,1,-0.126751646981575,6.64943965390047
-2.19426413120299,2.81791272712871,0,0,0.91582430406641,1.43289267411456,0,76.3479496046247,0,0.26622287267819,3.12494196402942
-0.00143105821399825,-3.0710930339992,1,0,0.701356086954637,1.45514937723055,0,80.5497527426723,0,0.606379308202304,6.29025244654307
-0.830585722279443,-0.957001851405948,0,1,-2.47841776719697,0.495541966240853,0,75.9954899271731,0,-0.629128538724035,0.62674448006666
-1.28259489132985,3.68157962942496,0,0,-2.05154966742178,-1.52425297535956,1,81.9653036092711,0,0.015366629185155,2.23963356425366
1.90678814876022,-2.28509550308809,0,0,1.71075485284505,-0.0268082213122398,0,81.1119049229832,1,-0.8433836577693,1.80382828996299
0.171403625396658,4.10120921116322,0,0,-0.018801549703668,1.13513030498289,0,74.6398873959107,0,-0.691085566370748,1.32919715081992
-2.02573944403713,3.06467648968101,1,0,-1.38877178653886,-1.32206583027728,0,74.9718895972285,0,0.678667569626123,5.07422943237302
-1.48471286571441,-1.09721839055419,0,1,-2.07793364814831,1.2318446865771,0,80.6876163094343,0,-0.636328938836232,1.66595967965325
1.85818195211756,3.77471028035507,0,0,-1.73853268638519,1.33729832959361,1,75.7741714350154,0,0.597174355667084,0.78085067090033
0.0791270804022357,2.25983747188002,0,0,0.159070770594038,1.63885261267424,0,78.7671405597907,1,0.500150458398275,4.26459168304084
-2.360859198424,2.65072203148156,0,0,1.06140897779027,-0.670981771405786,0,77.4375701856685,0,0.852905238233507,3.78110983162285
4.57617905233691,1.73105629067868,1,0,0.236494364187018,-0.557405284745619,0,84.3371072587703,0,-0.832063385727815,2.30054121869236
-0.320553514629829,-1.44252495467663,0,1,1.63093580998647,-0.303417834220454,0,76.5719336638541,0,0.549421776900999,9.40096098088441
-1.02383426575272,2.00312925642356,0,0,1.51327354964304,0.597480640001595,1,77.5978868244953,0,0.0747507187305018,1.12119234942312
0.90932093282497,0.869953917805105,0,0,-0.135248359637483,0.522139605646953,0,76.4118414379672,1,0.341239733155817,2.59971210094066
-0.237615251893734,-3.99798642704263,0,0,-2.45138156569668,0.246906513627618,0,79.6955990543422,0,0.59101262378972,1.47015849479246
1.23186520228696,1.76325202360749,1,0,-0.0489442034619077,-1.71096177268773,0,76.4247686048646,0,-0.5092098754365,0.289129427244981
-0.952001789968858,-2.78932216204703,0,1,-2.01516306454074,0.517321449425071,0,80.0472712275104,0,-0.239276914694347,3.14245369205236
-3.31272226544632,-1.8092773957178,0,0,-0.609946252954886,0.485855405824259,1,77.8996101010866,0,-0.831959940446541,4.65685838813835
0.417430809186897,4.95571867935359,0,0,0.915509573424542,-1.01675066254102,0,79.5434780224023,1,0.397423176444135,2.65810477080744
-2.49621620695252,5.56983126001433,0,0,0.213723227140711,-0.488201125478372,0,75.6829649077934,0,0.0448915675748139,0.646354466275125
1.17062559020882,-3.2855332698673,1,0,0.567081003621212,-0.969413633085787,0,76.4521539866061,0,-0.54791176780127,3.45048726189248
-2.44143164672899,3.30199039913714,0,1,0.604817440223687,1.71649297419935,0,76.7664354126812,0,-0.341193326655775,1.02635323761821
-0.361528335165276,1.17574225086719,0,0,0.260796803882074,1.50077131073922,1,79.8159820524594,0,0.703374668536708,3.99719350767366
1.51081573192827,-2.57761541148648,0,0,3.94409088253094,-1.98638812205754,0,80.0706967035304,1,0.596351723279804,2.08294252934578
-4.06066323611546,4.5917330137454,0,0,-0.0716452185364054,-0.38589850361459,0,78.7357642624211,0,0.415525226527825,3.78320489773689
-2.29980757097501,-3.54145815223455,1,0,0.548261618300837,1.46401113760658,0,77.1081823640924,0,0.761783957318403,1.51388265781599
0.609396182820975,2.79164037108421,0,1,-0.741306099576792,0.89518548049964,0,78.0607260598445,0,0.865441789384931,2.56681615517355
-1.04166941277663,-2.58190221944824,0,0,-0.438074071812155,-1.06229762178846,1,79.7018635514732,0,-0.000972270290367394,0.81867295432871
1.50675159753055,2.96136906044558,0,0,0.21694302763136,-1.5178035529796,0,83.0237437166551,1,-0.226180436136201,2.11913528371275
-0.030793651373537,4.28775552567095,0,0,0.512417303430705,1.32088394402526,0,80.5688343174104,0,0.0304956224514171,3.05872711097434
-0.873790589096697,5.08591397339478,1,0,-1.84993168762154,0.254724232200533,0,77.4525832766324,0,0.060702267452143,1.71607552424971
-4.5782937295071,5.44088462973014,0,1,2.45549099135133,-0.905953661259264,0,78.0565280822662,0,-0.185274793743156,3.8494366922139
-2.2410319938864,-2.14081018092111,0,0,0.0239884651182037,-0.542081681778654,1,77.8406206950241,0,0.46075514878612,4.96566134723587
0.0157562505601474,2.55252541182563,0,0,-0.751656668433909,-0.231421443773434,0,79.3658868998708,1,-0.425600627530366,5.11636839595442
-4.12054349980284,3.77169419219717,0,0,-0.398084162600962,1.33582758479752,0,79.0082723861353,0,0.779727577604353,0.206027005495884
-2.37355250648962,-2.36106041679159,1,0,0.919787050771879,-1.09118776777759,0,72.7280901504863,0,-0.29170507339295,0.485639897638478
-1.61430175158441,0.540808170568198,0,1,-0.462332051809085,0.902168991416692,0,77.4507284573778,0,-0.404364613955841,0.773591300324907
-0.900438676458131,5.75207249168307,0,0,3.5611467250136,-1.75783827668056,1,77.5278683445222,0,0.00594485248439003,5.5745600138155
2.46583978299183,5.59672800730914,0,0,-0.302270913281384,-0.777380431629717,0,80.8761286312537,1,0.0313205636106431,0.267169162310898
-4.63725960775303,3.79997111763805,0,0,1.08223955852024,0.275868232874199,0,79.9539674268326,0,0.821666630567051,3.43232099787756
-2.52345350975522,3.9788749688305,1,0,-0.488439701003668,1.03570565250702,0,76.687020623433,0,0.794699119171128,3.7330473080327
-0.902013657317316,1.75899658491835,0,1,2.96587805323355,-1.95395433716476,0,79.5131502580669,0,0.461741087306291,3.19707654541187
-1.98843468205194,1.50192743772641,0,0,0.281437805903557,0.68590598795563,1,81.3174641439529,0,-0.792707440699451,2.44764962469718
1.75169358832173,1.05778445629403,0,0,-0.0493241642221611,-1.88560586567037,0,75.5775854325093,1,0.508668965124525,0.261614890372995
-2.49533033352146,3.55717976950109,0,0,-0.917370476025727,-1.27767919814214,0,77.2783550570808,0,0.246867008577101,3.91791073915733
2.3936120787477,3.77124931570143,1,0,-0.015826091198017,1.367440622719,0,77.5622907709557,0,-0.473493851162493,2.5871444145147
-3.18336314362661,-0.77660190500319,0,1,-0.206425913203559,-0.394017760455609,0,78.5771505842102,0,0.424345416179858,0.888742462373353
-1.7804037206356,-0.500654418487102,0,0,-0.339260847577054,-1.49051107983105,1,75.0569519390438,0,0.632743011368439,4.66553379270423
1.74019724369587,1.19748229067773,0,0,0.783226999081988,-1.72103231297806,0,75.0037312434655,1,0.0279435566393658,0.219385776938324
0.138678957043875,-0.890762762632221,0,0,0.590026924266726,-0.801389595726505,0,78.9196663288143,0,0.439469732181169,3.03315132794722
-0.696481797359712,-1.29853259865195,1,0,-0.552472989098566,-0.91957277120091,0,79.4424224381869,0,0.583876301720738,4.45084562245003
-1.55866493566115,-2.81340133259073,0,1,-0.850637096978387,0.522857477562502,0,75.6251963237129,0,0.855335533246398,0.73158962171937
-1.97526913429554,-1.86895958008245,0,0,0.336438552865595,0.338897820236161,1,78.1324946418824,0,-0.378764215391129,0.246880641280321
1.40348226435578,5.69350894447416,0,0,-1.91319853913585,-0.555224730819464,0,77.3689329337487,1,0.364354062988423,0.749285466504809
-0.428974111298025,0.292467858176678,0,0,0.782088602722963,-1.40365736722015,0,76.1547694760147,0,0.991752295102924,0.239857491951909
1.83576981961323,5.17353778611869,1,0,1.248222154362,-0.103539600875229,0,79.7319409764724,0,-0.865941167902201,2.81860445932328
-1.26824531308145,-0.624746723100543,0,1,3.18987202272289,1.60379373682663,0,80.459121032638,0,-0.490734727540985,7.77015700727794
-2.92276229213977,1.32235791906714,0,0,1.82074458769152,0.95802176981233,1,77.4242986061954,0,0.260865062801167,1.88456183181398
0.869609261456675,5.5480651804246,0,0,1.35913457005179,0.30969743616879,0,77.3175566588991,1,0.223771449737251,0.0213779095914217
-2.53290122757346,0.0368230477906764,0,0,-1.95596209326704,-1.68735456052236,0,78.5952489535676,0,0.854310503974557,1.97236110337348
2.71033084215034,0.144886792637408,1,0,0.388616111717955,-0.601729505276307,0,77.2031858346343,0,0.0447662223596125,13.590975744868
-4.42273115699872,-0.781391978729516,0,1,-1.51106268848238,1.00547913499176,0,79.3861318298813,0,0.616581391869113,3.85104565565329
-4.24977629356855,3.83745685126632,0,0,-1.43405865138896,1.75659241811372,1,80.1331352480213,0,-0.438485478539951,5.89114874304012
0.49151205175111,5.04433655785397,0,0,-0.562155843470963,-0.170560031710193,0,80.437052699459,1,-0.247309512738139,8.3622687961935
-0.882381300320066,4.51192958652973,0,0,1.0012312392559,0.714202211983502,0,77.7444896399306,0,-0.0976900789886713,1.72359028228225
-1.64425147311947,3.25838332436979,1,0,0.0338076903238046,-1.56679390203208,0,76.7246882255602,0,-0.030902803153731,5.94082183631944
-0.991022905642906,-1.76080817449838,0,1,-0.287948597996918,-1.78644910505973,0,79.8482442420698,0,-0.340678038308397,1.05068118370286
-0.543215728482076,-2.99549490539357,0,0,0.532467892471408,0.485128561593592,1,77.5440931193052,0,0.135512082092464,3.53895398381543
0.422811805102202,4.50256983889267,0,0,-0.0356833646177748,-1.46814470319077,0,80.9062728978041,1,-0.492959096818231,3.40228948091972
-0.196378127360984,-1.83469859976321,0,0,0.566818504447628,-0.0826930632814766,0,74.5353969642415,0,-0.370750515745021,9.63381057134245
0.874787886802403,5.48672206606716,1,0,0.323017226793833,-0.251208489947021,0,79.9698492867164,0,-0.3130405517295,9.83841678917487
-1.56434126610904,1.60622847639024,0,1,0.298687940588975,-1.54554898072965,0,76.3656398963082,0,-0.628600166155957,0.784329541887367
-0.679693939043633,5.50261759804562,0,0,-0.0336426995696095,0.0347473768517372,1,78.6573157150032,0,-0.0497378252912314,3.15718522024194
3.36141601268888,1.52215990610421,0,0,1.31787920476934,-0.70868305908516,0,76.8686029508932,1,0.0144950865767896,4.68986603098501
-6.27078913309109,1.66872805822641,0,0,-3.16413058200681,0.439616986410692,0,76.3570926643724,0,0.456459787627682,2.26907430394267
1.89243943529331,5.60236391285434,1,0,-1.75912381318519,1.24759388216771,0,79.9390024857498,0,-0.224782883259468,9.97572426673097
-1.74375564635097,1.10423195781186,0,1,0.875993428608317,-0.187216169014573,0,81.3315745838349,0,-0.162916479888372,1.4094862660596
2.37434647408095,-3.52534860931337,0,0,0.514272884935962,-0.00985280452296156,1,78.6102744270162,0,0.334567323839292,10.7505695017092
2.37318438269514,-1.67324631568044,0,0,-1.76055178585367,-0.56627676859498,0,79.2748160636998,1,0.118424820224755,3.67091474584573
-3.83548302296315,-2.85896885534748,0,0,1.2420159656224,0.698882326763123,0,75.7006602911757,0,0.260799780604429,3.27897218873565
0.812225931320977,0.921627286821604,1,0,-1.23249412208675,-0.339531696308404,0,76.9137754422722,0,-0.373682313715108,3.52432362101094
-2.57718338023427,0.615710482466966,0,1,-0.963217462054175,1.38797979149967,0,79.8550283630142,0,-0.771579714678228,1.59363256690422
0.508747598005811,-1.74184585781768,0,0,0.213588889718585,0.0881297356449067,1,79.4680749129682,0,0.164951983885839,1.42168394023706
-1.72010848122414,5.92233494063839,0,0,-0.0533191018128919,0.70061687938869,0,80.107823829577,1,-0.285417082789354,0.501743084621545
-2.21376809499807,-0.53719658497721,0,0,0.256256947548476,1.02589380703866,0,76.503985883483,0,0.741250799573027,1.27977386824804
0.539959279399114,-1.687039130833,1,0,-0.346411000654963,-0.00375173552893115,0,77.4584761373518,0,0.332416120823473,2.04938964772235
-3.35652694719482,3.02039415948093,0,1,-0.24072716020953,1.19996907594614,0,79.9850841567244,0,-0.455955913825892,0.707200887638613
-0.214888109241352,-1.86343174288049,0,0,0.384761206853125,-0.759016546281055,1,78.0832015949882,0,0.521941937552765,2.04592260770815
0.211217432340665,-2.68477964773774,0,0,0.089591278846603,-1.0368376464583,0,80.5673315519491,1,0.624523311224766,5.09360207523201
-3.10492393933515,-1.37872872967273,0,0,1.84215547787956,-0.845827833935618,0,77.0767498911096,0,0.777898705517873,2.50715921371357
-3.7688738820344,5.17461210861802,1,0,-0.0195377343251932,0.964665996981784,0,80.8215603170243,0,0.266765821166337,0.473272878818212
-0.689089131510955,-2.66449319990352,0,1,6.95389765438598,-1.43476224350743,0,76.6066290408652,0,0.821531157544814,12.6575922897973
-3.59508244668467,-2.21784585248679,0,0,-0.103943419606026,-1.72046425775625,1,80.2094659824592,0,-0.12150905628223,2.69256178221011
2.92493288683631,4.81393434014171,0,0,1.51326575096923,-1.58817753633484,0,78.8960864311676,1,-0.256648300169036,1.19274139740898
-1.11056082706496,2.1257726047188,0,0,2.74686202178523,-0.669322132878005,0,75.9793656471576,0,-0.268717913143337,2.70994974029763
0.951563930714975,-1.72859902121127,1,0,0.801398899558251,-0.24115529707633,0,77.572094218381,0,-0.33608822489623,2.17899522094661
0.347891716239429,-2.79424008075148,0,1,-0.306588961581221,0.70790845984593,0,82.0488810078147,0,0.82110074874945,1.11110904686738
-2.25820268805466,-1.61709637008607,0,0,-1.85385196280479,1.15155648612417,1,77.5987489580825,0,0.202969951112755,3.76820778409208
1.24351863744574,4.78490155097097,0,0,1.48556424233231,-1.54207135438919,0,75.9480575844916,1,-0.800507270381786,6.91091284267683
-0.757691066461568,-3.43297872552648,0,0,0.123087630450345,0.0575462436769159,0,74.3738370032719,0,-0.329437060351484,1.08463848253096
-1.01930561045125,0.436884876340628,1,0,-1.24343541474728,0.75423936904408,0,79.3823547119014,0,0.914715996175073,4.32760945865738
-1.94086786798831,2.92604985786602,0,1,1.18113218572563,-0.60432725106366,0,82.5398426844718,0,0.246559844585135,8.82551309766564
-1.14305820500963,1.07765365066007,0,0,-1.36450549821486,0.438101472938433,1,78.8339391792157,0,0.106298780580982,0.872160557195638
-0.350493297761225,2.36832703836262,0,0,-0.85066552026878,-0.27086020288989,0,77.415996062289,1,0.970621986035258,1.26077093300879
-2.36362906679729,5.17888525640592,0,0,0.478859827762923,-0.915576333412901,0,78.8346888101905,0,0.663370377966203,8.06317341995144
0.674623155201115,-3.58273693686351,1,0,-2.01711237300248,1.09444058341905,0,78.4567323418988,0,-0.799100662022829,4.03922661881183
-2.19235225241381,3.53224883461371,0,1,-0.758176642935368,-1.66362575627863,0,76.0493434595992,0,0.432993506989442,2.95139900249244
-2.11408226744937,1.98127365345135,0,0,0.36828394718253,1.38763378183357,1,79.2685066018825,0,0.0785350719932466,1.85064360995584
3.74468333631841,5.58967516198754,0,0,-0.604339476550382,0.967029631789774,0,79.1932677494431,1,0.298804445075802,3.82083228784469
